"","NTD.ID","Agency.Name","Reporter.Type","Reporting.Module","Mode","TOS","Bio.Diesel","Bunker.Fuel","C.Natural.Gas","Diesel.Fuel","Electric.Battery","Electric.Propulsion","Ethanol","Methonal","Gasoline","Hydrogen","Kerosene","Liquified.Nat.Gas","Liquified.Petroleum.Gas","Renewable.Diesel","Passenger.Paid.Fares","Organization.Paid.Fares","Total.Fares"
"1",1,"King County","Full Reporter","Urban","DR","PT",0,0,0,17880,0,0,0,0,940728,0,0,0,292568,0,793856,23036,816892
"2",1,"King County","Full Reporter","Urban","FB","DO",208441,0,0,5591,0,0,0,0,0,0,0,0,0,0,712236,781044,1493280
"3",1,"King County","Full Reporter","Urban","MB","DO",396458,0,0,7006268,2411807,0,0,0,0,0,0,0,0,0,28801889,31584416,60386305
"4",1,"King County","Full Reporter","Urban","MB","PT",0,0,0,43135,0,0,0,0,126689,0,0,0,0,0,213363,128188,341551
"5",1,"King County","Full Reporter","Urban","SR","DO",0,0,0,0,0,2122439,0,0,0,0,0,0,0,0,294664,323131,617795
"6",1,"King County","Full Reporter","Urban","TB","DO",0,0,0,0,0,13113330,0,0,0,0,0,0,0,0,4923976,5399678,10323654
"7",1,"King County","Full Reporter","Urban","VP","DO",0,0,0,0,0,0,0,0,379932,0,0,0,0,0,3178494,3485565,6664059
"8",2,"Spokane Transit Authority","Full Reporter","Urban","DR","DO",0,0,0,30325,0,0,0,0,122502,0,0,0,0,0,426672,0,426672
"9",2,"Spokane Transit Authority","Full Reporter","Urban","DR","PT",0,0,0,101317,0,0,0,0,29858,0,0,0,0,0,59370,0,59370
"10",2,"Spokane Transit Authority","Full Reporter","Urban","MB","DO",0,0,0,1335531,1202138,0,0,0,0,0,0,0,0,0,4758619,1005681,5764300
"11",2,"Spokane Transit Authority","Full Reporter","Urban","VP","DO",0,0,0,0,0,0,0,0,56463,0,0,0,0,0,284041,0,284041
"12",3,"Pierce County Transportation Benefit Area Authority","Full Reporter","Urban","DR","DO",0,0,16539,0,0,0,0,0,30673,0,0,0,0,0,64780,0,64780
"13",3,"Pierce County Transportation Benefit Area Authority","Full Reporter","Urban","DR","PT",0,0,0,0,0,0,0,0,288887,0,0,0,0,0,322833,0,322833
"14",3,"Pierce County Transportation Benefit Area Authority","Full Reporter","Urban","MB","DO",0,0,1036567,996,265806,0,0,0,56,0,0,0,0,0,4177021,113454,4290475
"15",3,"Pierce County Transportation Benefit Area Authority","Full Reporter","Urban","VP","DO",0,0,0,0,0,0,0,0,204380,0,0,0,0,0,1599237,0,1599237
"16",5,"City of Everett","Full Reporter","Urban","DR","DO",0,0,0,0,0,0,0,0,68222,0,0,0,0,0,121136,0,121136
"17",5,"City of Everett","Full Reporter","Urban","MB","DO",0,0,0,220672,1043955,0,0,0,0,0,0,0,0,0,845469,123740,969209
"18",6,"City of Yakima","Full Reporter","Urban","CB","PT",0,0,0,19140,0,0,0,0,3337,0,0,0,0,0,204846,0,204846
"19",6,"City of Yakima","Full Reporter","Urban","DR","PT",0,0,0,0,0,0,0,0,33001,0,0,0,0,0,86441,0,86441
"20",6,"City of Yakima","Full Reporter","Urban","MB","DO",0,0,0,154538,0,0,0,0,0,0,0,0,0,0,295091,0,295091
"21",7,"Lane Transit District","Full Reporter","Urban","DR","PT",0,0,0,0,0,0,0,0,94756,0,0,0,0,0,282585,0,282585
"22",7,"Lane Transit District","Full Reporter","Urban","MB","DO",0,0,0,441921,920696,0,0,0,0,0,0,0,0,0,1351900,1110869,2462769
"23",7,"Lane Transit District","Full Reporter","Urban","MB","PT",0,0,0,8382,0,0,0,0,5806,0,0,0,0,0,23965,0,23965
"24",7,"Lane Transit District","Full Reporter","Urban","RB","DO",212371,0,0,0,0,0,0,0,0,0,0,0,0,0,1131785,809702,1941487
"25",7,"Lane Transit District","Full Reporter","Urban","VP","PT",0,0,0,0,0,0,0,0,4744,0,0,0,0,0,65230,0,65230
"26",8,"Tri-County Metropolitan Transportation District of Oregon","Full Reporter","Urban","DR","PT",443005,0,0,0,0,0,0,0,0,0,0,0,0,0,1140878,6079679,7220557
"27",8,"Tri-County Metropolitan Transportation District of Oregon","Full Reporter","Urban","LR","DO",0,0,0,0,0,51428218,0,0,0,0,0,0,0,0,15840922,3751865,19592787
"28",8,"Tri-County Metropolitan Transportation District of Oregon","Full Reporter","Urban","MB","DO",0,0,0,0,597269,0,0,0,0,0,0,0,0,4816970,23431625,5549696,28981321
"29",8,"Tri-County Metropolitan Transportation District of Oregon","Full Reporter","Urban","YR","PT",0,0,0,0,0,0,0,0,0,0,0,0,0,85729,59990,14208,74198
"30",11,"Valley Regional Transit","Full Reporter","Urban","DR","DO",0,0,0,0,0,0,0,0,3735,0,0,0,0,0,129,0,129
"31",11,"Valley Regional Transit","Full Reporter","Urban","DR","PT",0,0,45006,0,0,0,0,0,17638,0,0,0,0,0,87150,6560,93710
"32",11,"Valley Regional Transit","Full Reporter","Urban","MB","PT",0,0,384903,0,375953,0,0,0,0,0,0,0,0,0,537559,142895,680454
"33",12,"Municipality of Anchorage","Full Reporter","Urban","DR","PT",0,0,0,0,0,0,0,0,130655,0,0,0,0,0,322416,578831,901247
"34",12,"Municipality of Anchorage","Full Reporter","Urban","MB","DO",0,0,0,562482,0,0,0,0,29582,0,0,0,0,0,3160339,0,3160339
"35",12,"Municipality of Anchorage","Full Reporter","Urban","VP","PT",0,0,0,0,0,0,0,0,94553,0,0,0,0,0,1584494,0,1584494
"36",16,"City of Longview","Full Reporter","Urban","CB","DO",0,0,0,0,0,0,0,0,880,0,0,0,0,0,0,0,0
"37",16,"City of Longview","Full Reporter","Urban","DR","PT",0,0,0,0,0,0,0,0,9665,0,0,0,22719,0,18498,1950,20448
"38",16,"City of Longview","Full Reporter","Urban","MB","DO",71768,0,0,0,0,0,0,0,3766,0,0,0,0,0,67576,51001,118577
"39",18,"Ben Franklin Transit","Full Reporter","Urban","DR","DO",0,0,0,0,0,0,0,0,260236,0,0,0,0,0,134377,97307,231684
"40",18,"Ben Franklin Transit","Full Reporter","Urban","DR","PT",0,0,0,0,0,0,0,0,71771,0,0,0,0,0,14418,0,14418
"41",18,"Ben Franklin Transit","Full Reporter","Urban","MB","DO",0,0,0,691401,0,0,0,0,0,0,0,0,0,0,468272,173197,641469
"42",18,"Ben Franklin Transit","Full Reporter","Urban","VP","DO",0,0,0,0,0,0,0,0,116354,0,0,0,0,0,874814,27056,901870
"43",19,"Intercity Transit","Full Reporter","Urban","CB","DO",0,0,0,47506,0,0,0,0,0,0,0,0,0,0,0,0,0
"44",19,"Intercity Transit","Full Reporter","Urban","DR","DO",0,0,0,57720,0,0,0,0,23744,0,0,0,75626,0,0,0,0
"45",19,"Intercity Transit","Full Reporter","Urban","MB","DO",0,0,0,556132,0,0,0,0,0,0,0,0,0,0,0,0,0
"46",19,"Intercity Transit","Full Reporter","Urban","VP","DO",0,0,0,0,0,0,0,0,146336,0,0,0,0,0,466799,0,466799
"47",20,"Kitsap County Public Transportation Benefit Area Authority","Full Reporter","Urban","DR","DO",2098,0,0,19117,0,0,0,0,2892,0,0,0,228158,0,192498,0,192498
"48",20,"Kitsap County Public Transportation Benefit Area Authority","Full Reporter","Urban","FB","DO",0,0,0,1422008,0,0,0,0,0,0,0,0,0,0,4045190,0,4045190
"49",20,"Kitsap County Public Transportation Benefit Area Authority","Full Reporter","Urban","MB","DO",157870,0,0,331278,114159,0,0,0,0,0,0,0,8232,0,2080325,0,2080325
"50",20,"Kitsap County Public Transportation Benefit Area Authority","Full Reporter","Urban","VP","DO",0,0,0,0,0,0,0,0,33931,0,0,0,0,0,251318,0,251318
"51",21,"Whatcom Transportation Authority","Full Reporter","Urban","DR","DO",0,0,0,0,0,0,0,0,91010,0,0,0,107497,0,82695,0,82695
"52",21,"Whatcom Transportation Authority","Full Reporter","Urban","MB","DO",0,0,0,418590,132093,0,0,0,0,0,0,0,0,0,912161,604666,1516827
"53",21,"Whatcom Transportation Authority","Full Reporter","Urban","VP","DO",0,0,0,0,0,0,0,0,10131,0,0,0,0,0,63975,0,63975
"54",23,"City of Seattle","Full Reporter","Urban","MG","PT",0,0,0,0,0,505636,0,0,0,0,0,0,0,0,6214624,0,6214624
"55",24,"Clark County Public Transportation Benefit Area Authority","Full Reporter","Urban","DR","DO",0,0,0,167984,0,0,0,0,6189,0,0,0,0,0,204958,0,204958
"56",24,"Clark County Public Transportation Benefit Area Authority","Full Reporter","Urban","MB","DO",0,0,0,802468,202348,0,0,0,0,0,0,0,0,0,2554397,0,2554397
"57",24,"Clark County Public Transportation Benefit Area Authority","Full Reporter","Urban","VP","DO",0,0,0,0,0,0,0,0,10024,0,0,0,0,0,112278,0,112278
"58",25,"Salem Area Mass Transit District","Full Reporter","Urban","DR","PT",0,0,0,0,0,0,0,0,86646,0,0,0,0,0,198854,690794,889648
"59",25,"Salem Area Mass Transit District","Full Reporter","Urban","MB","DO",240935,0,364746,0,0,0,0,0,0,0,0,0,0,0,2146859,0,2146859
"60",25,"Salem Area Mass Transit District","Full Reporter","Urban","MB","PT",56761,0,0,0,0,0,0,0,19941,0,0,0,0,0,120797,0,120797
"61",25,"Salem Area Mass Transit District","Full Reporter","Urban","VP","PT",0,0,0,0,0,0,0,0,28243,0,0,0,0,0,561683,0,561683
"62",28,"County of Pierce","Full Reporter","Urban","FB","PT",0,0,0,178238,0,0,0,0,0,0,0,0,0,0,3131940,0,3131940
"63",29,"Snohomish County Public Transportation Benefit Area Corporation","Full Reporter","Urban","CB","DO",11595,0,0,220310,0,0,0,0,0,0,0,0,0,0,290754,571980,862734
"64",29,"Snohomish County Public Transportation Benefit Area Corporation","Full Reporter","Urban","CB","PT",0,0,0,375232,0,0,0,0,0,0,0,0,0,0,1885720,2528125,4413845
"65",29,"Snohomish County Public Transportation Benefit Area Corporation","Full Reporter","Urban","DR","PT",0,0,0,0,1343,0,0,0,200012,0,0,0,4273,0,293448,15733,309181
"66",29,"Snohomish County Public Transportation Benefit Area Corporation","Full Reporter","Urban","MB","DO",80345,0,0,1526558,0,0,0,0,0,0,0,0,0,0,3806337,1051270,4857607
"67",29,"Snohomish County Public Transportation Benefit Area Corporation","Full Reporter","Urban","VP","DO",0,0,0,0,0,0,0,0,123886,0,0,0,0,0,879729,868144,1747873
"68",34,"Rogue Valley Transportation District","Full Reporter","Urban","DR","PT",0,0,0,0,0,0,0,0,38312,0,0,0,0,0,82597,0,82597
"69",34,"Rogue Valley Transportation District","Full Reporter","Urban","MB","DO",0,0,249852,31697,0,0,0,0,0,0,0,0,0,0,905668,0,905668
"70",35,"Washington State Ferries","Full Reporter","Urban","FB","DO",1320226,0,0,14012522,0,0,0,0,0,0,0,0,0,0,58349652,0,58349652
"71",40,"Central Puget Sound Regional Transit Authority","Full Reporter","Urban","CB","DO",517602,0,355175,1181640,0,0,0,0,0,0,0,0,0,0,5201438,6737646,11939084
"72",40,"Central Puget Sound Regional Transit Authority","Full Reporter","Urban","CB","PT",0,0,0,621180,0,0,0,0,0,0,0,0,0,0,1161736,1479722,2641458
"73",40,"Central Puget Sound Regional Transit Authority","Full Reporter","Urban","CR","PT",0,0,0,1227003,0,0,0,0,0,0,0,0,0,0,1867032,3138306,5005338
"74",40,"Central Puget Sound Regional Transit Authority","Full Reporter","Urban","LR","DO",0,0,0,0,0,40633197,0,0,0,0,0,0,0,0,17033195,15668470,32701665
"75",40,"Central Puget Sound Regional Transit Authority","Full Reporter","Urban","SR","DO",0,0,0,0,0,641116,0,0,0,0,0,0,0,0,68375,62450,130825
"76",41,"Alaska Railroad Corporation","Full Reporter","Urban","AR","DO",0,0,0,973495,0,0,0,0,0,0,0,0,0,0,36125687,0,36125687
"77",43,"Chelan Douglas PTBA","Full Reporter","Urban","DR","DO",0,0,0,0,3761,0,0,0,54528,0,0,0,0,0,0,0,0
"78",43,"Chelan Douglas PTBA","Full Reporter","Urban","DR","PT",0,0,0,0,0,0,0,0,886,0,0,0,0,0,0,0,0
"79",43,"Chelan Douglas PTBA","Full Reporter","Urban","MB","DO",0,0,0,135184,1341349,0,0,0,82298,0,0,0,0,0,0,0,0
"80",43,"Chelan Douglas PTBA","Full Reporter","Urban","VP","DO",0,0,0,0,0,0,0,0,7147,0,0,0,0,0,14012,0,14012
"81",44,"Skagit Transit","Full Reporter","Urban","CB","DO",0,0,0,74965,0,0,0,0,0,0,0,0,0,0,77068,0,77068
"82",44,"Skagit Transit","Full Reporter","Urban","DR","DO",0,0,0,913,0,0,0,0,0,0,0,0,100477,0,101694,0,101694
"83",44,"Skagit Transit","Full Reporter","Urban","MB","DO",0,0,0,188048,0,0,0,0,0,0,0,0,0,0,231231,0,231231
"84",44,"Skagit Transit","Full Reporter","Urban","VP","DO",0,0,0,0,0,0,0,0,31415,0,0,0,0,0,305623,0,305623
"85",46,"City of Wilsonville","Full Reporter","Urban","DR","DO",0,0,7493,0,0,0,0,0,4604,0,0,0,0,0,0,0,0
"86",46,"City of Wilsonville","Full Reporter","Urban","MB","DO",0,0,22479,20153,204851,0,0,0,13812,0,0,0,0,0,53959,0,53959
"87",46,"City of Wilsonville","Full Reporter","Urban","VP","PT",0,0,0,0,0,0,0,0,330,0,0,0,0,0,5548,0,5548
"88",57,"Central Oregon Intergovernmental Council","Full Reporter","Urban","CB","DO",0,0,0,51658,0,0,0,0,11298,0,0,0,0,0,157550,0,157550
"89",57,"Central Oregon Intergovernmental Council","Full Reporter","Urban","DR","DO",0,0,0,0,0,0,0,0,21475,0,0,0,0,0,0,6402,6402
"90",57,"Central Oregon Intergovernmental Council","Full Reporter","Urban","DR","PT",0,0,0,0,0,0,0,0,20316,0,0,0,0,0,0,2998,2998
"91",57,"Central Oregon Intergovernmental Council","Full Reporter","Urban","MB","DO",0,0,0,0,0,0,0,0,4521,0,0,0,0,0,0,0,0
"92",57,"Central Oregon Intergovernmental Council","Full Reporter","Urban","MB","PT",0,0,0,39912,0,0,0,0,904,0,0,0,0,0,130010,0,130010
"93",58,"City of Portland","Full Reporter","Urban","SR","PT",0,0,0,0,0,2497870,0,0,0,0,0,0,0,0,576373,0,576373
"94",58,"City of Portland","Full Reporter","Urban","TR","PT",0,0,0,0,0,361200,0,0,0,0,0,0,0,0,633753,0,633753
"95",376,"Ride Connection, Inc.","Full Reporter","Urban","DR","DO",0,0,0,0,596,0,0,0,33048,0,0,0,0,0,0,0,0
"96",376,"Ride Connection, Inc.","Full Reporter","Urban","MB","DO",0,0,0,0,0,0,0,0,40471,0,0,0,0,0,34730,0,34730
"97",415,"Ada County Highway District","Full Reporter","Urban","VP","DO",0,0,0,0,0,0,0,0,93898,0,0,0,0,0,891204,88395,979599
"98",10001,"Rhode Island Public Transit Authority","Full Reporter","Urban","DR","DO",0,0,0,27386,0,0,0,0,257505,0,0,0,0,0,204614,242547,447161
"99",10001,"Rhode Island Public Transit Authority","Full Reporter","Urban","MB","DO",0,0,0,1911644,24340,0,0,0,0,0,0,0,0,0,9073722,5334302,14408024
"100",10001,"Rhode Island Public Transit Authority","Full Reporter","Urban","VP","PT",0,0,0,0,0,0,0,0,36655,0,0,0,0,0,512075,0,512075
"101",10003,"Massachusetts Bay Transportation Authority","Full Reporter","Urban","CR","PT",0,0,0,12940342,0,0,0,0,0,0,0,0,0,0,112639505,0,112639505
"102",10003,"Massachusetts Bay Transportation Authority","Full Reporter","Urban","DR","PT",0,0,0,0,0,0,0,0,1089105,0,0,0,0,0,3358860,0,3358860
"103",10003,"Massachusetts Bay Transportation Authority","Full Reporter","Urban","FB","PT",0,0,0,1272099,0,0,0,0,0,0,0,0,0,0,7127213,0,7127213
"104",10003,"Massachusetts Bay Transportation Authority","Full Reporter","Urban","HR","DO",0,0,0,0,0,135803120,0,0,0,0,0,0,0,0,128794748,0,128794748
"105",10003,"Massachusetts Bay Transportation Authority","Full Reporter","Urban","LR","DO",0,0,0,0,0,44642884,0,0,0,0,0,0,0,0,47726099,0,47726099
"106",10003,"Massachusetts Bay Transportation Authority","Full Reporter","Urban","MB","DO",0,0,1555699,4597888,0,0,0,0,0,0,0,0,0,0,70186983,0,70186983
"107",10003,"Massachusetts Bay Transportation Authority","Full Reporter","Urban","MB","PT",0,0,0,246927,0,0,0,0,9474,0,0,0,0,0,48387,0,48387
"108",10003,"Massachusetts Bay Transportation Authority","Full Reporter","Urban","RB","DO",0,0,0,349862,196542,1099315,0,0,0,0,0,0,0,0,6313581,0,6313581
"109",10004,"Brockton Area Transit Authority","Full Reporter","Urban","DR","PT",0,0,0,0,0,0,0,0,73279,0,0,0,0,0,117069,777349,894418
"110",10004,"Brockton Area Transit Authority","Full Reporter","Urban","MB","PT",0,0,0,250544,0,0,0,0,0,0,0,0,0,0,1761329,0,1761329
"111",10005,"Lowell Regional Transit Authority","Full Reporter","Urban","DR","PT",0,0,0,0,0,0,0,0,69631,0,0,0,0,0,124466,0,124466
"112",10005,"Lowell Regional Transit Authority","Full Reporter","Urban","MB","PT",0,0,0,176594,0,0,0,0,8229,0,0,0,0,0,782183,0,782183
"113",10006,"Southeastern Regional Transit Authority","Full Reporter","Urban","DR","PT",0,0,0,0,0,0,0,0,104804,0,0,0,0,0,196015,0,196015
"114",10006,"Southeastern Regional Transit Authority","Full Reporter","Urban","MB","PT",0,0,0,349633,0,0,0,0,0,0,0,0,0,0,1662215,0,1662215
"115",10007,"Berkshire Regional Transit Authority","Full Reporter","Urban","DR","PT",0,0,0,0,0,0,0,0,36534,0,0,0,0,0,75456,0,75456
"116",10007,"Berkshire Regional Transit Authority","Full Reporter","Urban","MB","PT",0,0,0,63484,0,0,0,0,73165,0,0,0,0,0,516295,22500,538795
"117",10008,"Pioneer Valley Transit Authority","Full Reporter","Urban","DR","PT",0,0,0,0,0,0,0,0,248650,0,0,0,0,0,506521,0,506521
"118",10008,"Pioneer Valley Transit Authority","Full Reporter","Urban","MB","PT",0,0,0,972038,403775,0,0,0,22757,0,0,0,0,0,4267907,1500358,5768265
"119",10013,"Merrimack Valley Regional Transit Authority","Full Reporter","Urban","DR","PT",0,0,0,0,0,0,0,0,123670,0,0,0,0,0,259,0,259
"120",10013,"Merrimack Valley Regional Transit Authority","Full Reporter","Urban","MB","PT",0,0,0,335518,0,0,0,0,0,0,0,0,0,0,0,0,0
"121",10014,"Worcester Regional Transit Authority","Full Reporter","Urban","DR","DO",0,0,0,0,0,0,0,0,39881,0,0,0,0,0,0,0,0
"122",10014,"Worcester Regional Transit Authority","Full Reporter","Urban","DR","PT",0,0,0,0,0,0,0,0,78300,0,0,0,0,0,49475,21000,70475
"123",10014,"Worcester Regional Transit Authority","Full Reporter","Urban","MB","DO",0,0,0,383374,0,0,0,0,21468,0,0,0,0,0,0,0,0
"124",10016,"Greater Portland Transit District","Full Reporter","Urban","MB","DO",0,0,62634,235530,74699,0,0,0,0,0,0,0,0,0,1217340,969741,2187081
"125",10017,"Greater Hartford Transit District","Full Reporter","Urban","DR","PT",0,0,0,18056,0,0,0,0,521599,0,0,0,0,0,1296640,0,1296640
"126",10040,"Southeast Area Transit District","Full Reporter","Urban","DR","DO",0,0,0,0,0,0,0,0,22808,0,0,0,0,0,12926,0,12926
"127",10040,"Southeast Area Transit District","Full Reporter","Urban","DR","PT",0,0,0,0,0,0,0,0,11835,0,0,0,0,0,4386,0,4386
"128",10040,"Southeast Area Transit District","Full Reporter","Urban","MB","DO",16606,0,0,187864,0,0,0,0,5351,0,0,0,0,0,293680,2561,296241
"129",10042,"Valley Transit District","Full Reporter","Urban","DR","DO",0,0,0,0,0,0,0,0,39997,0,0,0,0,0,17911,107010,124921
"130",10045,"Connecticut Department of Transportation - CTTransit New Britain -Dattco.","Full Reporter","Urban","CB","PT",0,0,0,195369,0,0,0,0,0,0,0,0,0,0,28807,0,28807
"131",10045,"Connecticut Department of Transportation - CTTransit New Britain -Dattco.","Full Reporter","Urban","MB","PT",0,0,0,54146,0,0,0,0,0,0,0,0,0,0,18663,0,18663
"132",10048,"Connecticut Department of Transportation - CTTRANSIT - Hartford Division","Full Reporter","Urban","MB","DO",0,0,0,2087610,0,0,0,0,0,0,0,0,0,0,2875750,0,2875750
"133",10048,"Connecticut Department of Transportation - CTTRANSIT - Hartford Division","Full Reporter","Urban","RB","DO",0,0,0,238128,0,0,0,0,0,0,0,0,0,0,216454,0,216454
"134",10049,"Greater New Haven Transit District","Full Reporter","Urban","DR","DO",0,0,0,0,0,0,0,0,263840,0,0,0,0,0,42383,0,42383
"135",10050,"Greater Bridgeport Transit Authority","Full Reporter","Urban","DR","PT",0,0,0,37963,0,0,0,0,1352,0,0,0,0,0,34025,19983,54008
"136",10050,"Greater Bridgeport Transit Authority","Full Reporter","Urban","MB","DO",0,0,0,481634,7067,0,0,0,0,0,0,0,0,0,739758,364358,1104116
"137",10051,"Housatonic Area Regional Transit","Full Reporter","Urban","DR","DO",0,0,0,0,0,0,0,0,69630,0,0,0,0,0,26687,20753,47440
"138",10051,"Housatonic Area Regional Transit","Full Reporter","Urban","MB","DO",0,0,0,138439,0,0,0,0,48491,0,0,0,0,0,176781,268155,444936
"139",10053,"Cape Ann Transportation Authority","Full Reporter","Urban","DR","PT",0,0,0,0,0,0,0,0,51843,0,0,0,0,0,42520,0,42520
"140",10053,"Cape Ann Transportation Authority","Full Reporter","Urban","MB","PT",0,0,0,39597,0,0,0,0,4274,0,0,0,0,0,96757,0,96757
"141",10055,"Connecticut Department of Transportation - CTTRANSIT New Haven Division","Full Reporter","Urban","MB","DO",0,0,0,1172593,788,0,0,0,0,0,0,0,0,0,1351064,0,1351064
"142",10056,"Connecticut Department of Transportation - CTTRANSIT Stamford Division","Full Reporter","Urban","MB","DO",0,0,0,406472,0,0,0,0,0,0,0,0,0,0,844906,0,844906
"143",10057,"Norwalk Transit District","Full Reporter","Urban","DR","DO",0,0,0,10488,0,0,0,0,117784,0,0,0,0,0,173199,0,173199
"144",10057,"Norwalk Transit District","Full Reporter","Urban","DR","PT",0,0,0,0,0,0,0,0,24978,0,0,0,0,0,69440,0,69440
"145",10057,"Norwalk Transit District","Full Reporter","Urban","MB","DO",0,0,0,191148,0,0,0,0,0,0,0,0,0,0,879135,0,879135
"146",10061,"Montachusett Regional Transit Authority","Full Reporter","Urban","DR","PT",0,0,0,0,0,0,0,0,242287,0,0,0,0,0,2182422,0,2182422
"147",10061,"Montachusett Regional Transit Authority","Full Reporter","Urban","MB","PT",0,0,0,74722,0,0,0,0,49034,0,0,0,0,0,241652,282949,524601
"148",10064,"Greater Attleboro-Taunton Regional Transit Authority","Full Reporter","Urban","DR","PT",0,0,0,0,0,0,0,0,226694,0,0,0,0,0,454652,150000,604652
"149",10064,"Greater Attleboro-Taunton Regional Transit Authority","Full Reporter","Urban","MB","PT",0,0,0,125825,50747,0,0,0,5850,0,0,0,0,0,412788,0,412788
"150",10066,"Green Mountain Transit Authority","Full Reporter","Urban","CB","DO",0,0,0,70929,0,0,0,0,15214,0,0,0,0,0,0,0,0
"151",10066,"Green Mountain Transit Authority","Full Reporter","Urban","DR","DO",0,0,0,0,0,0,0,0,53696,0,0,0,0,0,0,2013642,2013642
"152",10066,"Green Mountain Transit Authority","Full Reporter","Urban","DR","PT",0,0,0,0,0,0,0,0,93846,0,0,0,0,0,0,0,0
"153",10066,"Green Mountain Transit Authority","Full Reporter","Urban","MB","DO",0,0,0,292238,37876,0,0,0,39029,0,0,0,0,0,0,0,0
"154",10086,"Cooperative Alliance for Seacoast Transportation","Full Reporter","Urban","DR","DO",0,0,0,0,0,0,0,0,29613,0,0,0,0,0,50886,42489,93375
"155",10086,"Cooperative Alliance for Seacoast Transportation","Full Reporter","Urban","MB","DO",42400,0,0,52975,0,0,0,0,15259,0,0,0,0,0,277273,0,277273
"156",10087,"City of Nashua","Full Reporter","Urban","DR","PT",1035,0,0,0,0,0,0,0,17574,0,0,0,0,0,40064,0,40064
"157",10087,"City of Nashua","Full Reporter","Urban","MB","PT",14416,0,65272,0,0,0,0,0,5614,0,0,0,0,0,197574,12500,210074
"158",10088,"Casco Bay Island Transit District","Full Reporter","Urban","FB","DO",45162,0,0,260472,0,0,0,0,0,0,0,0,0,0,3076537,0,3076537
"159",10098,"Western Maine Transportation Services, Inc.","Full Reporter","Urban","CB","DO",0,0,0,19685,0,0,0,0,16425,0,0,0,0,0,53224,20677,73901
"160",10098,"Western Maine Transportation Services, Inc.","Full Reporter","Urban","DR","DO",0,0,0,0,0,0,0,0,39642,0,0,0,0,0,98235,6438,104673
"161",10098,"Western Maine Transportation Services, Inc.","Full Reporter","Urban","MB","DO",0,0,0,18090,0,0,0,0,1465,0,0,0,0,0,27755,0,27755
"162",10102,"Connecticut Department of Transportation","Full Reporter","Urban","CB","PT",0,0,0,204637,0,0,0,0,0,0,0,0,0,0,31946,47765,79711
"163",10102,"Connecticut Department of Transportation","Full Reporter","Urban","CR","DO",0,0,0,0,0,0,0,0,0,0,0,0,0,0,0,0,0
"164",10102,"Connecticut Department of Transportation","Full Reporter","Urban","CR","PT",0,0,0,198924,0,5991608,0,0,0,0,0,0,0,0,1261149,0,1261149
"165",10105,"Cape Cod Regional Transit Authority","Full Reporter","Urban","DR","PT",0,0,0,0,0,0,0,0,129366,0,0,0,0,0,478137,0,478137
"166",10105,"Cape Cod Regional Transit Authority","Full Reporter","Urban","MB","PT",7704,0,0,146384,0,0,0,0,102384,0,0,0,0,0,362653,0,362653
"167",10107,"Milford Transit District","Full Reporter","Urban","DR","DO",0,0,0,0,0,0,0,0,26525,0,0,0,0,0,9620,0,9620
"168",10107,"Milford Transit District","Full Reporter","Urban","MB","DO",0,0,0,54681,0,0,0,0,0,0,0,0,0,0,48311,0,48311
"169",10115,"Northern New England Passenger Rail Authority","Full Reporter","Urban","CR","PT",0,0,0,861435,0,0,0,0,0,0,0,0,0,0,10425888,0,10425888
"170",10118,"MetroWest Regional Transit Authority","Full Reporter","Urban","DR","PT",0,0,0,0,0,0,0,0,107245,0,0,0,0,0,30609,21000,51609
"171",10118,"MetroWest Regional Transit Authority","Full Reporter","Urban","MB","PT",0,0,131563,0,0,0,0,0,10719,0,0,0,0,0,60604,126244,186848
"172",10128,"Connecticut Department of Transportation- CTTransit Waterbury- NET","Full Reporter","Urban","DR","DO",0,0,0,0,0,0,0,0,105580,0,0,0,0,0,49248,0,49248
"173",10128,"Connecticut Department of Transportation- CTTransit Waterbury- NET","Full Reporter","Urban","MB","DO",0,0,0,295933,0,0,0,0,0,0,0,0,0,0,331780,0,331780
"174",10130,"Connecticut Department of Transportation -CTTRANSIT New Britain","Full Reporter","Urban","MB","PT",0,0,0,267709,0,0,0,0,0,0,0,0,0,0,144991,0,144991
"175",10183,"Woods Hole, Martha's Vineyard and Nantucket Steamship Authority","Full Reporter","Urban","FB","DO",0,0,0,3408775,0,0,0,0,0,0,0,0,0,0,34639516,0,34639516
"176",10183,"Woods Hole, Martha's Vineyard and Nantucket Steamship Authority","Full Reporter","Urban","MB","DO",0,0,0,45256,38740,0,0,0,9811,0,0,0,0,0,0,0,0
"177",11147,"Rhode Island Department of Transportation","Full Reporter","Urban","FB","PT",0,0,0,126643,0,0,0,0,0,0,0,0,0,0,412378,0,412378
"178",11239,"Hyannis Harbor Tours, Inc.","Full Reporter","Urban","FB","DO",0,0,0,1467081,0,0,0,0,0,0,0,0,0,0,30542402,0,30542402
"179",20002,"Capital District Transportation Authority","Full Reporter","Urban","CB","PT",0,0,0,56874,0,0,0,0,0,0,0,0,0,0,271517,0,271517
"180",20002,"Capital District Transportation Authority","Full Reporter","Urban","DR","DO",0,0,0,0,0,0,0,0,149813,0,0,0,0,0,211431,0,211431
"181",20002,"Capital District Transportation Authority","Full Reporter","Urban","DR","PT",0,0,0,0,0,0,0,0,256990,0,0,0,0,0,578095,0,578095
"182",20002,"Capital District Transportation Authority","Full Reporter","Urban","MB","DO",0,0,0,2070980,137732,0,0,0,7360,0,0,0,0,0,10683354,0,10683354
"183",20002,"Capital District Transportation Authority","Full Reporter","Urban","VP","PT",0,0,0,0,0,0,0,0,28589,0,0,0,0,0,550382,0,550382
"184",20003,"Broome County","Full Reporter","Urban","DR","DO",0,0,0,0,0,0,0,0,62386,0,0,0,0,0,126668,178035,304703
"185",20003,"Broome County","Full Reporter","Urban","MB","DO",0,0,0,252281,0,0,0,0,0,0,0,0,0,0,1377135,1173262,2550397
"186",20004,"Niagara Frontier Transportation Authority","Full Reporter","Urban","DR","DO",0,0,27370,11662,0,0,0,0,209136,0,0,0,0,0,607921,0,607921
"187",20004,"Niagara Frontier Transportation Authority","Full Reporter","Urban","LR","DO",0,0,0,0,0,8174000,0,0,0,0,0,0,0,0,1246497,1979334,3225831
"188",20004,"Niagara Frontier Transportation Authority","Full Reporter","Urban","MB","DO",0,0,968439,957405,9444,0,0,0,0,0,0,0,0,0,10589827,11216228,21806055
"189",20006,"City of Long Beach","Full Reporter","Urban","DR","DO",0,0,0,0,0,0,0,0,839,0,0,0,0,0,3902,0,3902
"190",20006,"City of Long Beach","Full Reporter","Urban","MB","DO",0,0,0,56169,0,0,0,0,0,0,0,0,0,0,206715,0,206715
"191",20008,"MTA New York City Transit","Full Reporter","Urban","CB","DO",0,0,0,3852142,0,0,0,0,0,0,0,0,0,0,51571661,0,51571661
"192",20008,"MTA New York City Transit","Full Reporter","Urban","DR","PT",0,0,0,19665,0,0,0,0,3823315,0,0,0,0,0,5138039,0,5138039
"193",20008,"MTA New York City Transit","Full Reporter","Urban","HR","DO",0,0,0,0,0,1546269600,0,0,0,0,0,0,0,0,2703907746,0,2703907746
"194",20008,"MTA New York City Transit","Full Reporter","Urban","MB","DO",0,0,4740687,24981101,638087,0,0,0,0,0,0,0,0,0,565695988,0,565695988
"195",20008,"MTA New York City Transit","Full Reporter","Urban","RB","DO",0,0,0,1085753,0,0,0,0,0,0,0,0,0,0,20380061,0,20380061
"196",20010,"Dutchess County","Full Reporter","Urban","DR","DO",0,0,0,42979,0,0,0,0,0,0,0,0,0,0,56335,0,56335
"197",20010,"Dutchess County","Full Reporter","Urban","MB","DO",0,0,0,258781,0,0,0,0,0,0,0,0,0,0,823302,0,823302
"198",20018,"Central New York Regional Transportation Authority","Full Reporter","Urban","DR","DO",0,0,0,0,0,0,0,0,115794,0,0,0,0,0,163336,158324,321660
"199",20018,"Central New York Regional Transportation Authority","Full Reporter","Urban","DR","PT",0,0,0,0,0,0,0,0,106345,0,0,0,0,0,185218,0,185218
"200",20018,"Central New York Regional Transportation Authority","Full Reporter","Urban","MB","DO",0,0,723405,318038,0,0,0,0,0,0,0,0,0,0,2791843,7123124,9914967
"201",20071,"Town of Huntington","Full Reporter","Urban","DR","DO",0,0,0,0,0,0,0,0,39946,0,0,0,0,0,126090,0,126090
"202",20071,"Town of Huntington","Full Reporter","Urban","MB","DO",0,0,0,12491,0,0,0,0,71942,0,0,0,0,0,57797,0,57797
"203",20072,"Suffolk County","Full Reporter","Urban","DR","PT",0,0,0,0,0,0,0,0,1171526,0,0,0,0,0,2147218,0,2147218
"204",20072,"Suffolk County","Full Reporter","Urban","MB","PT",0,0,0,1112119,0,0,0,0,225361,0,0,0,0,0,3691113,0,3691113
"205",20075,"Port Authority Transit Corporation","Full Reporter","Urban","HR","DO",0,0,0,0,0,37581452,0,0,0,0,0,0,0,0,12879663,0,12879663
"206",20076,"Westchester County","Full Reporter","Urban","DR","PT",0,0,0,0,0,0,0,0,287458,0,0,0,0,0,923270,0,923270
"207",20076,"Westchester County","Full Reporter","Urban","MB","PT",0,0,0,2078480,200800,0,0,0,0,0,0,0,0,0,25842101,0,25842101
"208",20078,"Metro-North Commuter Railroad Company, dba: MTA Metro-North Railroad","Full Reporter","Urban","CR","DO",0,0,0,6998370,0,405036564,0,0,0,0,0,0,0,0,558352169,0,558352169
"209",20078,"Metro-North Commuter Railroad Company, dba: MTA Metro-North Railroad","Full Reporter","Urban","FB","PT",0,0,0,201156,0,0,0,0,0,0,0,0,0,0,102690,0,102690
"210",20078,"Metro-North Commuter Railroad Company, dba: MTA Metro-North Railroad","Full Reporter","Urban","MB","PT",0,0,0,41929,0,0,0,0,0,0,0,0,0,0,280878,0,280878
"211",20080,"New Jersey Transit Corporation","Full Reporter","Urban","CR","DO",0,0,0,14099532,0,365911929,0,0,0,0,0,0,0,0,379678065,0,379678065
"212",20080,"New Jersey Transit Corporation","Full Reporter","Urban","DR","PT",0,0,0,0,0,0,0,0,1791397,0,0,0,0,0,2780608,0,2780608
"213",20080,"New Jersey Transit Corporation","Full Reporter","Urban","LR","DO",0,0,0,0,0,7935746,0,0,0,0,0,0,0,0,4137375,0,4137375
"214",20080,"New Jersey Transit Corporation","Full Reporter","Urban","LR","PT",0,0,0,0,0,28700562,0,0,0,0,0,0,0,0,7191546,0,7191546
"215",20080,"New Jersey Transit Corporation","Full Reporter","Urban","MB","DO",0,0,1366430,19893770,96478,0,0,0,0,0,0,0,0,0,299807518,0,299807518
"216",20080,"New Jersey Transit Corporation","Full Reporter","Urban","MB","PT",0,0,0,1645576,0,0,0,0,0,0,0,0,0,0,5906094,0,5906094
"217",20080,"New Jersey Transit Corporation","Full Reporter","Urban","VP","PT",0,0,0,0,0,0,0,0,53646,0,0,0,0,0,990534,0,990534
"218",20080,"New Jersey Transit Corporation","Full Reporter","Urban","YR","PT",0,0,0,550499,0,0,0,0,0,0,0,0,0,0,980435,0,980435
"219",20082,"New York City Department of Transportation","Full Reporter","Urban","FB","DO",0,0,0,4873850,0,0,0,0,0,0,0,0,0,0,0,0,0
"220",20084,"County of Rockland","Full Reporter","Urban","DR","DO",0,0,0,0,0,0,0,0,75953,0,0,0,0,0,0,0,0
"221",20084,"County of Rockland","Full Reporter","Urban","MB","PT",0,0,0,450480,0,0,0,0,13531,0,0,0,0,0,0,8250,8250
"222",20096,"Putnam County","Full Reporter","Urban","DR","PT",0,0,0,0,0,0,0,0,14937,0,0,0,0,0,37422,0,37422
"223",20096,"Putnam County","Full Reporter","Urban","MB","PT",0,0,0,0,0,0,0,0,53530,0,0,0,0,0,128741,0,128741
"224",20098,"Port Authority Trans-Hudson Corporation","Full Reporter","Urban","HR","DO",0,0,0,0,0,98060829,0,0,0,0,0,0,0,0,134086782,0,134086782
"225",20099,"Staten Island Rapid Transit Operating Authority","Full Reporter","Urban","HR","DO",0,0,0,0,0,24130949,0,0,0,0,0,0,0,0,3392049,0,3392049
"226",20100,"MTA Long Island Rail Road","Full Reporter","Urban","CR","DO",0,0,0,7085033,0,548190400,0,0,0,0,0,0,0,0,568950760,0,568950760
"227",20113,"Regional Transit Service","Full Reporter","Urban","DR","DO",0,0,0,1492,0,0,0,0,396377,0,0,0,0,0,350617,0,350617
"228",20113,"Regional Transit Service","Full Reporter","Urban","MB","DO",0,0,0,1072095,558979,0,0,0,0,0,0,0,0,0,15240695,0,15240695
"229",20113,"Regional Transit Service","Full Reporter","Urban","VP","PT",0,0,0,0,0,0,0,0,2403,0,0,0,0,0,45888,0,45888
"230",20122,"Academy Lines, Inc.","Full Reporter","Urban","CB","DO",737782,0,0,0,0,0,0,0,0,0,0,0,0,0,15884111,0,15884111
"231",20126,"Hudson Transit Lines, Inc.","Full Reporter","Urban","CB","DO",0,0,0,967558,0,0,0,0,0,0,0,0,0,0,22762223,0,22762223
"232",20128,"Suburban Transit Corporation","Full Reporter","Urban","CB","DO",0,0,0,269799,0,0,0,0,0,0,0,0,0,0,10141077,0,10141077
"233",20135,"Monsey New Square Trails Corporation","Full Reporter","Urban","CB","DO",0,0,0,283980,0,0,0,0,0,0,0,0,0,0,3416138,0,3416138
"234",20145,"Tompkins Consolidated Area Transit","Full Reporter","Urban","DR","PT",0,0,0,0,0,0,0,0,63430,0,0,0,0,0,85000,0,85000
"235",20145,"Tompkins Consolidated Area Transit","Full Reporter","Urban","MB","DO",0,0,0,258810,118142,0,0,0,6578,0,0,0,0,0,362964,3377789,3740753
"236",20149,"Rockland Coaches, Inc.","Full Reporter","Urban","CB","DO",0,0,0,299196,0,0,0,0,0,0,0,0,0,0,4035907,0,4035907
"237",20163,"Lakeland Bus Lines, Inc.","Full Reporter","Urban","CB","DO",0,0,0,324287,0,0,0,0,0,0,0,0,0,0,8289177,0,8289177
"238",20166,"Orange-Newark-Elizabeth, Inc.","Full Reporter","Urban","MB","DO",0,0,0,143674,0,0,0,0,0,0,0,0,0,0,3159283,0,3159283
"239",20169,"Trans-Bridge Lines, Inc.","Full Reporter","Urban","CB","DO",287206,0,0,0,0,0,0,0,0,0,0,0,0,0,14293278,0,14293278
"240",20175,"Private Transportation Corporation","Full Reporter","Urban","MB","PT",0,0,0,46016,0,0,0,0,0,0,0,0,0,0,955161,0,955161
"241",20177,"Adirondack Transit Lines, Inc.","Full Reporter","Urban","CB","DO",0,0,0,237870,0,0,0,0,0,0,0,0,0,0,8583815,0,8583815
"242",20178,"Ulster County","Full Reporter","Urban","DR","DO",0,0,0,0,44,0,0,0,14007,0,0,0,0,0,28025,6037,34062
"243",20178,"Ulster County","Full Reporter","Urban","MB","DO",64458,0,0,42972,95545,0,0,0,49837,0,0,0,0,0,420371,1332,421703
"244",20188,"MTA Bus Company","Full Reporter","Urban","MB","DO",0,0,2038747,9224121,0,0,0,0,0,0,0,0,0,0,178570855,0,178570855
"245",20190,"Port Imperial Ferry Corporation","Full Reporter","Urban","FB","DO",0,0,0,1627711,0,0,0,0,0,0,0,0,0,0,34100425,3933670,38034095
"246",20190,"Port Imperial Ferry Corporation","Full Reporter","Urban","MB","DO",0,0,0,112500,0,0,0,0,0,0,0,0,0,0,0,0,0
"247",20192,"Bergen County","Full Reporter","Urban","DR","DO",0,0,0,0,0,0,0,0,93018,0,0,0,0,0,0,0,0
"248",20192,"Bergen County","Full Reporter","Urban","MB","DO",0,0,0,0,0,0,0,0,9437,0,0,0,0,0,0,0,0
"249",20199,"County of Atlantic","Full Reporter","Urban","DR","DO",0,0,0,4318,0,0,0,0,83191,0,0,0,0,0,0,0,0
"250",20199,"County of Atlantic","Full Reporter","Urban","MB","PT",0,0,0,13007,0,0,0,0,0,0,0,0,0,0,0,0,0
"251",20204,"Senior Citizens United Community Services of Camden County, Inc.","Full Reporter","Urban","DR","DO",0,0,0,0,0,0,0,0,115863,0,0,0,0,0,52018,15384,67402
"252",20206,"County of Nassau","Full Reporter","Urban","DR","PT",0,0,0,16595,0,0,0,0,247853,0,0,0,0,0,1002368,0,1002368
"253",20206,"County of Nassau","Full Reporter","Urban","MB","PT",0,0,3406655,421,3785,0,0,0,0,0,0,0,0,0,30144240,0,30144240
"254",20209,"Somerset County","Full Reporter","Urban","DR","DO",0,0,0,181,0,0,0,0,101194,0,0,0,0,0,72967,0,72967
"255",20209,"Somerset County","Full Reporter","Urban","MB","DO",0,0,0,23541,0,0,0,0,61952,0,0,0,0,0,45829,0,45829
"256",20217,"Hampton Jitney, Inc.","Full Reporter","Urban","CB","DO",0,0,0,441108,0,0,0,0,0,0,0,0,0,0,21465286,0,21465286
"257",20223,"Cape May Lewes Ferry","Full Reporter","Urban","FB","DO",0,0,0,915117,0,0,0,0,0,0,0,0,0,0,5404748,0,5404748
"258",20226,"SeaStreak, LLC","Full Reporter","Urban","FB","DO",0,0,0,2956636,0,0,0,0,0,0,0,0,0,0,25186369,175834,25362203
"259",20230,"Barnegat Bay Decoy & Baymen's Museum","Full Reporter","Urban","FB","DO",0,0,0,0,0,0,0,0,1321,0,0,0,0,0,32633,0,32633
"260",22930,"New York City Economic Development Corporation","Full Reporter","Urban","FB","PT",0,0,0,4010558,0,0,0,0,0,0,0,0,0,0,19772375,0,19772375
"261",22930,"New York City Economic Development Corporation","Full Reporter","Urban","MB","PT",0,0,0,15641,0,0,0,0,0,0,0,0,0,0,0,0,0
"262",30001,"Kanawha Valley Regional Transportation Authority","Full Reporter","Urban","DR","DO",0,0,0,0,0,0,0,0,73567,0,0,0,0,0,76509,0,76509
"263",30001,"Kanawha Valley Regional Transportation Authority","Full Reporter","Urban","MB","DO",0,0,0,317155,0,0,0,0,41651,0,0,0,0,0,1093564,0,1093564
"264",30002,"The Tri-State Transit Authority","Full Reporter","Urban","DR","DO",0,0,0,0,0,0,0,0,45610,0,0,0,0,0,64636,376637,441273
"265",30002,"The Tri-State Transit Authority","Full Reporter","Urban","MB","DO",0,0,0,169122,0,0,0,0,0,0,0,0,0,0,841058,0,841058
"266",30006,"Greater Richmond Transit Company","Full Reporter","Urban","DR","PT",0,0,312073,0,0,0,0,0,0,0,0,0,0,0,0,0,0
"267",30006,"Greater Richmond Transit Company","Full Reporter","Urban","MB","DO",0,0,1331164,108330,0,0,0,0,0,0,0,0,0,0,0,869644,869644
"268",30006,"Greater Richmond Transit Company","Full Reporter","Urban","RB","DO",0,0,154863,0,0,0,0,0,0,0,0,0,0,0,0,468270,468270
"269",30006,"Greater Richmond Transit Company","Full Reporter","Urban","VP","PT",0,0,0,0,0,0,0,0,75265,0,0,0,0,0,888091,0,888091
"270",30007,"Greater Roanoke Transit Company","Full Reporter","Urban","DR","PT",0,0,0,0,0,0,0,0,145447,0,0,0,0,0,239396,0,239396
"271",30007,"Greater Roanoke Transit Company","Full Reporter","Urban","MB","DO",0,0,0,317394,0,0,0,0,11261,0,0,0,0,0,1505523,25070,1530593
"272",30008,"Greater Lynchburg Transit Company","Full Reporter","Urban","DR","DO",0,0,0,0,0,0,0,0,25845,0,0,0,0,0,38534,128,38662
"273",30008,"Greater Lynchburg Transit Company","Full Reporter","Urban","MB","DO",0,0,0,201130,0,0,0,0,0,0,0,0,0,0,473065,47256,520321
"274",30010,"Lehigh and Northampton Transportation Authority","Full Reporter","Urban","DR","PT",0,0,0,0,0,0,0,0,318682,0,0,0,0,0,393445,5379634,5773079
"275",30010,"Lehigh and Northampton Transportation Authority","Full Reporter","Urban","MB","DO",0,0,899658,173387,0,0,0,0,0,0,0,0,0,0,1317925,177201,1495126
"276",30010,"Lehigh and Northampton Transportation Authority","Full Reporter","Urban","MB","PT",0,0,0,0,0,0,0,0,6120,0,0,0,0,0,1799,0,1799
"277",30011,"Altoona Metro Transit","Full Reporter","Urban","DR","DO",0,0,0,0,0,0,0,0,284,0,0,0,0,0,172,0,172
"278",30011,"Altoona Metro Transit","Full Reporter","Urban","MB","DO",0,0,172917,4002,0,0,0,0,0,0,0,0,0,0,249164,432999,682163
"279",30012,"Cambria County Transit Authority","Full Reporter","Urban","DR","DO",0,0,46363,0,0,0,0,0,28596,0,0,0,0,0,18430,372860,391290
"280",30012,"Cambria County Transit Authority","Full Reporter","Urban","IP","DO",0,0,0,0,0,93624,0,0,0,0,0,0,0,0,0,0,0
"281",30012,"Cambria County Transit Authority","Full Reporter","Urban","MB","DO",0,0,118980,95426,0,0,0,0,10519,0,0,0,0,0,690687,3281,693968
"282",30013,"Erie Metropolitan Transit Authority","Full Reporter","Urban","DR","DO",0,0,0,6380,0,0,0,0,143996,0,0,0,0,0,99903,2454737,2554640
"283",30013,"Erie Metropolitan Transit Authority","Full Reporter","Urban","MB","DO",0,0,366425,106257,0,0,0,0,0,0,0,0,0,0,1078404,973097,2051501
"284",30015,"Luzerne County Transportation Authority","Full Reporter","Urban","DR","DO",0,0,0,0,0,0,0,0,140067,0,0,0,0,0,150722,253362,404084
"285",30015,"Luzerne County Transportation Authority","Full Reporter","Urban","MB","DO",0,0,263325,44751,0,0,0,0,0,0,0,0,0,0,747038,42622,789660
"286",30019,"Southeastern Pennsylvania Transportation Authority","Full Reporter","Urban","CR","DO",0,0,0,0,0,204899285,0,0,0,0,0,0,0,0,74014513,0,74014513
"287",30019,"Southeastern Pennsylvania Transportation Authority","Full Reporter","Urban","DR","PT",0,0,0,0,0,0,0,0,1032420,0,0,0,0,0,3225681,0,3225681
"288",30019,"Southeastern Pennsylvania Transportation Authority","Full Reporter","Urban","HR","DO",0,0,0,0,0,115833983,0,0,0,0,0,0,0,0,51017856,0,51017856
"289",30019,"Southeastern Pennsylvania Transportation Authority","Full Reporter","Urban","MB","DO",0,0,0,9475101,0,0,0,0,0,0,0,0,0,0,110008876,1334816,111343692
"290",30019,"Southeastern Pennsylvania Transportation Authority","Full Reporter","Urban","MB","PT",0,0,0,23580,0,0,0,0,0,0,0,0,0,0,28466,0,28466
"291",30019,"Southeastern Pennsylvania Transportation Authority","Full Reporter","Urban","SR","DO",0,0,0,0,0,21411071,0,0,0,0,0,0,0,0,13646744,0,13646744
"292",30019,"Southeastern Pennsylvania Transportation Authority","Full Reporter","Urban","TB","DO",0,0,0,0,0,6054170,0,0,0,0,0,0,0,0,2546755,0,2546755
"293",30022,"Pittsburgh Regional Transit","Full Reporter","Urban","DR","PT",0,0,0,0,0,0,0,0,942498,0,0,0,0,0,798415,8660672,9459087
"294",30022,"Pittsburgh Regional Transit","Full Reporter","Urban","IP","DO",0,0,0,0,0,171823,0,0,0,0,0,0,0,0,139419,50282,189701
"295",30022,"Pittsburgh Regional Transit","Full Reporter","Urban","LR","DO",0,0,0,0,0,25129142,0,0,0,0,0,0,0,0,2181515,815995,2997510
"296",30022,"Pittsburgh Regional Transit","Full Reporter","Urban","MB","DO",0,0,0,6385126,333421,0,0,0,0,0,0,0,0,0,30585290,18422288,49007578
"297",30023,"Beaver County Transit Authority","Full Reporter","Urban","DR","DO",0,0,0,0,0,0,0,0,71542,0,0,0,0,0,58941,714804,773745
"298",30023,"Beaver County Transit Authority","Full Reporter","Urban","MB","DO",0,0,129413,44413,0,0,0,0,0,0,0,0,0,0,597942,54130,652072
"299",30025,"County of Lackawanna Transit System","Full Reporter","Urban","DR","DO",0,0,45057,0,0,0,0,0,49127,0,0,0,0,0,54866,5338,60204
"300",30025,"County of Lackawanna Transit System","Full Reporter","Urban","DR","PT",0,0,0,0,0,0,0,0,9612,0,0,0,0,0,12228,0,12228
"301",30025,"County of Lackawanna Transit System","Full Reporter","Urban","MB","DO",0,0,125884,93729,0,0,0,0,0,0,0,0,0,0,1063752,0,1063752
"302",30025,"County of Lackawanna Transit System","Full Reporter","Urban","MB","PT",0,0,0,0,0,0,0,0,32399,0,0,0,0,0,15875,20717,36592
"303",30026,"River Valley Transit Authority","Full Reporter","Urban","DR","PT",0,0,0,0,0,0,0,0,8893,0,0,0,0,0,23589,0,23589
"304",30026,"River Valley Transit Authority","Full Reporter","Urban","MB","DO",0,0,212663,27475,0,0,0,0,1063,0,0,0,0,0,423004,188316,611320
"305",30030,"Washington Metropolitan Area Transit Authority","Full Reporter","Urban","DR","PT",0,0,0,0,0,0,0,0,1811999,0,0,0,0,0,4557908,0,4557908
"306",30030,"Washington Metropolitan Area Transit Authority","Full Reporter","Urban","HR","DO",0,0,0,0,0,499328277,0,0,0,0,0,0,0,0,231416666,0,231416666
"307",30030,"Washington Metropolitan Area Transit Authority","Full Reporter","Urban","MB","DO",0,0,4121831,7881289,0,0,0,0,0,0,0,0,0,0,55635201,0,55635201
"308",30034,"Maryland Transit Administration","Full Reporter","Urban","CB","PT",0,0,0,263459,0,0,0,0,0,0,0,0,0,0,7020573,0,7020573
"309",30034,"Maryland Transit Administration","Full Reporter","Urban","CR","PT",0,0,0,3765982,0,20636077,0,0,0,0,0,0,0,0,21334830,0,21334830
"310",30034,"Maryland Transit Administration","Full Reporter","Urban","DR","DO",0,0,0,0,0,0,0,0,48956,0,0,0,0,0,1416,0,1416
"311",30034,"Maryland Transit Administration","Full Reporter","Urban","DR","PT",0,0,0,0,0,0,0,0,1829263,0,0,0,0,0,113356,0,113356
"312",30034,"Maryland Transit Administration","Full Reporter","Urban","HR","DO",0,0,0,0,0,46777982,0,0,0,0,0,0,0,0,1254665,0,1254665
"313",30034,"Maryland Transit Administration","Full Reporter","Urban","LR","DO",0,0,0,0,0,24878007,0,0,0,0,0,0,0,0,2453871,0,2453871
"314",30034,"Maryland Transit Administration","Full Reporter","Urban","MB","DO",0,0,0,6345423,0,0,0,0,0,0,0,0,0,0,32678889,0,32678889
"315",30035,"Ohio Valley Regional Transportation Authority","Full Reporter","Urban","DR","DO",0,0,0,0,0,0,0,0,9735,0,0,0,0,0,9351,0,9351
"316",30035,"Ohio Valley Regional Transportation Authority","Full Reporter","Urban","MB","DO",0,0,0,92206,0,0,0,0,17175,0,0,0,0,0,300865,0,300865
"317",30044,"Westmoreland County Transit Authority","Full Reporter","Urban","DR","DO",0,0,0,0,0,0,0,0,221127,0,0,0,0,0,232590,65755,298345
"318",30044,"Westmoreland County Transit Authority","Full Reporter","Urban","MB","DO",0,0,175264,81750,0,0,0,0,0,0,0,0,0,0,379464,0,379464
"319",30045,"JAUNT, Inc.","Full Reporter","Urban","CB","DO",0,0,0,0,0,0,0,0,33420,0,0,0,0,0,0,0,0
"320",30045,"JAUNT, Inc.","Full Reporter","Urban","DR","DO",0,0,0,0,187,0,0,0,197171,0,0,0,0,0,0,230377,230377
"321",30051,"Montgomery County, Maryland","Full Reporter","Urban","DR","DO",0,0,0,22930,0,0,0,0,0,0,0,0,0,0,42840,0,42840
"322",30051,"Montgomery County, Maryland","Full Reporter","Urban","MB","DO",0,0,1268686,2341306,178,0,0,0,0,0,0,0,0,0,3563574,0,3563574
"323",30054,"Centre Area Transportation Authority","Full Reporter","Urban","DR","PT",0,0,0,0,0,0,0,0,46300,0,0,0,0,0,190330,157237,347567
"324",30054,"Centre Area Transportation Authority","Full Reporter","Urban","MB","DO",0,0,506163,0,0,0,0,0,0,0,0,0,0,0,2716792,3749984,6466776
"325",30054,"Centre Area Transportation Authority","Full Reporter","Urban","VP","DO",0,0,0,0,0,0,0,0,10405,0,0,0,0,0,55057,0,55057
"326",30054,"Centre Area Transportation Authority","Full Reporter","Urban","VP","PT",0,0,0,0,0,0,0,0,8971,0,0,0,0,0,61249,0,61249
"327",30057,"Pennsylvania Department of Transportation","Full Reporter","Urban","CR","PT",0,0,0,0,0,14204836,0,0,0,0,0,0,0,0,21643516,0,21643516
"328",30058,"City of Fairfax","Full Reporter","Urban","MB","DO",0,0,0,104272,0,0,0,0,0,0,0,0,0,0,0,750000,750000
"329",30061,"Mid Mon Valley Transit Authority","Full Reporter","Urban","MB","PT",0,0,193812,35011,0,0,0,0,0,0,0,0,0,0,288345,99498,387843
"330",30068,"Fairfax County, VA","Full Reporter","Urban","MB","PT",0,0,0,2539112,0,0,0,0,0,0,0,0,0,0,8123934,0,8123934
"331",30070,"Potomac and Rappahannock Transportation Commission","Full Reporter","Urban","CB","PT",832298,0,0,0,0,0,0,0,0,0,0,0,0,0,3770932,0,3770932
"332",30070,"Potomac and Rappahannock Transportation Commission","Full Reporter","Urban","DR","PT",0,0,0,0,0,0,0,0,4304,0,0,0,0,0,0,0,0
"333",30070,"Potomac and Rappahannock Transportation Commission","Full Reporter","Urban","MB","PT",0,0,0,437298,0,0,0,0,0,0,0,0,0,0,2787,0,2787
"334",30070,"Potomac and Rappahannock Transportation Commission","Full Reporter","Urban","VP","PT",0,0,0,0,0,0,0,0,319931,0,0,0,0,0,5643141,0,5643141
"335",30071,"City of Alexandria","Full Reporter","Urban","DR","PT",0,0,0,0,0,0,0,0,32054,0,0,0,0,0,40861,0,40861
"336",30071,"City of Alexandria","Full Reporter","Urban","MB","DO",0,0,0,626033,891492,0,0,0,0,0,0,0,0,0,75988,0,75988
"337",30072,"Frederick County, Maryland","Full Reporter","Urban","DR","DO",0,0,0,2175,0,0,0,0,69357,0,0,0,0,0,0,0,0
"338",30072,"Frederick County, Maryland","Full Reporter","Urban","MB","DO",0,0,0,101747,225306,0,0,0,34609,0,0,0,0,0,16830,0,16830
"339",30073,"Virginia Railway Express","Full Reporter","Urban","CR","PT",0,0,0,1665975,0,0,0,0,0,0,0,0,0,0,13940102,0,13940102
"340",30075,"Delaware Transit Corporation","Full Reporter","Urban","DR","DO",0,0,0,0,0,0,0,0,3192,0,0,0,1393449,0,2228129,1425829,3653958
"341",30075,"Delaware Transit Corporation","Full Reporter","Urban","DR","PT",0,0,0,0,0,0,0,0,0,0,0,0,110480,0,159220,55971,215191
"342",30075,"Delaware Transit Corporation","Full Reporter","Urban","MB","DO",42104,0,0,1596913,369243,0,0,0,0,0,0,0,0,0,6768339,157880,6926219
"343",30075,"Delaware Transit Corporation","Full Reporter","Urban","MB","PT",0,0,0,153126,243283,0,0,0,0,0,0,0,37726,0,617188,0,617188
"344",30076,"Williamsburg Area Transit Authority","Full Reporter","Urban","DR","DO",0,0,0,0,0,0,0,0,19855,0,0,0,0,0,53602,0,53602
"345",30076,"Williamsburg Area Transit Authority","Full Reporter","Urban","MB","DO",0,0,0,149953,0,0,0,0,2416,0,0,0,0,0,419965,258159,678124
"346",30077,"Borough of Pottstown","Full Reporter","Urban","DR","PT",0,0,0,0,0,0,0,0,3259,0,0,0,0,0,20256,0,20256
"347",30077,"Borough of Pottstown","Full Reporter","Urban","MB","PT",0,0,0,55929,0,0,0,0,0,0,0,0,0,0,226193,0,226193
"348",30078,"Southwestern Pennsylvania Commission","Full Reporter","Urban","VP","PT",0,0,0,0,0,0,0,0,8487,0,0,0,0,0,152545,0,152545
"349",30080,"Arlington County, Virginia","Full Reporter","Urban","DR","PT",0,0,0,0,0,0,0,0,26666,0,0,0,0,0,103382,0,103382
"350",30080,"Arlington County, Virginia","Full Reporter","Urban","MB","PT",0,0,649430,0,0,0,0,0,0,0,0,0,0,0,2439837,0,2439837
"351",30081,"Loudoun County","Full Reporter","Urban","CB","PT",0,0,0,216900,0,0,0,0,0,0,0,0,0,0,1623805,0,1623805
"352",30081,"Loudoun County","Full Reporter","Urban","DR","PT",0,0,0,0,0,0,0,0,14148,0,0,0,0,0,27796,0,27796
"353",30081,"Loudoun County","Full Reporter","Urban","MB","PT",0,0,0,85644,0,0,0,0,238605,0,0,0,0,0,245681,0,245681
"354",30083,"Transportation District Commission of Hampton Roads","Full Reporter","Urban","DR","PT",0,0,0,0,0,0,0,0,387375,0,0,0,0,0,768821,0,768821
"355",30083,"Transportation District Commission of Hampton Roads","Full Reporter","Urban","FB","PT",0,0,0,29635,0,0,0,0,0,0,0,0,0,0,269040,0,269040
"356",30083,"Transportation District Commission of Hampton Roads","Full Reporter","Urban","LR","DO",0,0,0,0,0,3185411,0,0,0,0,0,0,0,0,835990,0,835990
"357",30083,"Transportation District Commission of Hampton Roads","Full Reporter","Urban","MB","DO",0,0,0,2106037,1547280,0,0,0,0,0,0,0,0,0,6523268,0,6523268
"358",30083,"Transportation District Commission of Hampton Roads","Full Reporter","Urban","VP","PT",0,0,0,0,0,0,0,0,15783,0,0,0,0,0,201441,0,201441
"359",30085,"Prince George's County, Maryland","Full Reporter","Urban","DR","DO",0,0,0,0,0,0,0,0,64165,0,0,0,17622,0,0,0,0
"360",30085,"Prince George's County, Maryland","Full Reporter","Urban","MB","PT",0,0,0,880267,8469,0,0,0,5561,0,0,0,0,0,128872,0,128872
"361",30087,"County of Fayette","Full Reporter","Urban","DR","DO",0,0,0,0,0,0,0,0,124295,0,0,0,0,0,46355,655067,701422
"362",30087,"County of Fayette","Full Reporter","Urban","MB","DO",0,0,32917,4270,0,0,0,0,11426,0,0,0,0,0,64962,60165,125127
"363",30088,"County Commissioners of Charles County, MD","Full Reporter","Urban","DR","PT",0,0,0,0,0,0,0,0,65469,0,0,0,0,0,0,0,0
"364",30088,"County Commissioners of Charles County, MD","Full Reporter","Urban","MB","PT",0,0,0,0,0,0,0,0,213772,0,0,0,0,0,0,0,0
"365",30091,"Town of Blacksburg","Full Reporter","Urban","DR","DO",0,0,0,9174,0,0,0,0,19228,0,0,0,0,0,0,0,0
"366",30091,"Town of Blacksburg","Full Reporter","Urban","MB","DO",0,0,0,202286,182528,0,0,0,3777,0,0,0,0,0,0,0,0
"367",30094,"City of Harrisonburg","Full Reporter","Urban","DR","DO",0,0,0,0,0,0,0,0,31875,0,0,0,0,0,0,277603,277603
"368",30094,"City of Harrisonburg","Full Reporter","Urban","MB","DO",0,0,0,152508,0,0,0,0,796,0,0,0,0,0,0,1979823,1979823
"369",30095,"County of Lebanon Transit Authority","Full Reporter","Urban","DR","DO",0,0,0,0,0,0,0,0,38240,0,0,0,0,0,95863,676938,772801
"370",30095,"County of Lebanon Transit Authority","Full Reporter","Urban","MB","DO",0,0,57030,38536,0,0,0,0,0,0,0,0,0,0,221046,32426,253472
"371",30096,"The Tri-County Council for the Lower Eastern Shore of Maryland","Full Reporter","Urban","DR","DO",0,0,0,0,0,0,0,0,36547,0,0,0,88694,0,177818,21868,199686
"372",30096,"The Tri-County Council for the Lower Eastern Shore of Maryland","Full Reporter","Urban","MB","DO",0,0,0,1087,0,0,0,0,64155,0,0,0,114305,0,217333,26727,244060
"373",30107,"West Virginia University","Full Reporter","Urban","MG","DO",0,0,0,0,0,968750,0,0,0,0,0,0,0,0,0,97621,97621
"374",30111,"Washington County Transportation Authority","Full Reporter","Urban","DR","PT",0,0,0,0,0,0,0,0,172213,0,0,0,0,0,184376,955181,1139557
"375",30111,"Washington County Transportation Authority","Full Reporter","Urban","MB","PT",0,0,0,52800,0,0,0,0,10948,0,0,0,0,0,109728,160,109888
"376",30112,"District Department of Transportation","Full Reporter","Urban","MB","PT",0,0,0,384336,1146187,0,0,0,0,0,0,0,0,0,717756,0,717756
"377",30112,"District Department of Transportation","Full Reporter","Urban","SR","PT",0,0,0,0,0,1558727,0,0,0,0,0,0,0,0,0,0,0
"378",30129,"Anne Arundel County","Full Reporter","Urban","DR","PT",0,0,0,0,0,0,0,0,134824,0,0,0,0,0,0,0,0
"379",30129,"Anne Arundel County","Full Reporter","Urban","MB","PT",0,0,0,0,0,0,0,0,116057,0,0,0,0,0,0,0,0
"380",30201,"City of Baltimore","Full Reporter","Urban","FB","PT",0,0,0,11815,0,0,0,0,0,0,0,0,0,0,0,0,0
"381",30201,"City of Baltimore","Full Reporter","Urban","MB","PT",0,0,0,115268,0,0,0,0,0,0,0,0,0,0,0,0,0
"382",30202,"South Central Transit Authority","Full Reporter","Urban","DR","DO",0,0,0,0,0,0,0,0,99930,0,0,0,0,0,111267,699396,810663
"383",30202,"South Central Transit Authority","Full Reporter","Urban","DR","PT",0,0,0,0,0,0,0,0,294672,0,0,0,0,0,308752,1428384,1737136
"384",30202,"South Central Transit Authority","Full Reporter","Urban","MB","DO",600420,0,0,0,0,0,0,0,0,0,0,0,0,0,3143573,344881,3488454
"385",30205,"Transit Management of Central Maryland, Inc.","Full Reporter","Urban","DR","DO",0,0,0,0,0,0,0,0,139333,0,0,0,0,0,225445,0,225445
"386",30205,"Transit Management of Central Maryland, Inc.","Full Reporter","Urban","MB","DO",0,0,0,221699,39786,0,0,0,37196,0,0,0,0,0,310046,0,310046
"387",30206,"Susquehanna Regional Transportation Authority","Full Reporter","Urban","CB","DO",0,0,2131,8520,0,0,0,0,0,0,0,0,0,0,7103,0,7103
"388",30206,"Susquehanna Regional Transportation Authority","Full Reporter","Urban","CB","PT",0,0,12062,48534,0,0,0,0,0,0,0,0,0,0,71284,0,71284
"389",30206,"Susquehanna Regional Transportation Authority","Full Reporter","Urban","DR","DO",0,0,0,25,0,0,0,0,939408,0,0,0,0,0,219940,8023602,8243542
"390",30206,"Susquehanna Regional Transportation Authority","Full Reporter","Urban","DR","PT",0,0,0,0,0,0,0,0,455489,0,0,0,0,0,443148,7763412,8206560
"391",30206,"Susquehanna Regional Transportation Authority","Full Reporter","Urban","MB","DO",0,0,19421,0,0,0,0,0,28720,0,0,0,0,0,25620,51719,77339
"392",30206,"Susquehanna Regional Transportation Authority","Full Reporter","Urban","MB","PT",0,0,196507,362002,0,0,0,0,72456,0,0,0,0,0,3088550,301240,3389790
"393",40001,"Chattanooga Area Regional Transportation Authority","Full Reporter","Urban","DR","DO",0,0,0,0,0,0,0,0,72566,0,0,0,0,0,122425,0,122425
"394",40001,"Chattanooga Area Regional Transportation Authority","Full Reporter","Urban","IP","DO",0,0,0,0,0,102880,0,0,0,0,0,0,0,0,3396017,0,3396017
"395",40001,"Chattanooga Area Regional Transportation Authority","Full Reporter","Urban","MB","DO",0,0,0,311691,469720,0,0,0,61814,0,0,0,0,0,1473665,0,1473665
"396",40002,"City of Knoxville","Full Reporter","Urban","DR","DO",0,0,0,0,0,0,0,0,86438,0,0,0,0,0,124514,0,124514
"397",40002,"City of Knoxville","Full Reporter","Urban","MB","DO",0,0,0,474097,689098,0,0,0,7642,0,0,0,0,0,920742,292648,1213390
"398",40003,"City of Memphis","Full Reporter","Urban","DR","DO",0,0,0,76800,0,0,0,0,135502,0,0,0,0,0,154277,0,154277
"399",40003,"City of Memphis","Full Reporter","Urban","MB","DO",0,0,0,1097255,85,0,0,0,9246,0,0,0,0,0,1631635,0,1631635
"400",40003,"City of Memphis","Full Reporter","Urban","SR","DO",0,0,0,0,0,632100,0,0,0,0,0,0,0,0,128704,0,128704
"401",40004,"Metropolitan Transit Authority","Full Reporter","Urban","DR","DO",0,0,0,0,0,0,0,0,453599,0,0,0,0,0,587476,41412,628888
"402",40004,"Metropolitan Transit Authority","Full Reporter","Urban","MB","DO",0,0,0,1595490,25311,0,0,0,50400,0,0,0,0,0,5875062,1007543,6882605
"403",40005,"City of Asheville","Full Reporter","Urban","MB","PT",0,0,0,223785,380763,0,0,0,0,0,0,0,0,0,591426,0,591426
"404",40006,"Cape Fear Public Transportation Authority","Full Reporter","Urban","DR","DO",0,0,0,0,0,0,0,0,66111,0,0,0,0,0,80455,446858,527313
"405",40006,"Cape Fear Public Transportation Authority","Full Reporter","Urban","MB","PT",0,0,249824,26077,0,0,0,0,0,0,0,0,0,0,482958,849344,1332302
"406",40007,"City of Raleigh","Full Reporter","Urban","MB","PT",355220,0,909666,0,71968,0,0,0,0,0,0,0,0,0,0,0,0
"407",40008,"City of Charlotte North Carolina","Full Reporter","Urban","CB","PT",0,0,0,200282,56836,0,0,0,0,0,0,0,0,0,668630,68204,736834
"408",40008,"City of Charlotte North Carolina","Full Reporter","Urban","DR","DO",0,0,0,179871,0,0,0,0,0,0,0,0,0,0,666777,0,666777
"409",40008,"City of Charlotte North Carolina","Full Reporter","Urban","LR","DO",0,0,0,0,0,11980088,0,0,0,0,0,0,0,0,5131452,1534576,6666028
"410",40008,"City of Charlotte North Carolina","Full Reporter","Urban","MB","PT",0,0,0,2312668,656290,0,0,0,0,0,0,0,0,0,6108295,270768,6379063
"411",40008,"City of Charlotte North Carolina","Full Reporter","Urban","SR","DO",0,0,0,0,0,1483914,0,0,0,0,0,0,0,0,0,0,0
"412",40008,"City of Charlotte North Carolina","Full Reporter","Urban","VP","DO",0,0,0,0,0,0,0,0,43254,0,0,0,0,0,208692,0,208692
"413",40009,"City of Fayetteville","Full Reporter","Urban","DR","DO",0,0,0,0,0,0,0,0,47287,0,0,0,38701,0,7683,0,7683
"414",40009,"City of Fayetteville","Full Reporter","Urban","DR","PT",0,0,0,0,0,0,0,0,4009,0,0,0,0,0,0,0,0
"415",40009,"City of Fayetteville","Full Reporter","Urban","MB","DO",0,0,0,242162,0,0,0,0,1787,0,0,0,158,0,7518,0,7518
"416",40012,"City of Winston Salem","Full Reporter","Urban","DR","DO",0,0,0,0,0,0,0,0,169586,0,0,0,0,0,116698,382775,499473
"417",40012,"City of Winston Salem","Full Reporter","Urban","MB","DO",0,0,0,386574,0,0,0,0,5217,0,0,0,0,0,876294,0,876294
"418",40014,"Ms Coast Transportation Authority","Full Reporter","Urban","DR","DO",0,0,0,32467,0,0,0,0,33793,0,0,0,10906,0,21721,515335,537056
"419",40014,"Ms Coast Transportation Authority","Full Reporter","Urban","MB","DO",0,0,0,125819,152,0,0,0,8619,0,0,0,7986,0,604223,0,604223
"420",40014,"Ms Coast Transportation Authority","Full Reporter","Urban","VP","PT",0,0,0,0,0,0,0,0,33427,0,0,0,0,0,447354,0,447354
"421",40015,"City of Jackson, MS","Full Reporter","Urban","DR","PT",0,0,0,285,0,0,0,0,55867,0,0,0,0,0,28574,2208,30782
"422",40015,"City of Jackson, MS","Full Reporter","Urban","MB","PT",0,0,0,118478,0,0,0,0,0,0,0,0,0,0,262252,13695,275947
"423",40017,"Lexington Transit Authority","Full Reporter","Urban","DR","PT",0,0,0,0,0,0,0,0,153493,0,0,0,0,0,226164,0,226164
"424",40017,"Lexington Transit Authority","Full Reporter","Urban","MB","DO",0,0,309927,331007,960,0,0,0,0,0,0,0,0,0,1165812,2461363,3627175
"425",40017,"Lexington Transit Authority","Full Reporter","Urban","VP","PT",0,0,0,0,0,0,0,0,13385,0,0,0,0,0,182909,0,182909
"426",40018,"Transit Authority of River City","Full Reporter","Urban","DR","PT",0,0,0,0,0,0,0,0,310354,0,0,0,0,0,663076,0,663076
"427",40018,"Transit Authority of River City","Full Reporter","Urban","MB","DO",1425558,0,0,0,61846,0,0,0,0,0,0,0,0,0,5867183,788378,6655561
"428",40018,"Transit Authority of River City","Full Reporter","Urban","MB","PT",0,0,0,0,0,0,0,0,4133,0,0,0,0,0,327,7545,7872
"429",40019,"Transit Authority of Northern Kentucky","Full Reporter","Urban","DR","DO",0,0,0,6388,0,0,0,0,123685,0,0,0,0,0,200063,122977,323040
"430",40019,"Transit Authority of Northern Kentucky","Full Reporter","Urban","MB","DO",0,0,0,651441,0,0,0,0,0,0,0,0,0,0,2283145,274034,2557179
"431",40021,"City of Albany","Full Reporter","Urban","DR","DO",0,0,13256,0,0,0,0,0,984,0,0,0,0,0,25252,0,25252
"432",40021,"City of Albany","Full Reporter","Urban","MB","DO",0,0,124607,0,0,0,0,0,0,0,0,0,0,0,181601,209489,391090
"433",40022,"Metropolitan Atlanta Rapid Transit Authority","Full Reporter","Urban","DR","PT",0,0,0,0,0,0,0,0,1586664,0,0,0,0,0,723554,0,723554
"434",40022,"Metropolitan Atlanta Rapid Transit Authority","Full Reporter","Urban","HR","DO",0,0,0,0,0,77059623,0,0,0,0,0,0,0,0,43621639,0,43621639
"435",40022,"Metropolitan Atlanta Rapid Transit Authority","Full Reporter","Urban","MB","DO",0,0,4914819,1367428,83498,0,0,0,0,0,0,0,0,0,27889245,0,27889245
"436",40022,"Metropolitan Atlanta Rapid Transit Authority","Full Reporter","Urban","SR","DO",0,0,0,0,0,440489,0,0,0,0,0,0,0,0,36662,0,36662
"437",40023,"Augusta Richmond County Transit Department","Full Reporter","Urban","DR","PT",0,0,0,7085,0,0,0,0,9323,0,0,0,0,0,42317,0,42317
"438",40023,"Augusta Richmond County Transit Department","Full Reporter","Urban","MB","PT",0,0,0,127180,0,0,0,0,0,0,0,0,0,0,316755,0,316755
"439",40025,"Chatham Area Transit Authority","Full Reporter","Urban","DR","DO",0,0,0,0,0,0,0,0,97576,0,0,0,0,0,96556,0,96556
"440",40025,"Chatham Area Transit Authority","Full Reporter","Urban","DR","PT",0,0,0,0,0,0,0,0,0,0,0,0,0,0,2386,0,2386
"441",40025,"Chatham Area Transit Authority","Full Reporter","Urban","FB","DO",0,0,0,46593,0,0,0,0,0,0,0,0,0,0,0,801760,801760
"442",40025,"Chatham Area Transit Authority","Full Reporter","Urban","MB","DO",313302,0,0,0,138100,0,0,0,0,0,0,0,0,0,1265486,1441684,2707170
"443",40026,"Manatee County Board of County Commissioners","Full Reporter","Urban","DR","DO",0,0,0,42706,0,0,0,0,61804,0,0,0,0,0,8015,84116,92131
"444",40026,"Manatee County Board of County Commissioners","Full Reporter","Urban","MB","DO",0,0,0,262606,0,0,0,0,0,0,0,0,0,0,98397,0,98397
"445",40027,"Pinellas Suncoast Transit Authority","Full Reporter","Urban","DR","PT",0,0,0,0,0,0,0,0,131809,0,0,0,0,0,490849,0,490849
"446",40027,"Pinellas Suncoast Transit Authority","Full Reporter","Urban","MB","DO",0,0,0,2192972,328743,0,0,0,0,0,0,0,0,0,6359311,0,6359311
"447",40027,"Pinellas Suncoast Transit Authority","Full Reporter","Urban","MB","PT",0,0,0,39497,0,0,0,0,48751,0,0,0,0,0,179960,0,179960
"448",40027,"Pinellas Suncoast Transit Authority","Full Reporter","Urban","RB","DO",0,0,0,68844,0,0,0,0,0,0,0,0,0,0,0,0,0
"449",40028,"Lee County","Full Reporter","Urban","DR","DO",0,0,0,19045,0,0,0,0,136912,0,0,0,251121,0,814350,0,814350
"450",40028,"Lee County","Full Reporter","Urban","MB","DO",0,0,0,524608,0,0,0,0,10029,0,0,0,0,0,1660437,0,1660437
"451",40029,"Broward County Board of County Commissioners","Full Reporter","Urban","DR","PT",0,0,0,0,0,0,0,0,740535,0,0,0,724362,0,636296,0,636296
"452",40029,"Broward County Board of County Commissioners","Full Reporter","Urban","MB","DO",0,0,0,3978503,397683,0,0,0,0,0,0,0,0,0,24475268,0,24475268
"453",40029,"Broward County Board of County Commissioners","Full Reporter","Urban","MB","PT",0,0,0,0,0,0,0,0,0,0,0,0,73741,0,56120,0,56120
"454",40030,"City of Gainesville, FL","Full Reporter","Urban","DR","PT",0,0,0,0,0,0,0,0,79322,0,0,0,0,0,133209,0,133209
"455",40030,"City of Gainesville, FL","Full Reporter","Urban","MB","DO",0,0,0,736614,89083,0,0,0,22250,0,0,0,0,0,332056,14906793,15238849
"456",40030,"City of Gainesville, FL","Full Reporter","Urban","VP","PT",0,0,0,0,0,0,0,0,9440,0,0,0,0,0,71952,0,71952
"457",40031,"Lakeland Area Mass Transit District","Full Reporter","Urban","DR","DO",0,0,0,3735,0,0,0,0,122443,0,0,0,0,0,158172,70273,228445
"458",40031,"Lakeland Area Mass Transit District","Full Reporter","Urban","DR","PT",0,0,0,0,0,0,0,0,5988,0,0,0,0,0,3849,0,3849
"459",40031,"Lakeland Area Mass Transit District","Full Reporter","Urban","MB","DO",0,0,0,254113,0,0,0,0,744,0,0,0,0,0,261931,273916,535847
"460",40031,"Lakeland Area Mass Transit District","Full Reporter","Urban","MB","PT",0,0,0,0,0,0,0,0,52565,0,0,0,0,0,29579,0,29579
"461",40032,"County of Volusia","Full Reporter","Urban","DR","DO",0,0,0,0,0,0,0,0,257495,0,0,0,12063,0,388034,0,388034
"462",40032,"County of Volusia","Full Reporter","Urban","DR","PT",0,0,0,0,0,0,0,0,40633,0,0,0,0,0,88635,0,88635
"463",40032,"County of Volusia","Full Reporter","Urban","MB","DO",0,0,0,579842,0,0,0,0,0,0,0,0,0,0,1889382,0,1889382
"464",40032,"County of Volusia","Full Reporter","Urban","VP","PT",0,0,0,0,0,0,0,0,8826,0,0,0,0,0,91584,0,91584
"465",40034,"County of Miami-Dade","Full Reporter","Urban","CB","PT",0,0,0,237067,0,0,0,0,0,0,0,0,0,0,187545,0,187545
"466",40034,"County of Miami-Dade","Full Reporter","Urban","DR","PT",0,0,0,0,0,0,0,0,1054817,0,0,0,0,0,4984522,0,4984522
"467",40034,"County of Miami-Dade","Full Reporter","Urban","HR","DO",0,0,0,0,0,64091351,0,0,0,0,0,0,0,0,7965108,6286388,14251496
"468",40034,"County of Miami-Dade","Full Reporter","Urban","MB","DO",0,0,6450609,1015883,2857902,0,0,0,0,0,0,0,0,0,40686210,17426162,58112372
"469",40034,"County of Miami-Dade","Full Reporter","Urban","MB","PT",0,0,0,129822,0,0,0,0,233907,0,0,0,0,0,940066,0,940066
"470",40034,"County of Miami-Dade","Full Reporter","Urban","MG","DO",0,0,0,0,0,6602012,0,0,0,0,0,0,0,0,0,0,0
"471",40034,"County of Miami-Dade","Full Reporter","Urban","VP","PT",0,0,0,0,0,0,0,0,149546,0,0,0,0,0,2606935,0,2606935
"472",40035,"Central Florida Regional Transportation Authority","Full Reporter","Urban","DR","PT",0,0,0,0,0,0,0,0,1089215,0,0,0,0,0,2487365,0,2487365
"473",40035,"Central Florida Regional Transportation Authority","Full Reporter","Urban","MB","DO",0,0,2913232,1370610,0,0,0,0,46527,0,0,0,0,0,17691740,163909,17855649
"474",40035,"Central Florida Regional Transportation Authority","Full Reporter","Urban","RB","DO",0,0,0,0,10575,0,0,0,0,0,0,0,0,0,0,0,0
"475",40035,"Central Florida Regional Transportation Authority","Full Reporter","Urban","VP","PT",0,0,0,0,0,0,0,0,122229,0,0,0,0,0,904112,0,904112
"476",40036,"City of Tallahassee","Full Reporter","Urban","DR","DO",0,0,41992,0,0,0,0,0,9990,0,0,0,0,0,95733,0,95733
"477",40036,"City of Tallahassee","Full Reporter","Urban","DR","PT",0,0,0,0,0,0,0,0,86272,0,0,0,0,0,61370,0,61370
"478",40036,"City of Tallahassee","Full Reporter","Urban","MB","DO",0,0,122623,359188,691172,0,0,0,0,0,0,0,0,0,766262,4889862,5656124
"479",40036,"City of Tallahassee","Full Reporter","Urban","MB","PT",5134,0,0,6029,0,0,0,0,0,0,0,0,0,0,2953,0,2953
"480",40037,"Board of County Commissioners, Palm Beach County","Full Reporter","Urban","DR","PT",0,0,0,0,0,0,0,0,1206852,0,0,240948,0,0,3064386,0,3064386
"481",40037,"Board of County Commissioners, Palm Beach County","Full Reporter","Urban","MB","DO",0,0,0,1916209,0,0,0,0,0,0,0,0,0,0,8199613,581043,8780656
"482",40038,"Escambia County Board of County Commissioners, FL","Full Reporter","Urban","DR","PT",0,0,0,0,0,0,0,0,78049,0,0,0,0,0,305833,103643,409476
"483",40038,"Escambia County Board of County Commissioners, FL","Full Reporter","Urban","MB","DO",0,0,0,252105,0,0,0,0,12994,0,0,0,0,0,591566,387483,979049
"484",40040,"Jacksonville Transportation Authority","Full Reporter","Urban","CB","PT",0,0,0,0,0,0,0,0,32755,0,0,0,0,0,14420,0,14420
"485",40040,"Jacksonville Transportation Authority","Full Reporter","Urban","DR","PT",0,0,0,0,0,0,0,0,518933,0,0,0,0,0,626678,0,626678
"486",40040,"Jacksonville Transportation Authority","Full Reporter","Urban","FB","PT",101085,0,0,0,0,0,0,0,0,0,0,0,0,0,1012623,0,1012623
"487",40040,"Jacksonville Transportation Authority","Full Reporter","Urban","MB","DO",0,0,1503650,662526,35484,0,0,0,0,0,0,0,0,0,5883575,12848,5896423
"488",40040,"Jacksonville Transportation Authority","Full Reporter","Urban","MB","PT",0,0,0,4049,0,0,0,0,11358,0,0,0,0,0,17190,0,17190
"489",40040,"Jacksonville Transportation Authority","Full Reporter","Urban","MG","DO",0,0,0,0,0,1136887,0,0,0,0,0,0,0,0,0,0,0
"490",40041,"Hillsborough Area Regional Transit Authority","Full Reporter","Urban","DR","DO",0,0,0,0,0,0,0,0,349939,0,0,0,0,0,280089,381520,661609
"491",40041,"Hillsborough Area Regional Transit Authority","Full Reporter","Urban","MB","DO",0,0,1371713,636515,0,0,0,0,0,0,0,0,0,0,6378647,1475614,7854261
"492",40041,"Hillsborough Area Regional Transit Authority","Full Reporter","Urban","SR","DO",0,0,0,0,0,748585,0,0,0,0,0,0,0,0,0,0,0
"493",40042,"Birmingham-Jefferson County Transit Authority","Full Reporter","Urban","DR","DO",0,0,131175,0,0,0,0,0,19756,0,0,0,0,0,169159,0,169159
"494",40042,"Birmingham-Jefferson County Transit Authority","Full Reporter","Urban","DR","PT",0,0,0,0,0,0,0,0,3300,0,0,0,0,0,17250,0,17250
"495",40042,"Birmingham-Jefferson County Transit Authority","Full Reporter","Urban","MB","DO",0,0,513509,1016,0,0,0,0,0,0,0,0,0,0,1012053,0,1012053
"496",40042,"Birmingham-Jefferson County Transit Authority","Full Reporter","Urban","RB","DO",0,0,89546,0,0,0,0,0,0,0,0,0,0,0,98637,0,98637
"497",40043,"City of Mobile","Full Reporter","Urban","DR","DO",0,0,0,0,0,0,0,0,110813,0,0,0,0,0,109949,36649,146598
"498",40043,"City of Mobile","Full Reporter","Urban","MB","DO",0,0,0,223750,0,0,0,0,1329,0,0,0,0,0,461724,0,461724
"499",40044,"City of Montgomery","Full Reporter","Urban","DR","DO",0,0,0,0,0,0,0,0,51754,0,0,0,0,0,49419,0,49419
"500",40044,"City of Montgomery","Full Reporter","Urban","MB","DO",19733,0,0,14913,0,0,0,0,120407,0,0,0,0,0,332314,0,332314
"501",40046,"Sarasota County","Full Reporter","Urban","DR","PT",0,0,0,176,0,0,0,0,271252,0,0,0,0,0,920967,0,920967
"502",40046,"Sarasota County","Full Reporter","Urban","MB","DO",0,0,0,431306,0,0,0,0,0,0,0,0,0,0,1343593,0,1343593
"503",40046,"Sarasota County","Full Reporter","Urban","MB","PT",0,0,0,0,0,0,0,0,20512,0,0,0,0,0,0,0,0
"504",40047,"Athens-Clarke County Unified Government","Full Reporter","Urban","DR","DO",0,0,0,0,0,0,0,0,19805,0,0,0,0,0,0,0,0
"505",40047,"Athens-Clarke County Unified Government","Full Reporter","Urban","MB","DO",0,0,0,182134,0,0,0,0,0,0,0,0,0,0,0,0,0
"506",40051,"Town of Chapel Hill","Full Reporter","Urban","DR","DO",0,0,0,0,0,0,0,0,67987,0,0,0,0,0,0,0,0
"507",40051,"Town of Chapel Hill","Full Reporter","Urban","MB","DO",0,0,0,426501,245930,0,0,0,0,0,0,0,0,0,0,0,0
"508",40053,"Greenville Transit Authority","Full Reporter","Urban","DR","DO",0,0,0,0,0,0,0,0,22911,0,0,0,0,0,42798,0,42798
"509",40053,"Greenville Transit Authority","Full Reporter","Urban","MB","DO",0,0,0,175417,197222,0,0,0,8899,0,0,0,0,0,598037,1e+05,698037
"510",40057,"Jackson Transit Authority","Full Reporter","Urban","DR","DO",0,0,0,0,0,0,0,0,29870,0,0,0,0,0,26707,100471,127178
"511",40057,"Jackson Transit Authority","Full Reporter","Urban","MB","DO",0,0,0,81568,0,0,0,0,2801,0,0,0,0,0,154124,17125,171249
"512",40058,"City of Rome","Full Reporter","Urban","DR","DO",0,0,0,0,0,0,0,0,17117,0,0,0,0,0,8488,271044,279532
"513",40058,"City of Rome","Full Reporter","Urban","MB","DO",0,0,0,33115,0,0,0,0,15332,0,0,0,0,0,0,0,0
"514",40063,"Brevard Board of County Commissioners","Full Reporter","Urban","DR","DO",0,0,0,103909,0,0,0,0,41716,0,0,0,0,0,116035,134846,250881
"515",40063,"Brevard Board of County Commissioners","Full Reporter","Urban","MB","DO",0,0,0,386560,0,0,0,0,0,0,0,0,0,0,829862,83600,913462
"516",40063,"Brevard Board of County Commissioners","Full Reporter","Urban","VP","PT",0,0,0,0,0,0,0,0,18267,0,0,0,0,0,199187,0,199187
"517",40071,"City of Huntsville, Alabama","Full Reporter","Urban","DR","DO",0,0,0,0,0,0,0,0,78060,0,0,0,0,0,178775,45835,224610
"518",40071,"City of Huntsville, Alabama","Full Reporter","Urban","MB","DO",0,0,0,158993,0,0,0,0,0,0,0,0,0,0,326909,13390,340299
"519",40074,"Pasco County Board of County Commissioners","Full Reporter","Urban","DR","DO",0,0,0,1464,0,0,0,0,66736,0,0,0,0,0,57685,47184,104869
"520",40074,"Pasco County Board of County Commissioners","Full Reporter","Urban","MB","DO",0,0,0,309694,0,0,0,0,0,0,0,0,0,0,608321,0,608321
"521",40077,"South Florida Regional Transportation Authority","Full Reporter","Urban","CR","PT",0,0,0,2757884,0,0,0,0,0,0,0,0,0,0,12384094,0,12384094
"522",40077,"South Florida Regional Transportation Authority","Full Reporter","Urban","MB","PT",0,0,0,32812,0,0,0,0,0,0,0,0,0,0,0,0,0
"523",40078,"Cobb County","Full Reporter","Urban","CB","PT",0,0,0,87393,0,0,0,0,0,0,0,0,0,0,42978,0,42978
"524",40078,"Cobb County","Full Reporter","Urban","DR","PT",0,0,0,23936,0,0,0,0,63851,0,0,0,0,0,30035,0,30035
"525",40078,"Cobb County","Full Reporter","Urban","MB","PT",0,0,37435,644681,0,0,0,0,0,0,0,0,0,0,1786505,0,1786505
"526",40082,"County of Douglas","Full Reporter","Urban","DR","DO",0,0,0,0,0,0,0,0,10426,0,0,0,0,0,0,0,0
"527",40082,"County of Douglas","Full Reporter","Urban","DR","PT",0,0,0,0,0,0,0,0,15507,0,0,0,0,0,6432,0,6432
"528",40082,"County of Douglas","Full Reporter","Urban","MB","PT",0,0,0,0,0,0,0,0,48315,0,0,0,0,0,37325,0,37325
"529",40086,"Metropolitan Bus Authority","Full Reporter","Urban","DR","DO",0,0,0,0,0,0,0,0,93039,0,0,0,0,0,54096,0,54096
"530",40086,"Metropolitan Bus Authority","Full Reporter","Urban","MB","DO",0,0,0,937995,0,0,0,0,0,0,0,0,0,0,782621,0,782621
"531",40087,"City of Durham","Full Reporter","Urban","DR","PT",0,0,0,0,0,0,0,0,116775,0,0,0,0,0,0,0,0
"532",40087,"City of Durham","Full Reporter","Urban","MB","PT",254651,0,0,311240,97297,0,0,0,0,0,0,0,0,0,0,0,0
"533",40093,"City of Greensboro","Full Reporter","Urban","DR","PT",0,0,0,0,0,0,0,0,175931,0,0,0,0,0,265972,0,265972
"534",40093,"City of Greensboro","Full Reporter","Urban","MB","PT",0,0,0,392784,1366471,0,0,0,0,0,0,0,0,0,1889596,476512,2366108
"535",40094,"Alternativa de Transporte Integrado","Full Reporter","Urban","DR","PT",0,0,0,172,0,0,0,0,0,0,0,0,0,0,146,0,146
"536",40094,"Alternativa de Transporte Integrado","Full Reporter","Urban","HR","PT",0,0,0,0,0,5711384,0,0,0,0,0,0,0,0,3896340,0,3896340
"537",40094,"Alternativa de Transporte Integrado","Full Reporter","Urban","MB","PT",0,0,0,395134,0,0,0,0,0,0,0,0,0,0,459022,0,459022
"538",40100,"Santee Wateree Regional Transportation Authority","Full Reporter","Urban","CB","DO",0,0,0,124,0,0,0,0,0,0,0,0,5542,0,4006,12880,16886
"539",40100,"Santee Wateree Regional Transportation Authority","Full Reporter","Urban","DR","DO",0,0,0,0,0,0,0,0,32362,0,0,0,5887,0,26093,42669,68762
"540",40100,"Santee Wateree Regional Transportation Authority","Full Reporter","Urban","MB","DO",0,0,0,583,0,0,0,0,40018,0,0,0,7279,0,32105,0,32105
"541",40104,"Indian River County","Full Reporter","Urban","DR","PT",0,0,0,0,0,0,0,0,54488,0,0,0,0,0,0,0,0
"542",40104,"Indian River County","Full Reporter","Urban","MB","PT",0,0,0,113656,0,0,0,0,16610,0,0,0,0,0,1988,0,1988
"543",40105,"Puerto Rico Highway and Transportation Authority – Público","Full Reporter","Urban","PB","PT",0,0,0,21426,0,0,0,0,328044,0,0,0,0,0,8754519,0,8754519
"544",40108,"Research Triangle Regional Public Transportation Authority","Full Reporter","Urban","DR","DO",0,0,0,0,0,0,0,0,85152,0,0,0,0,0,0,0,0
"545",40108,"Research Triangle Regional Public Transportation Authority","Full Reporter","Urban","MB","DO",0,0,0,406698,48139,0,0,0,0,0,0,0,0,0,0,0,0
"546",40108,"Research Triangle Regional Public Transportation Authority","Full Reporter","Urban","MB","PT",0,0,0,46635,0,0,0,0,0,0,0,0,0,0,0,0,0
"547",40108,"Research Triangle Regional Public Transportation Authority","Full Reporter","Urban","VP","PT",0,0,0,0,0,0,0,0,17051,0,0,0,0,0,173712,0,173712
"548",40110,"Charleston Area Regional Transportation Authority","Full Reporter","Urban","CB","PT",0,0,0,33994,0,0,0,0,0,0,0,0,0,0,85618,0,85618
"549",40110,"Charleston Area Regional Transportation Authority","Full Reporter","Urban","DR","PT",0,0,0,0,0,0,0,0,63922,0,0,0,0,0,214282,0,214282
"550",40110,"Charleston Area Regional Transportation Authority","Full Reporter","Urban","MB","PT",0,0,0,324806,1992960,0,0,0,17455,0,0,0,0,0,2619946,747767,3367713
"551",40128,"Okaloosa County Board of County Commissioners","Full Reporter","Urban","DR","PT",0,0,0,1546,0,0,0,0,68712,0,0,0,0,0,94354,113304,207658
"552",40128,"Okaloosa County Board of County Commissioners","Full Reporter","Urban","MB","PT",0,0,0,0,0,0,0,0,47749,0,0,0,0,0,59929,0,59929
"553",40129,"Charlotte County Government","Full Reporter","Urban","DR","DO",0,0,0,0,0,0,0,0,1019,0,0,0,0,0,0,0,0
"554",40129,"Charlotte County Government","Full Reporter","Urban","DR","PT",0,0,0,18023,0,0,0,0,26959,0,0,0,0,0,0,24729,24729
"555",40138,"Gwinnett County Board of Commissioners","Full Reporter","Urban","CB","PT",0,0,0,683151,0,0,0,0,0,0,0,0,0,0,956165,0,956165
"556",40138,"Gwinnett County Board of Commissioners","Full Reporter","Urban","DR","PT",0,0,0,0,0,0,0,0,50640,0,0,0,0,0,54093,0,54093
"557",40138,"Gwinnett County Board of Commissioners","Full Reporter","Urban","MB","PT",0,0,0,397044,0,0,0,0,0,0,0,0,0,0,1260887,0,1260887
"558",40140,"Collier County","Full Reporter","Urban","DR","PT",0,0,0,32274,0,0,0,0,165897,0,0,0,0,0,204397,2366,206763
"559",40140,"Collier County","Full Reporter","Urban","MB","PT",0,0,0,269461,0,0,0,0,17699,0,0,0,0,0,836638,0,836638
"560",40141,"Central Midlands Regional Transportation Authority","Full Reporter","Urban","CB","PT",0,0,0,0,0,0,0,0,0,0,0,0,43110,0,10909,0,10909
"561",40141,"Central Midlands Regional Transportation Authority","Full Reporter","Urban","DR","PT",0,0,0,0,0,0,0,0,100,0,0,0,136191,0,127603,0,127603
"562",40141,"Central Midlands Regional Transportation Authority","Full Reporter","Urban","MB","PT",0,0,0,438748,0,0,0,0,0,0,0,0,141725,0,1364132,2267875,3632007
"563",40141,"Central Midlands Regional Transportation Authority","Full Reporter","Urban","VP","PT",0,0,0,0,0,0,0,0,18544,0,0,0,0,0,220841,0,220841
"564",40147,"North Carolina State University","Full Reporter","Urban","MB","PT",0,0,0,156120,0,0,0,0,0,0,0,0,0,0,0,0,0
"565",40158,"Lake County Board of County Commissioners","Full Reporter","Urban","DR","PT",0,0,0,0,0,0,0,0,148556,0,0,0,0,0,98031,0,98031
"566",40158,"Lake County Board of County Commissioners","Full Reporter","Urban","MB","PT",0,0,0,119936,0,0,0,0,2109,0,0,0,0,0,106145,0,106145
"567",40159,"Regional Transportation Authority","Full Reporter","Urban","CB","PT",0,0,0,88532,0,0,0,0,0,0,0,0,0,0,100238,65583,165821
"568",40159,"Regional Transportation Authority","Full Reporter","Urban","CR","PT",0,0,0,216007,0,0,0,0,0,0,0,0,0,0,242995,63189,306184
"569",40159,"Regional Transportation Authority","Full Reporter","Urban","VP","PT",0,0,0,0,0,0,0,0,5372,0,0,0,0,0,109794,0,109794
"570",40169,"Regional Planning Commission of Greater Birmingham","Full Reporter","Urban","VP","PT",0,0,0,0,0,0,0,0,27382,0,0,0,0,0,242280,0,242280
"571",40171,"Knoxville-Knox County Community Action Committee","Full Reporter","Urban","DR","DO",0,0,0,0,0,0,0,0,152000,0,0,0,0,0,23925,1161285,1185210
"572",40172,"Western Piedmont Regional Transit Authority","Full Reporter","Urban","DR","DO",0,0,0,664,0,0,0,0,83565,0,0,0,0,0,60491,0,60491
"573",40172,"Western Piedmont Regional Transit Authority","Full Reporter","Urban","MB","DO",0,0,0,33484,0,0,0,0,15487,0,0,0,0,0,46767,0,46767
"574",40173,"Piedmont Authority for Regional Transportation","Full Reporter","Urban","CB","PT",0,0,0,177216,0,0,0,0,58590,0,0,0,0,0,300066,25737,325803
"575",40173,"Piedmont Authority for Regional Transportation","Full Reporter","Urban","VP","DO",0,0,0,0,0,0,0,0,64440,0,0,0,0,0,375648,0,375648
"576",40175,"Puerto Rico Maritime Transport Authority","Full Reporter","Urban","FB","PT",0,0,0,1941869,0,0,0,0,0,0,0,0,0,0,6059547,0,6059547
"577",40178,"The Transportation Management Association Group","Full Reporter","Urban","VP","DO",0,0,0,0,0,0,0,0,41220,0,0,0,0,0,433552,0,433552
"578",40180,"University of Georgia","Full Reporter","Urban","DR","DO",0,0,0,0,1290,0,0,0,3424,0,0,0,0,0,0,0,0
"579",40180,"University of Georgia","Full Reporter","Urban","MB","DO",0,0,0,72870,789143,0,0,0,0,0,0,0,0,0,0,0,0
"580",40185,"Bay County Transportation Planning Organization","Full Reporter","Urban","DR","PT",0,0,0,0,0,0,0,0,66859,0,0,0,0,0,57204,0,57204
"581",40185,"Bay County Transportation Planning Organization","Full Reporter","Urban","MB","PT",0,0,0,90870,0,0,0,0,0,0,0,0,0,0,367354,0,367354
"582",40191,"Transit Authority of Central Kentucky","Full Reporter","Urban","DR","DO",0,0,0,0,8210,0,0,0,118290,0,0,0,0,0,362979,2120278,2483257
"583",40191,"Transit Authority of Central Kentucky","Full Reporter","Urban","VP","DO",0,0,0,0,0,0,0,0,8472,0,0,0,0,0,0,115028,115028
"584",40192,"Martin County","Full Reporter","Urban","CB","PT",0,0,0,21746,0,0,0,0,0,0,0,0,0,0,12015,420,12435
"585",40192,"Martin County","Full Reporter","Urban","DR","PT",0,0,0,0,0,0,0,0,5410,0,0,0,0,0,10056,0,10056
"586",40192,"Martin County","Full Reporter","Urban","MB","PT",0,0,0,77544,0,0,0,0,0,0,0,0,0,0,116763,3330,120093
"587",40200,"Tampa Bay Area Regional Transit Authority","Full Reporter","Urban","VP","PT",0,0,0,0,0,0,0,0,151121,0,0,0,0,0,2426992,0,2426992
"588",40222,"Wake County","Full Reporter","Urban","DR","PT",0,0,0,0,0,0,0,0,242719,0,0,0,0,0,173770,3173466,3347236
"589",40224,"Buncombe County","Full Reporter","Urban","DR","PT",0,0,0,0,0,0,0,0,81237,0,0,0,6615,0,59143,803736,862879
"590",40224,"Buncombe County","Full Reporter","Urban","MB","PT",0,0,18,0,0,0,0,0,15007,0,0,0,1222,0,0,0,0
"591",40228,"Mecklenburg County","Full Reporter","Urban","DR","DO",0,0,0,0,0,0,0,0,60275,0,0,0,0,0,0,1168428,1168428
"592",40232,"Central Florida Commuter Rail","Full Reporter","Urban","CR","PT",0,0,0,991750,0,0,0,0,0,0,0,0,0,0,2093237,0,2093237
"593",40244,"Spartanburg Regional Health Services, Inc.","Full Reporter","Urban","DR","DO",0,0,0,0,0,0,0,0,138059,0,0,0,881,0,132302,906914,1039216
"594",40265,"North Central Alabama Regional Council of Governments","Full Reporter","Urban","DR","DO",0,0,0,0,0,0,0,0,25973,0,0,0,0,0,46358,0,46358
"595",40928,"Baldwin County Commission","Full Reporter","Urban","DR","DO",0,0,0,0,0,0,0,0,126283,0,0,0,0,0,209744,103673,313417
"596",40950,"First Tennessee Human Resource Agency","Full Reporter","Urban","DR","DO",0,0,0,0,0,0,0,0,152761,0,0,0,32788,0,269172,2165329,2434501
"597",41105,"Audubon Area Community Services, Inc.","Full Reporter","Urban","DR","DO",0,0,0,0,0,0,0,0,212438,0,0,0,0,0,162733,5701973,5864706
"598",41199,"Board of County Commissioners of St. Lucie County","Full Reporter","Urban","DR","PT",0,0,0,47690,0,0,0,0,95419,0,0,0,0,0,0,0,0
"599",41199,"Board of County Commissioners of St. Lucie County","Full Reporter","Urban","MB","PT",0,0,0,82437,0,0,0,0,0,0,0,0,0,0,0,0,0
"600",42000,"Atlanta-Region Transit Link Authority","Full Reporter","Urban","CB","PT",0,0,0,619676,0,0,0,0,0,0,0,0,0,0,1686535,0,1686535
"601",42000,"Atlanta-Region Transit Link Authority","Full Reporter","Urban","VP","PT",0,0,0,0,0,0,0,0,162233,0,0,0,0,0,2018697,0,2018697
"602",44929,"City of Fort Lauderdale","Full Reporter","Urban","FB","PT",0,0,0,12706,0,0,0,0,0,0,0,0,0,0,0,0,0
"603",44929,"City of Fort Lauderdale","Full Reporter","Urban","MB","PT",0,0,0,0,0,0,0,0,2912,0,0,0,15976,0,0,0,0
"604",50001,"City of Appleton","Full Reporter","Urban","DR","PT",0,0,0,0,0,0,0,0,55155,0,0,0,0,0,426713,0,426713
"605",50001,"City of Appleton","Full Reporter","Urban","MB","DO",0,0,0,147831,0,0,0,0,78,0,0,0,0,0,570086,116946,687032
"606",50001,"City of Appleton","Full Reporter","Urban","MB","PT",0,0,0,965,0,0,0,0,0,0,0,0,0,0,0,0,0
"607",50002,"City of Green Bay","Full Reporter","Urban","DR","PT",0,0,0,0,0,0,0,0,47169,0,0,0,0,0,61268,187159,248427
"608",50002,"City of Green Bay","Full Reporter","Urban","MB","DO",0,0,0,123337,0,0,0,0,0,0,0,0,0,0,398326,173597,571923
"609",50003,"City of Kenosha","Full Reporter","Urban","DR","PT",0,0,0,0,0,0,0,0,43605,0,0,0,0,0,79947,0,79947
"610",50003,"City of Kenosha","Full Reporter","Urban","MB","DO",179561,0,0,0,0,0,0,0,0,0,0,0,0,0,1612191,0,1612191
"611",50003,"City of Kenosha","Full Reporter","Urban","SR","DO",0,0,0,0,0,90505,0,0,0,0,0,0,0,0,14843,0,14843
"612",50004,"City of La Crosse","Full Reporter","Urban","DR","PT",0,0,0,948,0,0,0,0,9419,0,0,0,0,0,27483,190634,218117
"613",50004,"City of La Crosse","Full Reporter","Urban","MB","DO",0,0,0,149236,130800,0,0,0,849,0,0,0,0,0,470671,0,470671
"614",50005,"City of Madison","Full Reporter","Urban","MB","DO",0,0,0,1072778,53017,0,0,0,0,0,0,0,0,0,4455275,4890574,9345849
"615",50006,"City of Racine, Wisconsin","Full Reporter","Urban","CB","PT",0,0,0,41276,0,0,0,0,0,0,0,0,0,0,93962,0,93962
"616",50006,"City of Racine, Wisconsin","Full Reporter","Urban","DR","DO",0,0,0,0,0,0,0,0,16946,0,0,0,0,0,83973,0,83973
"617",50006,"City of Racine, Wisconsin","Full Reporter","Urban","MB","DO",0,0,0,205103,129378,0,0,0,0,0,0,0,0,0,837993,0,837993
"618",50008,"Milwaukee County","Full Reporter","Urban","DR","PT",0,0,0,0,0,0,0,0,365809,0,0,0,0,0,1286980,122165,1409145
"619",50008,"Milwaukee County","Full Reporter","Urban","MB","PT",0,0,0,3069396,464119,0,0,0,0,0,0,0,0,0,18805958,7984327,26790285
"620",50010,"METRO Regional Transit Authority","Full Reporter","Urban","DR","DO",0,0,0,50701,0,0,0,0,76951,0,0,0,0,0,413563,573380,986943
"621",50010,"METRO Regional Transit Authority","Full Reporter","Urban","DR","PT",0,0,0,0,0,0,0,0,51534,0,0,0,0,0,58928,0,58928
"622",50010,"METRO Regional Transit Authority","Full Reporter","Urban","MB","DO",0,0,1053705,69319,109324,0,0,0,0,0,0,0,0,0,1974723,1133520,3108243
"623",50011,"Stark Area Regional Transit Authority","Full Reporter","Urban","DR","DO",0,0,129875,69350,0,0,0,0,49347,0,0,0,0,0,548020,0,548020
"624",50011,"Stark Area Regional Transit Authority","Full Reporter","Urban","MB","DO",0,0,252110,89974,0,0,0,0,0,41745,0,0,0,0,1126412,0,1126412
"625",50012,"Southwest Ohio Regional Transit Authority","Full Reporter","Urban","DR","DO",0,0,0,161428,0,0,0,0,0,0,0,0,0,0,732298,0,732298
"626",50012,"Southwest Ohio Regional Transit Authority","Full Reporter","Urban","MB","DO",0,0,0,2703468,0,0,0,0,0,0,0,0,0,0,15466903,0,15466903
"627",50015,"The Greater Cleveland Regional Transit Authority","Full Reporter","Urban","DR","DO",0,0,0,0,0,0,0,0,308399,0,0,0,67792,0,1121153,0,1121153
"628",50015,"The Greater Cleveland Regional Transit Authority","Full Reporter","Urban","DR","PT",0,0,0,0,0,0,0,0,356959,0,0,0,0,0,306385,0,306385
"629",50015,"The Greater Cleveland Regional Transit Authority","Full Reporter","Urban","HR","DO",0,0,0,0,0,15807213,0,0,0,0,0,0,0,0,4045712,0,4045712
"630",50015,"The Greater Cleveland Regional Transit Authority","Full Reporter","Urban","LR","DO",0,0,0,0,0,8931099,0,0,0,0,0,0,0,0,1040707,0,1040707
"631",50015,"The Greater Cleveland Regional Transit Authority","Full Reporter","Urban","MB","DO",0,0,2497389,762197,0,0,0,0,0,0,0,0,0,0,21588683,0,21588683
"632",50015,"The Greater Cleveland Regional Transit Authority","Full Reporter","Urban","RB","DO",0,0,175149,0,0,0,0,0,0,0,0,0,0,0,1712290,0,1712290
"633",50016,"Central Ohio Transit Authority","Full Reporter","Urban","DR","DO",0,0,36123,0,0,0,0,0,43643,0,0,0,0,0,30679,0,30679
"634",50016,"Central Ohio Transit Authority","Full Reporter","Urban","DR","PT",0,0,0,78499,0,0,0,0,92007,0,0,0,0,0,511048,0,511048
"635",50016,"Central Ohio Transit Authority","Full Reporter","Urban","MB","DO",0,0,2471404,238917,99747,0,0,0,0,0,0,0,0,0,12619844,0,12619844
"636",50017,"Greater Dayton Regional Transit Authority","Full Reporter","Urban","DR","DO",0,0,0,0,0,0,0,0,363013,0,0,0,0,0,430735,0,430735
"637",50017,"Greater Dayton Regional Transit Authority","Full Reporter","Urban","MB","DO",0,0,0,915070,0,0,0,0,0,0,0,0,0,0,6023763,0,6023763
"638",50017,"Greater Dayton Regional Transit Authority","Full Reporter","Urban","TB","DO",0,0,0,0,0,2003093,0,0,0,0,0,0,0,0,265507,0,265507
"639",50021,"Portage Area Regional Transportation Authority","Full Reporter","Urban","DR","DO",0,0,0,0,0,0,0,0,84641,0,0,0,0,0,91561,270505,362066
"640",50021,"Portage Area Regional Transportation Authority","Full Reporter","Urban","MB","DO",0,0,47033,105186,0,0,0,0,16488,0,0,0,0,0,141279,2024064,2165343
"641",50022,"Toledo Area Regional Transit Authority","Full Reporter","Urban","DR","DO",0,0,0,29399,0,0,0,0,80601,0,0,0,0,0,265362,316861,582223
"642",50022,"Toledo Area Regional Transit Authority","Full Reporter","Urban","MB","DO",0,0,0,543431,0,0,0,0,0,0,0,0,0,0,1163166,215123,1378289
"643",50022,"Toledo Area Regional Transit Authority","Full Reporter","Urban","VP","PT",0,0,0,0,0,0,0,0,19662,0,0,0,0,0,0,0,0
"644",50024,"Western Reserve Transit Authority","Full Reporter","Urban","DR","DO",0,0,0,2704,0,0,0,0,53587,0,0,0,0,0,0,0,0
"645",50024,"Western Reserve Transit Authority","Full Reporter","Urban","MB","DO",0,0,0,295775,0,0,0,0,30428,0,0,0,0,0,0,0,0
"646",50025,"Duluth Transit Authority","Full Reporter","Urban","DR","DO",0,0,0,0,0,0,0,0,28306,0,0,0,0,0,64319,0,64319
"647",50025,"Duluth Transit Authority","Full Reporter","Urban","MB","DO",0,0,0,389866,251487,0,0,0,0,0,0,0,0,0,1618414,316136,1934550
"648",50026,"City of Moorhead","Full Reporter","Urban","DR","PT",0,0,0,0,0,0,0,0,4945,0,0,0,0,0,56253,0,56253
"649",50026,"City of Moorhead","Full Reporter","Urban","MB","PT",0,0,0,92425,0,0,0,0,0,0,0,0,0,0,226927,82478,309405
"650",50027,"Metro Transit","Full Reporter","Urban","CR","PT",176795,0,0,0,0,0,0,0,0,0,0,0,0,0,323589,0,323589
"651",50027,"Metro Transit","Full Reporter","Urban","LR","DO",0,0,0,0,0,30179186,0,0,0,0,0,0,0,0,12560821,557060,13117881
"652",50027,"Metro Transit","Full Reporter","Urban","MB","DO",4548304,0,0,0,370872,0,0,0,0,0,0,0,0,0,29867752,1247376,31115128
"653",50028,"St. Cloud Metropolitan Transit Commission","Full Reporter","Urban","CB","DO",0,0,0,12819,0,0,0,0,0,0,0,0,0,0,24907,0,24907
"654",50028,"St. Cloud Metropolitan Transit Commission","Full Reporter","Urban","DR","DO",0,0,110364,7041,0,0,0,0,0,0,0,0,0,0,293169,0,293169
"655",50028,"St. Cloud Metropolitan Transit Commission","Full Reporter","Urban","MB","DO",0,0,298393,287,0,0,0,0,0,0,0,0,0,0,608496,72314,680810
"656",50029,"Bay Metropolitan Transit Authority","Full Reporter","Urban","DR","DO",0,0,0,39831,0,0,0,0,0,0,0,0,28708,0,83371,0,83371
"657",50029,"Bay Metropolitan Transit Authority","Full Reporter","Urban","MB","DO",0,0,0,92941,0,0,0,0,0,0,0,0,14407,0,114986,0,114986
"658",50031,"Suburban Mobility Authority for Regional Transportation","Full Reporter","Urban","DR","DO",0,0,0,0,0,0,0,0,0,0,0,0,606341,0,317467,38204,355671
"659",50031,"Suburban Mobility Authority for Regional Transportation","Full Reporter","Urban","DR","PT",0,0,0,42729,0,0,0,0,1720,0,0,0,0,0,342497,0,342497
"660",50031,"Suburban Mobility Authority for Regional Transportation","Full Reporter","Urban","MB","DO",0,0,0,1886595,82,0,0,0,0,0,0,0,0,0,5175756,10098,5185854
"661",50032,"Mass Transportation Authority","Full Reporter","Urban","DR","DO",0,0,0,0,0,0,0,0,135390,0,0,0,604066,0,644199,0,644199
"662",50032,"Mass Transportation Authority","Full Reporter","Urban","DR","PT",0,0,0,0,0,0,0,0,0,0,0,0,7789,0,8608,0,8608
"663",50032,"Mass Transportation Authority","Full Reporter","Urban","MB","DO",0,0,714340,43867,0,0,0,0,0,59,0,0,138856,0,4110599,0,4110599
"664",50033,"Interurban Transit Partnership","Full Reporter","Urban","DR","DO",0,0,0,0,0,0,0,0,7640,0,0,0,0,0,5840,0,5840
"665",50033,"Interurban Transit Partnership","Full Reporter","Urban","DR","PT",0,0,0,1699,0,0,0,0,43278,0,0,0,242232,0,872002,0,872002
"666",50033,"Interurban Transit Partnership","Full Reporter","Urban","MB","DO",0,0,990758,304682,0,0,0,0,0,0,0,0,0,0,3584060,3390828,6974888
"667",50033,"Interurban Transit Partnership","Full Reporter","Urban","RB","DO",0,0,0,67469,0,0,0,0,0,0,0,0,0,0,334844,0,334844
"668",50034,"City of Jackson Transportation Authority","Full Reporter","Urban","DR","DO",0,0,0,2124,0,0,0,0,23172,0,0,0,0,0,65679,111150,176829
"669",50034,"City of Jackson Transportation Authority","Full Reporter","Urban","MB","DO",0,0,0,81181,0,0,0,0,0,0,0,0,0,0,225873,102903,328776
"670",50035,"Central County Transportation Authority","Full Reporter","Urban","DR","PT",0,0,0,46761,0,0,0,0,69956,0,0,0,0,0,470774,0,470774
"671",50035,"Central County Transportation Authority","Full Reporter","Urban","MB","DO",0,0,0,304210,0,0,0,0,0,0,0,0,0,0,1358894,1220117,2579011
"672",50036,"Capital Area Transportation Authority","Full Reporter","Urban","DR","DO",0,0,0,0,0,0,0,0,131809,0,0,0,0,0,179333,0,179333
"673",50036,"Capital Area Transportation Authority","Full Reporter","Urban","DR","PT",2593,0,0,0,0,0,0,0,172005,0,0,0,0,0,420989,0,420989
"674",50036,"Capital Area Transportation Authority","Full Reporter","Urban","MB","DO",0,0,0,761706,0,0,0,0,0,0,0,0,0,0,2223290,2977069,5200359
"675",50039,"Saginaw Transit Authority Regional Service","Full Reporter","Urban","DR","DO",0,0,0,25846,0,0,0,0,23248,0,0,0,0,0,72931,332303,405234
"676",50039,"Saginaw Transit Authority Regional Service","Full Reporter","Urban","MB","DO",0,0,0,126748,0,0,0,0,0,0,0,0,0,0,127320,580116,707436
"677",50040,"Ann Arbor Area Transportation Authority","Full Reporter","Urban","CB","PT",0,0,0,66625,0,0,0,0,0,0,0,0,0,0,268952,0,268952
"678",50040,"Ann Arbor Area Transportation Authority","Full Reporter","Urban","DR","PT",0,0,0,14510,0,0,0,0,93267,0,0,0,0,0,226386,0,226386
"679",50040,"Ann Arbor Area Transportation Authority","Full Reporter","Urban","MB","DO",229209,0,0,549826,0,0,0,0,0,0,0,0,0,0,1457944,2218905,3676849
"680",50040,"Ann Arbor Area Transportation Authority","Full Reporter","Urban","VP","PT",0,0,0,0,0,0,0,0,68171,0,0,0,0,0,1102064,0,1102064
"681",50043,"City of Evansville","Full Reporter","Urban","DR","DO",0,0,0,11859,0,0,0,0,21440,0,0,0,0,0,23740,217402,241142
"682",50043,"City of Evansville","Full Reporter","Urban","MB","DO",0,0,0,191605,0,0,0,0,0,0,0,0,0,0,517063,521670,1038733
"683",50044,"Fort Wayne Public Transportation Corporation","Full Reporter","Urban","DR","DO",25236,0,0,0,0,0,0,0,45696,0,0,0,0,0,156975,0,156975
"684",50044,"Fort Wayne Public Transportation Corporation","Full Reporter","Urban","MB","DO",242668,0,0,0,0,0,0,0,11673,0,0,0,0,0,923389,309727,1233116
"685",50045,"Gary Public Transportation Corporation","Full Reporter","Urban","DR","DO",0,0,0,0,0,0,0,0,19850,0,0,0,0,0,28542,2684,31226
"686",50045,"Gary Public Transportation Corporation","Full Reporter","Urban","MB","DO",0,0,0,104856,89180,0,0,0,24895,0,0,0,0,0,300070,28215,328285
"687",50047,"Bloomington-Normal Public Transit System","Full Reporter","Urban","DR","DO",0,0,0,0,0,0,0,0,72569,0,0,0,20984,0,3655,127960,131615
"688",50047,"Bloomington-Normal Public Transit System","Full Reporter","Urban","MB","DO",0,0,0,266436,281082,0,0,0,0,0,0,0,0,0,542950,680048,1222998
"689",50050,"Indianapolis and Marion County Public Transportation","Full Reporter","Urban","DR","PT",0,0,0,0,0,0,0,0,224786,0,0,0,0,0,402750,0,402750
"690",50050,"Indianapolis and Marion County Public Transportation","Full Reporter","Urban","MB","DO",0,0,0,1578631,0,0,0,0,0,0,0,0,0,0,4513670,0,4513670
"691",50050,"Indianapolis and Marion County Public Transportation","Full Reporter","Urban","MB","PT",0,0,0,0,0,0,0,0,16642,0,0,0,0,0,11353,0,11353
"692",50050,"Indianapolis and Marion County Public Transportation","Full Reporter","Urban","RB","DO",0,0,0,0,3201903,0,0,0,0,0,0,0,0,0,881140,0,881140
"693",50051,"Greater Lafayette Public Transportation Corporation","Full Reporter","Urban","DR","DO",0,0,25171,0,0,0,0,0,1441,0,0,0,0,0,15237,71002,86239
"694",50051,"Greater Lafayette Public Transportation Corporation","Full Reporter","Urban","MB","DO",0,0,429790,63014,0,0,0,0,0,0,0,0,0,0,48070,3136865,3184935
"695",50052,"South Bend Public Transportation Corporation","Full Reporter","Urban","DR","DO",0,0,0,1995,0,0,0,0,47285,0,0,0,0,0,114713,0,114713
"696",50052,"South Bend Public Transportation Corporation","Full Reporter","Urban","MB","DO",0,0,356297,14104,0,0,0,0,0,0,0,0,0,0,1167782,0,1167782
"697",50053,"City of Terre Haute","Full Reporter","Urban","DR","DO",0,0,0,0,0,0,0,0,10475,0,0,0,0,0,21884,0,21884
"698",50053,"City of Terre Haute","Full Reporter","Urban","MB","DO",0,0,0,13070,0,0,0,0,44974,0,0,0,0,0,87535,0,87535
"699",50054,"Muncie Indiana Transit System","Full Reporter","Urban","DR","DO",0,0,0,0,0,0,0,0,0,0,0,0,41451,0,38225,0,38225
"700",50054,"Muncie Indiana Transit System","Full Reporter","Urban","MB","DO",143175,0,0,0,0,0,0,0,0,0,0,0,0,0,118635,0,118635
"701",50056,"Greater Peoria Mass Transit District","Full Reporter","Urban","DR","PT",0,0,0,0,0,0,0,0,149146,0,0,0,0,0,198165,143094,341259
"702",50056,"Greater Peoria Mass Transit District","Full Reporter","Urban","MB","DO",101998,0,0,407286,187119,0,0,0,28840,0,0,0,0,0,1153705,0,1153705
"703",50057,"Rock Island County Metropolitan Mass Transit District","Full Reporter","Urban","DR","DO",0,0,0,0,0,0,0,0,35958,0,0,0,0,0,6575,91861,98436
"704",50057,"Rock Island County Metropolitan Mass Transit District","Full Reporter","Urban","DR","PT",0,0,0,0,0,0,0,0,14856,0,0,0,0,0,33418,0,33418
"705",50057,"Rock Island County Metropolitan Mass Transit District","Full Reporter","Urban","FB","PT",8976,0,0,0,0,0,0,0,0,0,0,0,0,0,190108,0,190108
"706",50057,"Rock Island County Metropolitan Mass Transit District","Full Reporter","Urban","MB","DO",0,0,503129,5124,254793,0,0,0,0,0,0,0,0,0,591926,39990,631916
"707",50058,"Rockford Mass Transit District","Full Reporter","Urban","DR","DO",0,0,0,31317,0,0,0,0,96772,0,0,0,0,0,233451,168400,401851
"708",50058,"Rockford Mass Transit District","Full Reporter","Urban","MB","DO",0,0,0,279539,3257,0,0,0,0,0,0,0,0,0,642336,0,642336
"709",50059,"Springfield Mass Transit District","Full Reporter","Urban","DR","DO",0,0,0,0,0,0,0,0,85843,0,0,0,0,0,174732,88700,263432
"710",50059,"Springfield Mass Transit District","Full Reporter","Urban","MB","DO",238858,0,219210,0,0,0,0,0,844,0,0,0,0,0,651003,34037,685040
"711",50060,"Champaign-Urbana Mass Transit District","Full Reporter","Urban","DR","DO",0,0,0,0,0,0,0,0,46183,0,0,0,0,0,56859,0,56859
"712",50060,"Champaign-Urbana Mass Transit District","Full Reporter","Urban","DR","PT",0,0,0,4306,0,0,0,0,32387,0,0,0,0,0,0,322586,322586
"713",50060,"Champaign-Urbana Mass Transit District","Full Reporter","Urban","MB","DO",587869,0,0,0,0,0,0,0,0,4274,0,0,0,0,6358046,0,6358046
"714",50061,"City of Decatur, Il","Full Reporter","Urban","DR","PT",0,0,0,0,0,0,0,0,16083,0,0,0,0,0,33378,0,33378
"715",50061,"City of Decatur, Il","Full Reporter","Urban","MB","PT",187706,0,0,0,0,0,0,0,0,0,0,0,0,0,271107,30541,301648
"716",50066,"Chicago Transit Authority","Full Reporter","Urban","HR","DO",0,0,0,0,0,339757455,0,0,0,0,0,0,0,0,144791723,9886156,154677879
"717",50066,"Chicago Transit Authority","Full Reporter","Urban","MB","DO",0,0,0,13573058,479980,0,0,0,0,0,0,0,0,0,160713290,16942666,177655956
"718",50092,"City of Rochester, Minnesota","Full Reporter","Urban","DR","PT",0,0,0,0,0,0,0,0,34513,0,0,0,0,0,74981,4614,79595
"719",50092,"City of Rochester, Minnesota","Full Reporter","Urban","MB","PT",0,0,0,312334,149358,0,0,0,1826,0,0,0,0,0,427797,976773,1404570
"720",50096,"City of Waukesha","Full Reporter","Urban","CB","PT",0,0,0,54933,0,0,0,0,0,0,0,0,0,0,62997,0,62997
"721",50096,"City of Waukesha","Full Reporter","Urban","DR","DO",0,0,0,0,0,0,0,0,8126,0,0,0,0,0,29393,0,29393
"722",50096,"City of Waukesha","Full Reporter","Urban","DR","PT",0,0,0,0,0,0,0,0,959,0,0,0,0,0,5871,0,5871
"723",50096,"City of Waukesha","Full Reporter","Urban","MB","DO",0,0,0,139773,0,0,0,0,0,0,0,0,0,0,300886,0,300886
"724",50096,"City of Waukesha","Full Reporter","Urban","MB","PT",0,0,0,8715,0,0,0,0,0,0,0,0,0,0,85890,0,85890
"725",50099,"City of Eau Claire","Full Reporter","Urban","DR","PT",0,0,0,4641,0,0,0,0,23515,0,0,0,0,0,87553,101299,188852
"726",50099,"City of Eau Claire","Full Reporter","Urban","MB","DO",0,0,0,126470,0,0,0,0,0,0,0,0,0,0,293202,431133,724335
"727",50104,"Northern Indiana Commuter Transportation District","Full Reporter","Urban","CR","DO",0,0,0,0,0,11106350,0,0,0,0,0,0,0,0,9450519,0,9450519
"728",50110,"Bloomington Public Transportation Corporation","Full Reporter","Urban","DR","DO",0,0,0,0,0,0,0,0,22320,0,0,0,0,0,35394,17632,53026
"729",50110,"Bloomington Public Transportation Corporation","Full Reporter","Urban","MB","DO",0,0,0,240615,114133,0,0,0,0,0,0,0,0,0,312974,1755552,2068526
"730",50113,"Pace, the Suburban Bus Division of the Regional Transportation Authority","Full Reporter","Urban","DR","DO",0,0,0,0,0,0,0,0,38264,0,0,0,0,0,41322,0,41322
"731",50113,"Pace, the Suburban Bus Division of the Regional Transportation Authority","Full Reporter","Urban","DR","PT",0,0,0,0,0,0,0,0,528847,0,0,0,0,0,1087571,0,1087571
"732",50113,"Pace, the Suburban Bus Division of the Regional Transportation Authority","Full Reporter","Urban","MB","DO",0,0,1203314,3956201,1621,0,0,0,0,0,0,0,0,0,16627944,882709,17510653
"733",50113,"Pace, the Suburban Bus Division of the Regional Transportation Authority","Full Reporter","Urban","MB","PT",9321,0,0,115922,0,0,0,0,9889,0,0,0,0,0,687462,3123,690585
"734",50113,"Pace, the Suburban Bus Division of the Regional Transportation Authority","Full Reporter","Urban","VP","DO",0,0,0,0,0,0,0,0,207173,0,0,0,0,0,971897,1720,973617
"735",50117,"Laketran","Full Reporter","Urban","CB","DO",0,0,0,92584,0,0,0,0,0,0,0,0,0,0,150442,0,150442
"736",50117,"Laketran","Full Reporter","Urban","DR","DO",0,0,0,10940,0,0,0,0,97793,0,0,0,253698,0,612682,1251260,1863942
"737",50117,"Laketran","Full Reporter","Urban","MB","DO",0,0,0,48067,882696,0,0,0,2132,0,0,0,68959,0,258326,106637,364963
"738",50118,"Northeast Illinois Regional Commuter Railroad Corporation","Full Reporter","Urban","CR","DO",0,0,0,8601832,0,62510889,0,0,0,0,0,0,0,0,50664752,12964395,63629147
"739",50118,"Northeast Illinois Regional Commuter Railroad Corporation","Full Reporter","Urban","CR","PT",0,0,0,16851884,0,0,0,0,0,0,0,0,0,0,85351814,0,85351814
"740",50119,"City of Detroit","Full Reporter","Urban","DR","PT",0,0,0,0,0,0,0,0,176600,0,0,0,0,0,559548,0,559548
"741",50119,"City of Detroit","Full Reporter","Urban","MB","DO",0,0,0,2079741,70038,0,0,0,0,0,0,0,0,0,7691180,0,7691180
"742",50141,"Detroit Transportation Corporation","Full Reporter","Urban","MG","DO",0,0,0,0,0,2363086,0,0,0,0,0,0,0,0,226656,0,226656
"743",50145,"City of Kokomo","Full Reporter","Urban","DR","DO",0,0,0,0,0,0,0,0,57996,0,0,0,0,0,945,0,945
"744",50145,"City of Kokomo","Full Reporter","Urban","MB","DO",0,0,0,14257,0,0,0,0,15177,0,0,0,0,0,0,0,0
"745",50146,"Madison County Transit District","Full Reporter","Urban","DR","PT",0,0,0,0,0,0,0,0,88422,0,0,0,0,0,136797,0,136797
"746",50146,"Madison County Transit District","Full Reporter","Urban","MB","PT",697640,0,0,0,0,0,0,0,57483,0,0,0,0,0,1568202,0,1568202
"747",50146,"Madison County Transit District","Full Reporter","Urban","VP","DO",0,0,0,0,0,0,0,0,32352,0,0,0,0,0,242059,0,242059
"748",50148,"Blue Water Area Transportation Commission","Full Reporter","Urban","CB","DO",0,0,20698,0,0,0,0,0,0,0,0,0,0,0,2694,0,2694
"749",50148,"Blue Water Area Transportation Commission","Full Reporter","Urban","DR","DO",0,0,197819,0,0,0,0,0,0,0,0,0,0,0,70791,1350348,1421139
"750",50148,"Blue Water Area Transportation Commission","Full Reporter","Urban","DR","PT",0,0,23218,35,0,0,0,0,87976,0,0,0,0,0,0,1839261,1839261
"751",50148,"Blue Water Area Transportation Commission","Full Reporter","Urban","MB","DO",0,0,85531,0,38375,0,0,0,0,0,0,0,0,0,189161,0,189161
"752",50149,"Michiana Area Council of Governments","Full Reporter","Urban","DR","PT",0,0,0,0,0,0,0,0,17300,0,0,0,0,0,45855,97,45952
"753",50149,"Michiana Area Council of Governments","Full Reporter","Urban","MB","PT",0,0,0,98299,0,0,0,0,0,0,0,0,0,0,167501,5686,173187
"754",50154,"Metropolitan Council","Full Reporter","Urban","DR","PT",0,0,0,0,0,0,0,0,3631083,0,0,0,0,0,6165369,1226720,7392089
"755",50154,"Metropolitan Council","Full Reporter","Urban","MB","PT",489739,0,0,0,0,0,0,0,87311,0,0,0,0,0,549465,0,549465
"756",50154,"Metropolitan Council","Full Reporter","Urban","VP","PT",0,0,0,0,0,0,0,0,34717,0,0,0,0,0,495440,0,495440
"757",50157,"Butler County Regional Transit Authority","Full Reporter","Urban","DR","DO",0,0,0,0,0,0,0,0,94349,0,0,0,0,0,57041,244932,301973
"758",50157,"Butler County Regional Transit Authority","Full Reporter","Urban","MB","DO",0,0,0,58448,0,0,0,0,24987,0,0,0,0,0,0,0,0
"759",50158,"University of Michigan Parking and Transportation Services","Full Reporter","Urban","MB","DO",0,0,0,312832,0,0,0,0,0,0,0,0,0,0,0,0,0
"760",50159,"River Valley Metro Mass Transit District","Full Reporter","Urban","CB","PT",0,0,0,3430,0,0,0,0,38135,0,0,0,0,0,22377,0,22377
"761",50159,"River Valley Metro Mass Transit District","Full Reporter","Urban","DR","PT",0,0,0,1425,0,0,0,0,16204,0,0,0,0,0,10837,0,10837
"762",50159,"River Valley Metro Mass Transit District","Full Reporter","Urban","MB","PT",0,0,0,71795,0,0,0,0,107447,0,0,0,0,0,215831,0,215831
"763",50160,"County of Washington","Full Reporter","Urban","CB","PT",0,0,0,46892,0,0,0,0,0,0,0,0,0,0,55183,0,55183
"764",50160,"County of Washington","Full Reporter","Urban","DR","PT",0,0,0,0,0,0,0,0,101373,0,0,0,0,0,215705,210506,426211
"765",50161,"Ozaukee County","Full Reporter","Urban","CB","PT",0,0,0,9800,0,0,0,0,0,0,0,0,0,0,35245,0,35245
"766",50161,"Ozaukee County","Full Reporter","Urban","DR","PT",0,0,0,0,0,0,0,0,69594,0,0,0,0,0,275781,232576,508357
"767",50163,"Licking County, Ohio","Full Reporter","Urban","DR","DO",0,0,0,0,0,0,0,0,105300,0,0,0,0,0,60514,401806,462320
"768",50163,"Licking County, Ohio","Full Reporter","Urban","MB","DO",0,0,0,0,0,0,0,0,2889,0,0,0,0,0,0,0,0
"769",50165,"Greene County Transit Board","Full Reporter","Urban","DR","PT",0,0,0,0,0,0,0,0,88075,0,0,0,0,0,99643,605559,705202
"770",50166,"Clermont County, Ohio","Full Reporter","Urban","DR","DO",0,0,0,0,0,0,0,0,31696,0,0,0,0,0,23797,444706,468503
"771",50166,"Clermont County, Ohio","Full Reporter","Urban","DR","PT",0,0,0,0,0,0,0,0,47115,0,0,0,0,0,0,0,0
"772",50166,"Clermont County, Ohio","Full Reporter","Urban","MB","DO",0,0,0,7518,0,0,0,0,9200,0,0,0,0,0,37116,0,37116
"773",50169,"Miami County, Ohio","Full Reporter","Urban","DR","PT",0,0,0,0,0,0,0,0,62345,0,0,0,0,0,98651,220742,319393
"774",50176,"City of DeKalb","Full Reporter","Urban","DR","PT",0,0,0,0,0,0,0,0,77204,0,0,0,0,0,77616,0,77616
"775",50176,"City of DeKalb","Full Reporter","Urban","MB","PT",0,0,0,180142,0,0,0,0,10545,0,0,0,0,0,51744,1749611,1801355
"776",50182,"Pace, the Suburban Bus Division of the Regional Transportation Authority","Full Reporter","Urban","DR","PT",0,0,0,0,0,0,0,0,2601662,0,0,0,0,0,5399054,1675839,7074893
"777",50184,"Macatawa Area Express Transportation Authority","Full Reporter","Urban","DR","DO",0,0,0,22758,0,0,0,0,28979,0,0,0,0,0,73861,0,73861
"778",50184,"Macatawa Area Express Transportation Authority","Full Reporter","Urban","MB","DO",0,0,0,23954,0,0,0,0,30502,0,0,0,0,0,120785,0,120785
"779",50191,"Mid-Ohio Regional Planning Commission","Full Reporter","Urban","VP","PT",0,0,0,0,0,0,0,0,20419,0,0,0,0,0,253846,0,253846
"780",50193,"Michigan Department of Transportation","Full Reporter","Urban","VP","PT",0,0,0,0,0,0,0,0,118723,0,0,0,0,0,1978655,0,1978655
"781",50198,"Medina County","Full Reporter","Urban","DR","DO",0,0,0,648,0,0,0,0,30851,0,0,0,0,0,38935,548461,587396
"782",50198,"Medina County","Full Reporter","Urban","MB","DO",0,0,0,0,0,0,0,0,21438,0,0,0,0,0,14928,16000,30928
"783",50199,"Delaware County Transit Board","Full Reporter","Urban","DR","DO",0,0,0,3847,0,0,0,0,86769,0,0,0,0,0,188362,610918,799280
"784",50209,"Central Indiana Regional Transportation Authority","Full Reporter","Urban","MB","PT",0,0,0,0,0,0,0,0,18207,0,0,0,0,0,17895,0,17895
"785",50209,"Central Indiana Regional Transportation Authority","Full Reporter","Urban","VP","PT",0,0,0,0,0,0,0,0,24607,0,0,0,0,0,367057,0,367057
"786",50213,"M-1 Rail","Full Reporter","Urban","SR","DO",0,0,0,0,0,2229920,0,0,0,0,0,0,0,0,0,0,0
"787",50342,"Hendricks County Sycamore Services","Full Reporter","Urban","DR","DO",0,0,0,0,0,0,0,0,43685,0,0,0,0,0,71266,76879,148145
"788",50515,"University of Minnesota","Full Reporter","Urban","MB","PT",108826,0,0,0,0,0,0,0,22153,0,0,0,0,0,0,0,0
"789",50516,"City of Plymouth","Full Reporter","Urban","DR","PT",0,0,0,4468,0,0,0,0,39956,0,0,0,0,0,63122,8610,71732
"790",50516,"City of Plymouth","Full Reporter","Urban","MB","PT",0,0,0,105066,0,0,0,0,0,0,0,0,0,0,311400,0,311400
"791",50517,"City of Maple Grove","Full Reporter","Urban","DR","PT",0,0,0,0,0,0,0,0,35166,0,0,0,0,0,74099,0,74099
"792",50518,"SouthWest Transit","Full Reporter","Urban","DR","PT",0,0,0,18030,40786,0,0,0,83085,0,0,0,0,0,599017,0,599017
"793",50518,"SouthWest Transit","Full Reporter","Urban","MB","PT",0,0,0,155918,0,0,0,0,0,0,0,0,0,0,792585,0,792585
"794",50519,"Minnesota Valley Transit Authority","Full Reporter","Urban","DR","PT",9862,0,0,0,0,0,0,0,86069,0,0,0,0,0,232119,0,232119
"795",50519,"Minnesota Valley Transit Authority","Full Reporter","Urban","MB","PT",863323,0,0,0,0,0,0,0,0,0,0,0,0,0,2378752,0,2378752
"796",50521,"Chicago Water Taxi (Wendella)","Full Reporter","Urban","FB","DO",0,0,0,1382,0,0,0,0,0,0,0,0,0,0,59909,0,59909
"797",50522,"Lake Erie Transportation Commission","Full Reporter","Urban","DR","DO",0,0,0,36305,0,0,0,0,3937,0,0,0,0,0,70590,11492,82082
"798",50522,"Lake Erie Transportation Commission","Full Reporter","Urban","MB","DO",0,0,0,52602,0,0,0,0,4167,0,0,0,0,0,65935,35503,101438
"799",55311,"City of Cincinnati","Full Reporter","Urban","SR","PT",0,0,0,0,0,1550743,0,0,0,0,0,0,0,0,0,0,0
"800",55312,"City of Milwaukee","Full Reporter","Urban","SR","PT",0,0,0,0,0,919183,0,0,0,0,0,0,0,0,0,0,0
"801",60006,"City of El Paso","Full Reporter","Urban","DR","PT",0,0,228318,0,0,0,0,0,3614,0,0,0,0,0,478213,0,478213
"802",60006,"City of El Paso","Full Reporter","Urban","MB","DO",0,0,1773427,0,0,0,0,0,0,0,0,0,0,0,4805863,0,4805863
"803",60006,"City of El Paso","Full Reporter","Urban","SR","DO",0,0,0,0,0,382440,0,0,0,0,0,0,0,0,0,0,0
"804",60007,"Fort Worth Transportation Authority","Full Reporter","Urban","CR","PT",0,0,0,635133,0,0,0,0,0,0,0,0,0,0,1785062,27141,1812203
"805",60007,"Fort Worth Transportation Authority","Full Reporter","Urban","DR","DO",0,0,204622,0,0,0,0,0,0,0,0,0,0,0,303778,72039,375817
"806",60007,"Fort Worth Transportation Authority","Full Reporter","Urban","DR","PT",0,0,0,0,0,0,0,0,161867,0,0,0,0,0,558346,132408,690754
"807",60007,"Fort Worth Transportation Authority","Full Reporter","Urban","MB","DO",0,0,1935927,0,236707,0,0,0,3158,0,0,0,0,0,3711595,908968,4620563
"808",60007,"Fort Worth Transportation Authority","Full Reporter","Urban","MB","PT",0,0,62270,0,0,0,0,0,0,0,0,0,0,0,0,0,0
"809",60007,"Fort Worth Transportation Authority","Full Reporter","Urban","VP","PT",0,0,0,0,0,0,0,0,160471,0,0,0,0,0,1644943,0,1644943
"810",60008,"Metropolitan Transit Authority of Harris County, Texas","Full Reporter","Urban","CB","DO",0,0,0,1367387,0,0,0,0,0,0,0,0,0,0,5486262,3030,5489292
"811",60008,"Metropolitan Transit Authority of Harris County, Texas","Full Reporter","Urban","CB","PT",0,0,0,555845,0,0,0,0,0,0,0,0,0,0,3333503,2758,3336261
"812",60008,"Metropolitan Transit Authority of Harris County, Texas","Full Reporter","Urban","DR","PT",0,0,0,0,0,0,0,0,2486320,0,0,0,0,0,1811388,41771,1853159
"813",60008,"Metropolitan Transit Authority of Harris County, Texas","Full Reporter","Urban","LR","DO",0,0,0,0,0,22381940,0,0,0,0,0,0,0,0,1775138,758452,2533590
"814",60008,"Metropolitan Transit Authority of Harris County, Texas","Full Reporter","Urban","MB","DO",0,0,1451679,6205370,0,0,0,0,176689,0,0,0,0,0,18241917,537523,18779440
"815",60008,"Metropolitan Transit Authority of Harris County, Texas","Full Reporter","Urban","MB","PT",0,0,0,1880007,0,0,0,0,0,0,0,0,0,0,4621025,142276,4763301
"816",60008,"Metropolitan Transit Authority of Harris County, Texas","Full Reporter","Urban","RB","DO",0,0,0,145145,0,0,0,0,0,0,0,0,0,0,37909,267,38176
"817",60008,"Metropolitan Transit Authority of Harris County, Texas","Full Reporter","Urban","VP","DO",0,0,0,0,0,0,0,0,137484,0,0,0,0,0,1634394,0,1634394
"818",60009,"City of Laredo","Full Reporter","Urban","DR","DO",0,0,0,554,0,0,0,0,39542,0,0,0,0,0,41460,0,41460
"819",60009,"City of Laredo","Full Reporter","Urban","MB","DO",0,0,334082,188010,0,0,0,0,18013,0,0,0,0,0,2542218,0,2542218
"820",60010,"City of Lubbock","Full Reporter","Urban","DR","DO",0,0,0,0,0,0,0,0,107592,0,0,0,0,0,294806,97363,392169
"821",60010,"City of Lubbock","Full Reporter","Urban","MB","DO",0,0,0,360613,37225,0,0,0,0,0,0,0,0,0,214462,4561945,4776407
"822",60011,"VIA Metropolitan Transit","Full Reporter","Urban","DR","DO",0,0,0,0,0,0,0,0,48016,0,0,0,883035,0,744054,0,744054
"823",60011,"VIA Metropolitan Transit","Full Reporter","Urban","DR","PT",0,0,0,0,0,0,0,0,516642,0,0,0,0,0,957380,0,957380
"824",60011,"VIA Metropolitan Transit","Full Reporter","Urban","MB","DO",0,0,5732164,134840,109000,0,0,0,0,0,0,0,0,0,11547265,1023917,12571182
"825",60011,"VIA Metropolitan Transit","Full Reporter","Urban","VP","PT",0,0,0,0,0,0,0,0,149757,0,0,0,0,0,1599775,0,1599775
"826",60012,"City of Waco","Full Reporter","Urban","DR","DO",0,0,0,63308,0,0,0,0,45093,0,0,0,0,0,111147,324020,435167
"827",60012,"City of Waco","Full Reporter","Urban","MB","DO",0,0,0,170539,0,0,0,0,0,0,0,0,0,0,285637,1134290,1419927
"828",60014,"City of Brownsville","Full Reporter","Urban","DR","DO",0,0,0,0,0,0,0,0,28830,0,0,0,0,0,29359,0,29359
"829",60014,"City of Brownsville","Full Reporter","Urban","MB","DO",0,0,0,205208,0,0,0,0,7239,0,0,0,0,0,866732,0,866732
"830",60015,"City of Galveston","Full Reporter","Urban","MB","DO",0,0,0,35877,0,0,0,0,13096,0,0,0,0,0,72901,0,72901
"831",60015,"City of Galveston","Full Reporter","Urban","SR","DO",0,0,0,613,0,0,0,0,0,0,0,0,0,0,11833,0,11833
"832",60016,"City of Beaumont","Full Reporter","Urban","DR","PT",0,0,1091,0,0,0,0,0,30130,0,0,0,0,0,41218,4580,45798
"833",60016,"City of Beaumont","Full Reporter","Urban","MB","PT",0,0,185946,0,0,0,0,0,0,0,0,0,0,0,228126,57032,285158
"834",60017,"Central Oklahoma Transportation and Parking Authority","Full Reporter","Urban","DR","DO",0,0,14026,41802,0,0,0,0,5854,0,0,0,0,0,154070,0,154070
"835",60017,"Central Oklahoma Transportation and Parking Authority","Full Reporter","Urban","FB","PT",0,0,0,2264,0,0,0,0,0,0,0,0,0,0,14583,0,14583
"836",60017,"Central Oklahoma Transportation and Parking Authority","Full Reporter","Urban","MB","DO",0,0,594146,253820,56424,0,0,0,0,0,0,0,0,0,2001470,0,2001470
"837",60017,"Central Oklahoma Transportation and Parking Authority","Full Reporter","Urban","SR","PT",0,0,0,0,0,1572579,0,0,0,0,0,0,0,0,99023,0,99023
"838",60017,"Central Oklahoma Transportation and Parking Authority","Full Reporter","Urban","VP","PT",0,0,0,0,0,0,0,0,201,0,0,0,0,0,3731,0,3731
"839",60018,"Metropolitan Tulsa Transit Authority","Full Reporter","Urban","DR","PT",0,0,151845,0,0,0,0,0,20339,0,0,0,0,0,237494,30730,268224
"840",60018,"Metropolitan Tulsa Transit Authority","Full Reporter","Urban","MB","DO",0,0,657222,62669,23363,0,0,0,0,0,0,0,0,0,1010122,402441,1412563
"841",60018,"Metropolitan Tulsa Transit Authority","Full Reporter","Urban","MB","PT",0,0,36489,0,0,0,0,0,0,0,0,0,0,0,42945,1789,44734
"842",60019,"City of Albuquerque","Full Reporter","Urban","DR","DO",0,0,0,0,0,0,0,0,305988,0,0,0,0,0,0,0,0
"843",60019,"City of Albuquerque","Full Reporter","Urban","MB","DO",0,0,247192,856707,103675,0,0,0,312232,0,0,0,0,0,0,0,0
"844",60019,"City of Albuquerque","Full Reporter","Urban","RB","DO",0,0,0,274911,0,0,0,0,0,0,0,0,0,0,0,0,0
"845",60022,"Capital Area Transit System","Full Reporter","Urban","DR","PT",0,0,0,0,0,0,0,0,100463,0,0,0,0,0,103244,0,103244
"846",60022,"Capital Area Transit System","Full Reporter","Urban","MB","DO",0,0,0,551830,4387,0,0,0,0,0,0,0,0,0,1163485,28779,1192264
"847",60024,"City of Shreveport","Full Reporter","Urban","DR","DO",0,0,0,0,0,0,0,0,84513,0,0,0,0,0,835,0,835
"848",60024,"City of Shreveport","Full Reporter","Urban","MB","DO",0,0,505830,0,67982,0,0,0,116130,0,0,0,0,0,0,0,0
"849",60032,"New Orleans Regional Transit Authority","Full Reporter","Urban","DR","DO",0,0,0,0,0,0,0,0,235588,0,0,0,0,0,412039,28784,440823
"850",60032,"New Orleans Regional Transit Authority","Full Reporter","Urban","FB","PT",0,0,0,157984,0,0,0,0,0,0,0,0,0,0,1462561,0,1462561
"851",60032,"New Orleans Regional Transit Authority","Full Reporter","Urban","MB","DO",0,0,0,1580734,0,0,0,0,0,0,0,0,0,0,6573561,0,6573561
"852",60032,"New Orleans Regional Transit Authority","Full Reporter","Urban","SR","DO",0,0,0,0,0,3482600,0,0,0,0,0,0,0,0,2439198,0,2439198
"853",60033,"Rock Region Metropolitan Transit Authority","Full Reporter","Urban","DR","DO",0,0,0,0,0,0,0,0,152192,0,0,0,0,0,175649,0,175649
"854",60033,"Rock Region Metropolitan Transit Authority","Full Reporter","Urban","DR","PT",0,0,0,0,0,0,0,0,21184,0,0,0,0,0,42531,0,42531
"855",60033,"Rock Region Metropolitan Transit Authority","Full Reporter","Urban","MB","DO",0,0,477225,30,78300,0,0,0,0,0,0,0,0,0,1090764,112427,1203191
"856",60033,"Rock Region Metropolitan Transit Authority","Full Reporter","Urban","SR","DO",0,0,0,0,0,320470,0,0,0,0,0,0,0,0,0,0,0
"857",60033,"Rock Region Metropolitan Transit Authority","Full Reporter","Urban","VP","PT",0,0,0,0,0,0,0,0,7604,0,0,0,0,0,66899,0,66899
"858",60038,"Lafayette City-Parish Consolidated Government","Full Reporter","Urban","DR","PT",0,0,0,0,0,0,0,0,22429,0,0,0,0,0,37008,0,37008
"859",60038,"Lafayette City-Parish Consolidated Government","Full Reporter","Urban","MB","DO",0,0,107773,48272,0,0,0,0,0,0,0,0,0,0,272540,0,272540
"860",60041,"City of Arlington","Full Reporter","Urban","DR","DO",0,0,0,5320,0,0,0,0,20076,0,0,0,0,0,44765,0,44765
"861",60041,"City of Arlington","Full Reporter","Urban","DR","PT",0,0,0,0,0,0,0,0,73634,0,0,0,0,0,179061,0,179061
"862",60048,"Capital Metropolitan Transportation Authority","Full Reporter","Urban","CB","PT",0,0,0,92560,0,0,0,0,0,0,0,0,0,0,304909,25227,330136
"863",60048,"Capital Metropolitan Transportation Authority","Full Reporter","Urban","DR","PT",0,0,0,241906,0,0,0,0,496943,0,0,0,0,0,825182,0,825182
"864",60048,"Capital Metropolitan Transportation Authority","Full Reporter","Urban","MB","PT",0,0,0,4145483,371248,0,0,0,26814,0,0,0,0,0,6822570,7063475,13886045
"865",60048,"Capital Metropolitan Transportation Authority","Full Reporter","Urban","VP","PT",0,0,0,0,0,0,0,0,126130,0,0,0,0,0,1590699,41735,1632434
"866",60048,"Capital Metropolitan Transportation Authority","Full Reporter","Urban","YR","PT",0,0,0,257358,0,0,0,0,0,0,0,0,0,0,1199785,110875,1310660
"867",60051,"Corpus Christi Regional Transportation Authority","Full Reporter","Urban","DR","PT",0,0,56696,0,0,0,0,0,155189,0,0,0,0,0,175183,0,175183
"868",60051,"Corpus Christi Regional Transportation Authority","Full Reporter","Urban","MB","DO",0,0,620808,79654,0,0,0,0,16965,0,0,0,0,0,679955,158684,838639
"869",60051,"Corpus Christi Regional Transportation Authority","Full Reporter","Urban","MB","PT",0,0,50219,0,0,0,0,0,65237,0,0,0,0,0,69118,16130,85248
"870",60051,"Corpus Christi Regional Transportation Authority","Full Reporter","Urban","VP","PT",0,0,0,0,0,0,0,0,41437,0,0,0,0,0,124209,316868,441077
"871",60056,"Dallas Area Rapid Transit","Full Reporter","Urban","CR","PT",0,0,0,1479082,0,0,0,0,0,0,0,0,0,0,3579225,0,3579225
"872",60056,"Dallas Area Rapid Transit","Full Reporter","Urban","DR","PT",0,0,100,0,0,0,0,0,410240,0,0,0,0,0,2476047,0,2476047
"873",60056,"Dallas Area Rapid Transit","Full Reporter","Urban","LR","DO",0,0,0,0,0,123492570,0,0,0,0,0,0,0,0,14571402,0,14571402
"874",60056,"Dallas Area Rapid Transit","Full Reporter","Urban","MB","DO",0,0,8811975,0,302999,0,0,0,0,0,0,0,0,0,18395992,0,18395992
"875",60056,"Dallas Area Rapid Transit","Full Reporter","Urban","SR","DO",0,0,0,0,0,681528,0,0,0,0,0,0,0,0,116544,0,116544
"876",60056,"Dallas Area Rapid Transit","Full Reporter","Urban","VP","PT",0,0,0,0,0,0,0,0,0,0,0,0,0,0,0,0,0
"877",60059,"Brazos Transit District","Full Reporter","Urban","DR","DO",0,0,0,0,0,0,0,0,179955,0,0,0,0,0,143214,0,143214
"878",60059,"Brazos Transit District","Full Reporter","Urban","MB","DO",0,0,0,93861,0,0,0,0,36770,0,0,0,0,0,223357,0,223357
"879",60077,"City of Santa Fe","Full Reporter","Urban","DR","DO",0,0,60476,0,0,0,0,0,9753,0,0,0,0,0,65540,0,65540
"880",60077,"City of Santa Fe","Full Reporter","Urban","MB","DO",0,0,141112,0,0,0,0,0,0,0,0,0,0,0,161019,0,161019
"881",60088,"Jefferson Parish","Full Reporter","Urban","DR","PT",0,0,0,0,0,0,0,0,0,0,0,0,110323,0,137682,0,137682
"882",60088,"Jefferson Parish","Full Reporter","Urban","MB","PT",414008,0,0,0,0,0,0,0,0,0,0,0,0,0,1990097,0,1990097
"883",60090,"Lower Rio Grande Valley Development Council","Full Reporter","Urban","DR","DO",0,0,0,0,0,0,0,0,15691,0,0,0,0,0,22238,0,22238
"884",60090,"Lower Rio Grande Valley Development Council","Full Reporter","Urban","MB","DO",0,0,0,128900,0,0,0,0,182100,0,0,0,0,0,674224,0,674224
"885",60091,"Hill Country Transit District","Full Reporter","Urban","DR","DO",0,0,0,20630,0,0,0,0,155891,0,0,0,0,0,46276,0,46276
"886",60091,"Hill Country Transit District","Full Reporter","Urban","MB","DO",0,0,0,95847,0,0,0,0,4416,0,0,0,0,0,157672,0,157672
"887",60095,"Golden Crescent Regional Planning Commission","Full Reporter","Urban","CB","DO",0,0,0,10022,0,0,0,0,47693,0,0,0,0,0,0,1258649,1258649
"888",60095,"Golden Crescent Regional Planning Commission","Full Reporter","Urban","DR","DO",0,0,0,0,0,0,0,0,54796,0,0,0,0,0,0,0,0
"889",60095,"Golden Crescent Regional Planning Commission","Full Reporter","Urban","DR","PT",0,0,0,0,0,0,0,0,49842,0,0,0,0,0,123883,0,123883
"890",60095,"Golden Crescent Regional Planning Commission","Full Reporter","Urban","MB","DO",0,0,0,0,0,0,0,0,43149,0,0,0,0,0,0,0,0
"891",60101,"Denton County Transportation Authority","Full Reporter","Urban","DR","DO",0,0,0,0,0,0,0,0,36754,0,0,0,0,0,392616,0,392616
"892",60101,"Denton County Transportation Authority","Full Reporter","Urban","DR","PT",0,0,0,0,0,0,0,0,148758,0,0,0,0,0,890197,0,890197
"893",60101,"Denton County Transportation Authority","Full Reporter","Urban","MB","DO",0,0,0,164401,0,0,0,0,17428,0,0,0,0,0,312977,3196046,3509023
"894",60101,"Denton County Transportation Authority","Full Reporter","Urban","VP","PT",0,0,0,0,0,0,0,0,97172,0,0,0,0,0,1025537,0,1025537
"895",60101,"Denton County Transportation Authority","Full Reporter","Urban","YR","PT",0,0,0,248507,0,0,0,0,0,0,0,0,0,0,334897,0,334897
"896",60102,"Concho Valley Transit District","Full Reporter","Urban","DR","DO",0,0,0,0,0,0,0,0,122642,0,0,0,0,0,29503,86836,116339
"897",60102,"Concho Valley Transit District","Full Reporter","Urban","MB","DO",0,0,0,587,0,0,0,0,56224,0,0,0,0,0,66179,15468,81647
"898",60103,"Fort Bend County, Texas","Full Reporter","Urban","CB","PT",0,0,0,68513,0,0,0,0,17295,0,0,0,0,0,467615,0,467615
"899",60103,"Fort Bend County, Texas","Full Reporter","Urban","DR","PT",0,0,0,0,0,0,0,0,150288,0,0,0,0,0,85480,0,85480
"900",60107,"Texoma Area Paratransit System, Inc","Full Reporter","Urban","DR","PT",0,0,0,0,0,0,0,0,55190,0,0,0,0,0,44078,0,44078
"901",60108,"Harris County","Full Reporter","Urban","CB","PT",0,0,0,21455,0,0,0,0,0,0,0,0,0,0,10421,0,10421
"902",60108,"Harris County","Full Reporter","Urban","MB","PT",0,0,0,0,0,0,0,0,73840,0,0,0,0,0,61388,0,61388
"903",60111,"Rio Metro Regional Transit District","Full Reporter","Urban","CB","PT",0,0,0,43713,0,0,0,0,0,0,0,0,0,0,0,0,0
"904",60111,"Rio Metro Regional Transit District","Full Reporter","Urban","CR","PT",0,0,0,1132643,0,0,0,0,0,0,0,0,0,0,936051,0,936051
"905",60111,"Rio Metro Regional Transit District","Full Reporter","Urban","DR","DO",0,0,0,0,0,0,0,0,64568,0,0,0,0,0,0,0,0
"906",60111,"Rio Metro Regional Transit District","Full Reporter","Urban","MB","DO",0,0,0,0,0,0,0,0,22464,0,0,0,0,0,0,0,0
"907",60114,"STAR Transit","Full Reporter","Urban","DR","DO",0,0,0,0,16,0,0,0,190714,0,0,0,0,0,145463,0,145463
"908",60114,"STAR Transit","Full Reporter","Urban","MB","DO",0,0,0,0,0,0,0,0,21191,0,0,0,0,0,32956,0,32956
"909",60130,"Alamo Area Council of Governments","Full Reporter","Urban","DR","DO",0,0,0,1689,0,0,0,0,203968,0,0,0,0,0,150173,1362431,1512604
"910",60130,"Alamo Area Council of Governments","Full Reporter","Urban","MB","DO",0,0,0,0,0,0,0,0,20173,0,0,0,0,0,0,0,0
"911",60133,"McKinney Avenue Transit Authority","Full Reporter","Urban","SR","DO",0,0,0,0,0,313000,0,0,0,0,0,0,0,0,32456,0,32456
"912",60134,"The Woodlands Township","Full Reporter","Urban","CB","PT",0,0,0,178166,0,0,0,0,0,0,0,0,0,0,2242003,0,2242003
"913",60134,"The Woodlands Township","Full Reporter","Urban","MB","DO",0,0,0,0,0,0,0,0,0,0,0,0,36732,0,0,0,0
"914",60269,"Texas State University","Full Reporter","Urban","MB","PT",0,0,0,225862,0,0,0,0,0,0,0,0,0,0,0,0,0
"915",60270,"City of McKinney","Full Reporter","Urban","DR","PT",0,0,0,0,0,0,0,0,20067,0,0,0,0,0,43686,0,43686
"916",60273,"University of Texas Rio Grande Valley","Full Reporter","Urban","MB","DO",0,0,0,33141,149188,0,0,0,25088,0,0,0,0,0,0,0,0
"917",60273,"University of Texas Rio Grande Valley","Full Reporter","Urban","MB","PT",0,0,0,97055,0,0,0,0,0,0,0,0,0,0,0,0,0
"918",60276,"Plaquemines Port, Harbor and Terminal District","Full Reporter","Urban","FB","DO",0,0,0,258447,0,0,0,0,0,0,0,0,0,0,279212,0,279212
"919",66339,"New Mexico Department of Transportation","Full Reporter","Urban","VP","PT",0,0,0,0,0,0,0,0,70370,0,0,0,0,0,754106,0,754106
"920",70001,"City of Lincoln","Full Reporter","Urban","DR","DO",0,0,41965,0,0,0,0,0,25293,0,0,0,0,0,89365,0,89365
"921",70001,"City of Lincoln","Full Reporter","Urban","MB","DO",0,0,270236,105074,261591,0,0,0,0,0,0,0,0,0,485259,2502172,2987431
"922",70002,"Transit Authority of Omaha","Full Reporter","Urban","DR","DO",0,0,32277,0,0,0,0,0,70919,0,0,0,0,0,167582,8795,176377
"923",70002,"Transit Authority of Omaha","Full Reporter","Urban","MB","DO",261661,0,500765,198415,136160,0,0,0,1515,0,0,0,0,0,2156711,1770362,3927073
"924",70003,"City of Springfield","Full Reporter","Urban","DR","DO",0,0,0,0,0,0,0,0,23403,0,0,0,0,0,22201,0,22201
"925",70003,"City of Springfield","Full Reporter","Urban","MB","DO",0,0,0,213311,72160,0,0,0,0,0,0,0,0,0,776693,0,776693
"926",70005,"Kansas City Area Transportation Authority","Full Reporter","Urban","DR","DO",0,0,52264,0,0,0,0,0,5861,0,0,0,0,0,0,0,0
"927",70005,"Kansas City Area Transportation Authority","Full Reporter","Urban","DR","PT",0,0,0,0,0,0,0,0,161743,0,0,0,0,0,0,70752,70752
"928",70005,"Kansas City Area Transportation Authority","Full Reporter","Urban","MB","DO",0,0,1269604,364760,27576,0,0,0,0,0,0,0,0,0,0,0,0
"929",70005,"Kansas City Area Transportation Authority","Full Reporter","Urban","RB","DO",0,0,91775,25559,0,0,0,0,0,0,0,0,0,0,0,0,0
"930",70005,"Kansas City Area Transportation Authority","Full Reporter","Urban","VP","PT",0,0,0,0,0,0,0,0,17978,0,0,0,0,0,338320,0,338320
"931",70006,"Bi-State Development Agency of the Missouri-Illinois Metropolitan District","Full Reporter","Urban","DR","DO",288334,0,0,0,0,0,0,0,125175,0,0,0,0,0,539449,0,539449
"932",70006,"Bi-State Development Agency of the Missouri-Illinois Metropolitan District","Full Reporter","Urban","LR","DO",0,0,0,0,0,29653666,0,0,0,0,0,0,0,0,7843139,0,7843139
"933",70006,"Bi-State Development Agency of the Missouri-Illinois Metropolitan District","Full Reporter","Urban","MB","DO",2746700,0,0,0,1318080,0,0,0,0,0,0,0,0,0,11582506,0,11582506
"934",70008,"City of Cedar Rapids","Full Reporter","Urban","DR","DO",0,0,0,0,0,0,0,0,0,0,0,0,0,0,0,0,0
"935",70008,"City of Cedar Rapids","Full Reporter","Urban","DR","PT",0,0,0,0,0,0,0,0,9997,0,0,0,0,0,139369,0,139369
"936",70008,"City of Cedar Rapids","Full Reporter","Urban","MB","DO",0,0,0,216423,0,0,0,0,0,0,0,0,0,0,321636,0,321636
"937",70010,"Des Moines Area Regional Transit Authority","Full Reporter","Urban","DR","DO",0,0,0,138011,0,0,0,0,0,0,0,0,0,0,116883,529707,646590
"938",70010,"Des Moines Area Regional Transit Authority","Full Reporter","Urban","MB","DO",0,0,0,661855,154159,0,0,0,0,0,0,0,0,0,1682936,2490401,4173337
"939",70010,"Des Moines Area Regional Transit Authority","Full Reporter","Urban","VP","DO",0,0,0,0,0,0,0,0,41278,0,0,0,0,0,145189,115526,260715
"940",70012,"City of Sioux City","Full Reporter","Urban","DR","PT",0,0,0,0,0,0,0,0,31547,0,0,0,0,0,150192,0,150192
"941",70012,"City of Sioux City","Full Reporter","Urban","MB","DO",0,0,0,121594,0,0,0,0,0,0,0,0,0,0,675692,0,675692
"942",70014,"Topeka Metropolitan Transit Authority","Full Reporter","Urban","DR","DO",0,0,0,0,0,0,0,0,16593,0,0,0,0,0,67173,0,67173
"943",70014,"Topeka Metropolitan Transit Authority","Full Reporter","Urban","DR","PT",0,0,0,0,0,0,0,0,2375,0,0,0,0,0,18315,0,18315
"944",70014,"Topeka Metropolitan Transit Authority","Full Reporter","Urban","MB","DO",0,0,0,172043,0,0,0,0,0,0,0,0,0,0,634581,0,634581
"945",70015,"City of Wichita","Full Reporter","Urban","DR","DO",0,0,0,0,0,0,0,0,110218,0,0,0,0,0,262416,0,262416
"946",70015,"City of Wichita","Full Reporter","Urban","MB","DO",0,0,0,275083,400147,0,0,0,0,0,0,0,0,0,981113,808725,1789838
"947",70016,"City of Columbia","Full Reporter","Urban","DR","DO",0,0,925,0,0,0,0,0,43154,0,0,0,0,0,0,50371,50371
"948",70016,"City of Columbia","Full Reporter","Urban","MB","DO",46651,0,27927,0,106153,0,0,0,0,0,0,0,0,0,0,826757,826757
"949",70018,"City of Iowa City","Full Reporter","Urban","MB","DO",0,0,0,167996,150633,0,0,0,0,0,0,0,0,0,1054035,297532,1351567
"950",70019,"University of Iowa","Full Reporter","Urban","DR","DO",0,0,0,1568,0,0,0,0,2115,0,0,0,0,0,0,0,0
"951",70019,"University of Iowa","Full Reporter","Urban","MB","DO",160341,0,0,0,0,0,0,0,0,0,0,0,0,0,0,0,0
"952",70030,"City of Coralville","Full Reporter","Urban","DR","DO",0,0,0,1800,0,0,0,0,66359,0,0,0,0,0,0,0,0
"953",70030,"City of Coralville","Full Reporter","Urban","MB","DO",0,0,0,50552,0,0,0,0,0,0,0,0,0,0,110424,168402,278826
"954",70035,"Johnson County Kansas","Full Reporter","Urban","CB","PT",0,0,0,81743,0,0,0,0,0,0,0,0,0,0,0,0,0
"955",70035,"Johnson County Kansas","Full Reporter","Urban","DR","PT",0,0,18385,0,0,0,0,0,68451,0,0,0,0,0,0,0,0
"956",70035,"Johnson County Kansas","Full Reporter","Urban","MB","PT",0,0,92010,181944,0,0,0,0,12474,0,0,0,0,0,0,0,0
"957",70041,"Ames Transit Agency","Full Reporter","Urban","MB","DO",15759,0,0,275273,0,0,0,0,17614,0,0,0,0,0,205387,6567668,6773055
"958",70044,"University of Kansas","Full Reporter","Urban","MB","PT",52018,0,0,29156,0,0,0,0,0,0,0,0,0,0,0,0,0
"959",70045,"County of Johnson, Iowa","Full Reporter","Urban","DR","DO",0,0,0,200,0,0,0,0,81458,0,0,0,0,0,80432,105478,185910
"960",70048,"City of Lawrence","Full Reporter","Urban","DR","PT",0,0,0,0,0,0,0,0,79619,0,0,0,0,0,0,0,0
"961",70048,"City of Lawrence","Full Reporter","Urban","MB","PT",0,0,0,66476,249061,0,0,0,53226,0,0,0,0,0,0,0,0
"962",70049,"River Bend Transit","Full Reporter","Urban","DR","DO",0,0,0,0,0,0,0,0,159069,0,0,0,0,0,148781,663154,811935
"963",70049,"River Bend Transit","Full Reporter","Urban","MB","DO",0,0,0,0,0,0,0,0,10236,0,0,0,0,0,2606,0,2606
"964",70057,"Loop Trolley Transportation Development District","Full Reporter","Urban","SR","PT",0,0,0,0,0,202224,0,0,0,0,0,0,0,0,0,0,0
"965",70066,"Heart of Iowa Regional Transit Agency","Full Reporter","Urban","DR","DO",0,0,0,0,0,0,0,0,83407,0,0,0,0,0,177719,592299,770018
"966",70271,"Kansas City, City of Missouri","Full Reporter","Urban","SR","PT",0,0,0,0,0,1548875,0,0,0,0,0,0,0,0,0,0,0
"967",70275,"Nebraska Department of Transportation","Full Reporter","Urban","VP","PT",0,0,0,0,0,0,0,0,39798,0,0,0,0,0,666748,0,666748
"968",80001,"Utah Transit Authority","Full Reporter","Urban","CB","DO",0,0,0,264905,0,0,0,0,0,0,0,0,0,0,248366,306532,554898
"969",80001,"Utah Transit Authority","Full Reporter","Urban","CR","DO",0,0,0,2285977,0,0,0,0,0,0,0,0,0,0,2463601,1932723,4396324
"970",80001,"Utah Transit Authority","Full Reporter","Urban","DR","DO",0,0,0,0,0,0,0,0,286632,0,0,0,0,0,130079,110090,240169
"971",80001,"Utah Transit Authority","Full Reporter","Urban","DR","PT",0,0,0,0,16720,0,0,0,269000,0,0,0,0,0,315424,92623,408047
"972",80001,"Utah Transit Authority","Full Reporter","Urban","LR","DO",0,0,0,0,0,43635792,0,0,0,0,0,0,0,0,4608405,5722511,10330916
"973",80001,"Utah Transit Authority","Full Reporter","Urban","MB","DO",0,0,423698,3023321,1257638,0,0,0,174820,0,0,0,0,0,6569045,9205414,15774459
"974",80001,"Utah Transit Authority","Full Reporter","Urban","MB","PT",0,0,0,0,0,0,0,0,41570,0,0,0,0,0,15679,0,15679
"975",80001,"Utah Transit Authority","Full Reporter","Urban","VP","DO",0,0,0,0,0,0,0,0,319630,0,0,0,0,0,2495064,1228912,3723976
"976",80002,"City of Sioux Falls","Full Reporter","Urban","DR","DO",17721,0,0,10807,0,0,0,0,18763,0,0,0,0,0,136227,25215,161442
"977",80002,"City of Sioux Falls","Full Reporter","Urban","MB","DO",64674,0,0,42654,0,0,0,0,0,0,0,0,0,0,310368,58835,369203
"978",80003,"City of Fargo","Full Reporter","Urban","DR","PT",0,0,0,0,0,0,0,0,59002,0,0,0,0,0,179624,0,179624
"979",80003,"City of Fargo","Full Reporter","Urban","MB","PT",0,0,0,176717,0,0,0,0,4310,0,0,0,0,0,326516,89039,415555
"980",80004,"City of Billings","Full Reporter","Urban","DR","DO",0,0,0,0,0,0,0,0,33796,0,0,0,0,0,74447,172345,246792
"981",80004,"City of Billings","Full Reporter","Urban","MB","DO",0,0,0,103036,0,0,0,0,0,0,0,0,0,0,319304,0,319304
"982",80005,"City of Colorado Springs","Full Reporter","Urban","DR","PT",0,0,0,0,0,0,0,0,111014,0,0,0,0,0,269608,0,269608
"983",80005,"City of Colorado Springs","Full Reporter","Urban","MB","PT",0,0,0,668212,195762,0,0,0,9567,0,0,0,0,0,1430683,120860,1551543
"984",80005,"City of Colorado Springs","Full Reporter","Urban","VP","DO",0,0,0,0,0,0,0,0,5456,0,0,0,0,0,58967,0,58967
"985",80006,"Denver Regional Transportation District","Full Reporter","Urban","CR","DO",0,0,0,0,0,4173471,0,0,0,0,0,0,0,0,650355,177145,827500
"986",80006,"Denver Regional Transportation District","Full Reporter","Urban","CR","PT",0,0,0,0,0,35079108,0,0,0,0,0,0,0,0,12452231,3391775,15844006
"987",80006,"Denver Regional Transportation District","Full Reporter","Urban","DR","PT",0,0,0,0,0,0,0,0,1155310,0,0,0,0,0,2184671,0,2184671
"988",80006,"Denver Regional Transportation District","Full Reporter","Urban","LR","DO",0,0,0,0,0,62788993,0,0,0,0,0,0,0,0,9416931,2565011,11981942
"989",80006,"Denver Regional Transportation District","Full Reporter","Urban","MB","DO",0,0,0,3548450,1050054,0,0,0,0,0,0,0,0,0,17119169,4662969,21782138
"990",80006,"Denver Regional Transportation District","Full Reporter","Urban","MB","PT",0,0,0,2601437,151423,0,0,0,0,0,0,0,0,0,8577654,2336406,10914060
"991",80007,"City of Pueblo","Full Reporter","Urban","DR","PT",0,0,0,0,0,0,0,0,33088,0,0,0,0,0,26703,51800,78503
"992",80007,"City of Pueblo","Full Reporter","Urban","MB","DO",0,0,0,125158,0,0,0,0,0,0,0,0,0,0,139390,120119,259509
"993",80008,"City of Grand Forks","Full Reporter","Urban","DR","DO",0,0,0,0,0,0,0,0,22705,0,0,0,0,0,158377,0,158377
"994",80008,"City of Grand Forks","Full Reporter","Urban","MB","DO",0,0,0,65113,0,0,0,0,7094,0,0,0,0,0,240602,0,240602
"995",80009,"Missoula Urban Transportation District","Full Reporter","Urban","DR","DO",0,0,0,1450,0,0,0,0,33640,0,0,0,0,0,0,0,0
"996",80009,"Missoula Urban Transportation District","Full Reporter","Urban","MB","DO",0,0,0,125459,219843,0,0,0,0,0,0,0,0,0,0,0,0
"997",80011,"City of Fort Collins","Full Reporter","Urban","DR","PT",0,0,0,0,0,0,0,0,0,0,0,0,5850,0,0,0,0
"998",80011,"City of Fort Collins","Full Reporter","Urban","MB","DO",0,0,290384,0,44739,0,0,0,0,0,0,0,0,0,0,0,0
"999",80011,"City of Fort Collins","Full Reporter","Urban","MB","PT",0,0,0,0,0,0,0,0,0,0,0,0,11696,0,0,0,0
"1000",80011,"City of Fort Collins","Full Reporter","Urban","RB","DO",0,0,67547,0,0,0,0,0,0,0,0,0,0,0,0,0,0
"1001",80012,"Great Falls Transit District","Full Reporter","Urban","DR","DO",0,0,0,0,0,0,0,0,20958,0,0,0,0,0,113791,0,113791
"1002",80012,"Great Falls Transit District","Full Reporter","Urban","MB","DO",0,0,0,87338,0,0,0,0,0,0,0,0,0,0,188556,0,188556
"1003",80025,"City of Loveland, Colorado","Full Reporter","Urban","MB","DO",0,0,23707,28479,0,0,0,0,11241,0,0,0,0,0,29343,1145,30488
"1004",80028,"Cache Valley Transit District","Full Reporter","Urban","DR","DO",0,0,0,0,0,0,0,0,30622,0,0,0,0,0,0,0,0
"1005",80028,"Cache Valley Transit District","Full Reporter","Urban","MB","DO",0,0,0,199738,0,0,0,0,0,0,0,0,0,0,0,0,0
"1006",80106,"North Front Range Transportation and Air Quality Planning Council","Full Reporter","Urban","VP","DO",0,0,0,0,0,0,0,0,14305,0,0,0,0,0,95926,10046,105972
"1007",80107,"University of Montana","Full Reporter","Urban","MB","DO",0,0,0,2767,105649,0,0,0,0,0,0,0,0,0,0,0,0
"1008",80109,"Denver Regional Council of Governments","Full Reporter","Urban","VP","PT",0,0,0,0,0,0,0,0,36776,0,0,0,0,0,548077,0,548077
"1009",80285,"Via Mobility Services","Full Reporter","Urban","DR","DO",0,0,2377,0,0,0,0,0,145773,0,0,0,0,0,19091,0,19091
"1010",90001,"Regional Transportation Commission of Washoe County","Full Reporter","Urban","CB","PT",3590,0,0,0,255455,0,0,0,0,0,0,0,0,0,40903,0,40903
"1011",90001,"Regional Transportation Commission of Washoe County","Full Reporter","Urban","DR","PT",0,0,162749,0,0,0,0,0,11045,0,0,0,0,0,262670,0,262670
"1012",90001,"Regional Transportation Commission of Washoe County","Full Reporter","Urban","MB","PT",530823,0,0,0,1050388,0,0,0,0,0,0,0,0,0,3056336,0,3056336
"1013",90001,"Regional Transportation Commission of Washoe County","Full Reporter","Urban","VP","PT",0,0,0,0,0,0,0,0,264391,0,0,0,0,0,4500265,0,4500265
"1014",90002,"City and County of Honolulu","Full Reporter","Urban","DR","PT",0,0,0,532,0,0,0,0,1200847,0,0,0,0,0,1793364,0,1793364
"1015",90002,"City and County of Honolulu","Full Reporter","Urban","HR","PT",0,0,0,0,0,36659,0,0,0,0,0,0,0,0,0,0,0
"1016",90002,"City and County of Honolulu","Full Reporter","Urban","MB","PT",0,0,0,4573625,1104270,0,0,0,0,0,0,0,0,0,42289763,0,42289763
"1017",90003,"San Francisco Bay Area Rapid Transit District","Full Reporter","Urban","HR","DO",0,0,0,0,0,317210001,0,0,0,0,0,0,0,0,181243024,0,181243024
"1018",90003,"San Francisco Bay Area Rapid Transit District","Full Reporter","Urban","MG","PT",0,0,0,0,0,5709615,0,0,0,0,0,0,0,0,2878424,0,2878424
"1019",90003,"San Francisco Bay Area Rapid Transit District","Full Reporter","Urban","YR","DO",310437,0,0,0,0,0,0,0,0,0,0,0,0,0,3684950,0,3684950
"1020",90004,"Golden Empire Transit District","Full Reporter","Urban","DR","DO",0,0,134874,0,0,0,0,0,39891,0,0,0,0,0,480625,378669,859294
"1021",90004,"Golden Empire Transit District","Full Reporter","Urban","MB","DO",0,0,1076003,0,0,0,0,0,0,14267,0,0,0,0,2123869,680371,2804240
"1022",90006,"Santa Cruz Metropolitan Transit District","Full Reporter","Urban","CB","DO",0,0,36921,33893,0,0,0,0,0,0,0,0,0,0,943760,551665,1495425
"1023",90006,"Santa Cruz Metropolitan Transit District","Full Reporter","Urban","DR","DO",0,0,0,0,0,0,0,0,68439,0,0,0,0,0,261306,0,261306
"1024",90006,"Santa Cruz Metropolitan Transit District","Full Reporter","Urban","MB","DO",0,0,503993,65364,32546,0,0,0,0,0,0,0,0,0,1725517,5560607,7286124
"1025",90008,"City of Santa Monica","Full Reporter","Urban","DR","PT",0,0,1648,0,0,0,0,0,0,0,0,0,0,0,3597,0,3597
"1026",90008,"City of Santa Monica","Full Reporter","Urban","MB","DO",0,0,1355323,0,720285,0,0,0,0,0,0,0,0,0,4815141,964582,5779723
"1027",90009,"San Mateo County Transit District","Full Reporter","Urban","DR","PT",0,0,0,0,0,0,0,0,232752,0,0,0,0,0,476568,0,476568
"1028",90009,"San Mateo County Transit District","Full Reporter","Urban","MB","DO",1479900,0,0,0,0,0,0,0,0,0,0,0,0,0,8436063,0,8436063
"1029",90009,"San Mateo County Transit District","Full Reporter","Urban","MB","PT",0,0,0,502431,0,0,0,0,0,0,0,0,0,0,2254515,0,2254515
"1030",90010,"City of Torrance","Full Reporter","Urban","MB","DO",0,0,468153,0,0,0,0,0,6230,0,0,0,0,0,899794,0,899794
"1031",90012,"San Joaquin Regional Transit District","Full Reporter","Urban","CB","DO",0,0,0,52935,0,0,0,0,0,0,0,0,0,0,202285,0,202285
"1032",90012,"San Joaquin Regional Transit District","Full Reporter","Urban","DR","DO",0,0,0,7988,0,0,0,0,33766,0,0,0,0,0,124896,0,124896
"1033",90012,"San Joaquin Regional Transit District","Full Reporter","Urban","DR","PT",0,0,0,0,0,0,0,0,30224,0,0,0,0,0,156525,0,156525
"1034",90012,"San Joaquin Regional Transit District","Full Reporter","Urban","MB","DO",0,0,0,264462,864632,0,0,0,79073,0,0,0,0,0,886466,845752,1732218
"1035",90013,"Santa Clara Valley Transportation Authority","Full Reporter","Urban","DR","PT",0,0,0,0,0,0,0,0,355654,0,0,0,0,0,1201999,0,1201999
"1036",90013,"Santa Clara Valley Transportation Authority","Full Reporter","Urban","LR","DO",0,0,0,0,0,16734070,0,0,0,0,0,0,0,0,4617615,0,4617615
"1037",90013,"Santa Clara Valley Transportation Authority","Full Reporter","Urban","MB","DO",0,0,0,3384716,139958,0,0,0,0,0,0,0,0,0,21485352,0,21485352
"1038",90013,"Santa Clara Valley Transportation Authority","Full Reporter","Urban","MB","PT",0,0,0,0,0,0,0,0,2465,0,0,0,45953,0,0,83936,83936
"1039",90014,"Alameda-Contra Costa Transit District","Full Reporter","Urban","CB","DO",0,0,0,191643,0,0,0,0,0,0,0,0,0,0,2057713,0,2057713
"1040",90014,"Alameda-Contra Costa Transit District","Full Reporter","Urban","DR","PT",0,0,0,0,0,0,0,0,687859,0,0,0,0,0,1628832,0,1628832
"1041",90014,"Alameda-Contra Costa Transit District","Full Reporter","Urban","MB","DO",0,0,0,3795928,285890,0,0,0,0,120217,0,0,0,0,37018769,0,37018769
"1042",90014,"Alameda-Contra Costa Transit District","Full Reporter","Urban","MB","PT",0,0,0,78949,0,0,0,0,0,0,0,0,0,0,355082,0,355082
"1043",90014,"Alameda-Contra Costa Transit District","Full Reporter","Urban","RB","DO",0,0,0,239616,0,0,0,0,0,0,0,0,0,0,1750385,0,1750385
"1044",90015,"City and County of San Francisco","Full Reporter","Urban","CC","DO",0,0,0,0,0,2706975,0,0,0,0,0,0,0,0,18813552,0,18813552
"1045",90015,"City and County of San Francisco","Full Reporter","Urban","DR","PT",0,0,0,0,0,0,0,0,251525,0,0,0,0,0,541998,0,541998
"1046",90015,"City and County of San Francisco","Full Reporter","Urban","LR","DO",0,0,0,0,0,54408684,0,0,0,0,0,0,0,0,11037866,18831,11056697
"1047",90015,"City and County of San Francisco","Full Reporter","Urban","MB","DO",0,0,0,3839667,35385,0,0,0,0,0,0,0,0,0,36877582,62913,36940495
"1048",90015,"City and County of San Francisco","Full Reporter","Urban","SR","DO",0,0,0,0,0,2932473,0,0,0,0,0,0,0,0,1609608,2746,1612354
"1049",90015,"City and County of San Francisco","Full Reporter","Urban","TB","DO",0,0,0,0,0,24307275,0,0,0,0,0,0,0,0,19346484,33005,19379489
"1050",90016,"Golden Gate Bridge, Highway and Transportation District","Full Reporter","Urban","DR","PT",0,0,0,0,0,0,0,0,30214,0,0,0,0,0,70510,0,70510
"1051",90016,"Golden Gate Bridge, Highway and Transportation District","Full Reporter","Urban","FB","DO",0,0,0,1655800,0,0,0,0,0,0,0,0,0,0,10492878,17215,10510093
"1052",90016,"Golden Gate Bridge, Highway and Transportation District","Full Reporter","Urban","MB","DO",0,0,0,516667,0,0,0,0,0,0,0,0,0,0,8144226,106014,8250240
"1053",90017,"City of Santa Rosa","Full Reporter","Urban","DR","PT",0,0,0,0,0,0,0,0,27530,0,0,0,0,0,74892,0,74892
"1054",90017,"City of Santa Rosa","Full Reporter","Urban","MB","DO",0,0,0,169705,113796,0,0,0,0,0,0,0,0,0,606966,354628,961594
"1055",90017,"City of Santa Rosa","Full Reporter","Urban","MB","PT",0,0,0,0,0,0,0,0,3193,0,0,0,0,0,0,98159,98159
"1056",90019,"Sacramento Regional Transit District","Full Reporter","Urban","DR","DO",0,0,68666,0,24413,0,0,0,502378,0,0,0,0,0,1149032,113836,1262868
"1057",90019,"Sacramento Regional Transit District","Full Reporter","Urban","LR","DO",0,0,0,0,0,26361812,0,0,0,0,0,0,0,0,3249167,3543806,6792973
"1058",90019,"Sacramento Regional Transit District","Full Reporter","Urban","MB","DO",0,0,3254937,17955,197401,0,0,0,8664,0,0,0,0,0,4093733,4464958,8558691
"1059",90020,"Santa Barbara Metropolitan Transit District","Full Reporter","Urban","MB","DO",0,0,0,497280,167589,0,0,0,0,0,0,0,0,0,2927676,1771426,4699102
"1060",90022,"City of Norwalk","Full Reporter","Urban","DR","PT",0,0,0,0,0,0,0,0,12421,0,0,0,0,0,16045,0,16045
"1061",90022,"City of Norwalk","Full Reporter","Urban","MB","DO",0,0,272817,0,206325,0,0,0,2672,0,0,0,0,0,694469,0,694469
"1062",90023,"Long Beach Transit","Full Reporter","Urban","DR","PT",0,0,16415,0,0,0,0,0,1046,0,0,0,0,0,39388,0,39388
"1063",90023,"Long Beach Transit","Full Reporter","Urban","MB","DO",0,0,1266520,0,1154847,0,0,0,737098,0,0,0,0,0,7761526,1004598,8766124
"1064",90024,"City of La Mirada","Full Reporter","Urban","DR","PT",0,0,6431,0,0,0,0,0,9332,0,0,0,0,0,20863,0,20863
"1065",90026,"San Diego Metropolitan Transit System","Full Reporter","Urban","CB","PT",0,0,114473,0,0,0,0,0,0,0,0,0,0,0,72682,274069,346751
"1066",90026,"San Diego Metropolitan Transit System","Full Reporter","Urban","DR","PT",0,0,0,0,0,0,0,0,6089,0,0,0,424893,0,505588,290732,796320
"1067",90026,"San Diego Metropolitan Transit System","Full Reporter","Urban","LR","DO",0,0,0,0,0,59723157,0,0,0,0,0,0,0,0,18959268,7704913,26664181
"1068",90026,"San Diego Metropolitan Transit System","Full Reporter","Urban","MB","DO",0,0,3171949,0,351184,0,0,0,0,0,0,0,0,0,13850835,5815332,19666167
"1069",90026,"San Diego Metropolitan Transit System","Full Reporter","Urban","MB","PT",0,0,2887740,0,103342,0,0,0,26133,0,0,0,279907,0,13553836,6122441,19676277
"1070",90027,"City of Fresno","Full Reporter","Urban","DR","PT",0,0,2660,0,0,0,0,0,166486,0,0,0,0,0,197121,0,197121
"1071",90027,"City of Fresno","Full Reporter","Urban","MB","DO",0,0,1618261,0,237645,0,0,0,0,0,0,0,0,0,3064501,581356,3645857
"1072",90029,"Omnitrans","Full Reporter","Urban","DR","PT",0,0,200246,0,0,0,0,0,0,0,0,0,0,0,220296,448000,668296
"1073",90029,"Omnitrans","Full Reporter","Urban","MB","DO",0,0,1922482,0,0,0,0,0,0,0,0,0,0,0,4531582,2252910,6784492
"1074",90029,"Omnitrans","Full Reporter","Urban","MB","PT",0,0,81267,0,0,0,0,0,0,0,0,0,0,0,141867,45978,187845
"1075",90030,"North County Transit District","Full Reporter","Urban","CR","DO",0,0,0,838898,0,0,0,0,0,0,0,0,0,0,3236798,0,3236798
"1076",90030,"North County Transit District","Full Reporter","Urban","DR","PT",0,0,0,0,0,0,0,0,99480,0,0,0,0,0,251793,383872,635665
"1077",90030,"North County Transit District","Full Reporter","Urban","MB","PT",26453,0,1496333,0,65040,0,0,0,0,0,0,0,0,0,4913352,3051,4916403
"1078",90030,"North County Transit District","Full Reporter","Urban","YR","DO",0,0,0,350923,0,0,0,0,0,0,0,0,0,0,997850,9912,1007762
"1079",90031,"Riverside Transit Agency","Full Reporter","Urban","CB","DO",0,0,134927,0,0,0,0,0,0,0,0,0,0,0,279796,0,279796
"1080",90031,"Riverside Transit Agency","Full Reporter","Urban","DR","PT",0,0,0,0,0,0,0,0,328751,0,0,0,0,0,742091,228043,970134
"1081",90031,"Riverside Transit Agency","Full Reporter","Urban","MB","DO",0,0,1336636,0,0,0,0,0,0,0,0,0,0,0,3705758,0,3705758
"1082",90031,"Riverside Transit Agency","Full Reporter","Urban","MB","PT",0,0,443776,0,0,0,0,0,0,0,0,0,0,0,1194512,0,1194512
"1083",90032,"City of Phoenix","Full Reporter","Urban","DR","PT",0,0,0,0,0,0,0,0,605630,0,0,0,0,0,803967,0,803967
"1084",90032,"City of Phoenix","Full Reporter","Urban","MB","PT",0,0,4489207,1873473,0,0,0,0,92015,0,0,0,0,0,14751341,0,14751341
"1085",90033,"City of Tucson","Full Reporter","Urban","DR","PT",0,0,0,0,0,0,0,0,561713,0,0,0,0,0,0,92314,92314
"1086",90033,"City of Tucson","Full Reporter","Urban","MB","PT",930958,0,1470604,0,586357,0,0,0,0,0,0,0,0,0,0,3329327,3329327
"1087",90033,"City of Tucson","Full Reporter","Urban","SR","PT",0,0,0,0,0,1558012,0,0,0,0,0,0,0,0,0,332474,332474
"1088",90034,"City of Glendale","Full Reporter","Urban","DR","DO",0,0,0,0,0,0,0,0,50841,0,0,0,0,0,88286,1346,89632
"1089",90034,"City of Glendale","Full Reporter","Urban","MB","DO",0,0,0,3034,0,0,0,0,15512,0,0,0,0,0,0,0,0
"1090",90035,"Gold Coast Transit District","Full Reporter","Urban","DR","PT",0,0,41353,0,4267,0,0,0,24598,0,0,0,0,0,131400,54163,185563
"1091",90035,"Gold Coast Transit District","Full Reporter","Urban","MB","DO",0,0,740891,0,0,0,0,0,0,0,0,0,0,0,1551740,558352,2110092
"1092",90036,"Orange County Transportation Authority","Full Reporter","Urban","DR","PT",0,0,0,0,0,0,0,0,1104384,0,0,0,0,0,1952079,2254038,4206117
"1093",90036,"Orange County Transportation Authority","Full Reporter","Urban","MB","DO",0,0,4568404,10323,148633,0,0,0,0,32534,0,0,0,0,17896837,1148932,19045769
"1094",90036,"Orange County Transportation Authority","Full Reporter","Urban","MB","PT",0,0,2638516,0,0,0,0,0,0,0,0,0,0,0,5295838,438020,5733858
"1095",90036,"Orange County Transportation Authority","Full Reporter","Urban","VP","PT",0,0,0,0,0,0,0,0,120867,0,0,0,0,0,1890618,0,1890618
"1096",90039,"City of Culver City","Full Reporter","Urban","DR","DO",0,0,1777,0,0,0,0,0,0,0,0,0,0,0,926,152,1078
"1097",90039,"City of Culver City","Full Reporter","Urban","MB","DO",0,0,557623,0,143504,0,0,0,0,0,0,0,0,0,1674020,0,1674020
"1098",90041,"City of Montebello","Full Reporter","Urban","DR","PT",0,0,0,0,0,0,0,0,5478,0,0,0,0,0,21291,0,21291
"1099",90041,"City of Montebello","Full Reporter","Urban","MB","DO",0,0,387121,0,0,0,0,0,249088,0,0,0,0,0,1758239,0,1758239
"1100",90042,"City of Gardena","Full Reporter","Urban","DR","DO",0,0,0,0,0,0,0,0,5665,0,0,0,0,0,6981,0,6981
"1101",90042,"City of Gardena","Full Reporter","Urban","MB","DO",0,0,177199,0,14784,0,0,0,231801,0,0,0,0,0,1303375,0,1303375
"1102",90043,"City of Commerce","Full Reporter","Urban","DR","DO",0,0,14278,0,0,0,0,0,1215,0,0,0,0,0,0,0,0
"1103",90043,"City of Commerce","Full Reporter","Urban","MB","DO",0,0,163900,0,0,0,0,0,0,0,0,0,0,0,0,0,0
"1104",90045,"Regional Transportation Commission of Southern Nevada","Full Reporter","Urban","DR","PT",0,0,1806441,0,0,0,0,0,47365,0,0,0,0,0,2866974,0,2866974
"1105",90045,"Regional Transportation Commission of Southern Nevada","Full Reporter","Urban","MB","PT",559014,0,6840751,0,0,0,0,0,0,64,0,0,0,0,55499382,0,55499382
"1106",90062,"Monterey-Salinas Transit","Full Reporter","Urban","DR","PT",0,0,0,0,0,0,0,0,134878,0,0,0,0,0,153628,73066,226694
"1107",90062,"Monterey-Salinas Transit","Full Reporter","Urban","MB","DO",0,0,0,452716,66402,0,0,0,0,0,0,0,0,0,1866380,1095415,2961795
"1108",90062,"Monterey-Salinas Transit","Full Reporter","Urban","MB","PT",0,0,0,0,0,0,0,0,127828,0,0,0,0,0,205361,35955,241316
"1109",90062,"Monterey-Salinas Transit","Full Reporter","Urban","VP","PT",0,0,0,0,0,0,0,0,16122,0,0,0,0,0,255262,0,255262
"1110",90078,"Central Contra Costa Transit Authority","Full Reporter","Urban","DR","PT",0,0,0,0,0,0,0,0,95972,0,0,0,0,0,478765,0,478765
"1111",90078,"Central Contra Costa Transit Authority","Full Reporter","Urban","MB","DO",0,0,0,582868,131575,0,0,0,0,0,0,0,0,0,2821940,0,2821940
"1112",90078,"Central Contra Costa Transit Authority","Full Reporter","Urban","MB","PT",0,0,0,0,0,0,0,0,7085,0,0,0,0,0,0,0,0
"1113",90079,"SunLine Transit Agency","Full Reporter","Urban","DR","DO",0,0,183486,0,0,0,0,0,0,0,0,0,0,0,220031,0,220031
"1114",90079,"SunLine Transit Agency","Full Reporter","Urban","MB","DO",0,0,1211986,8403,145915,0,0,0,0,80614,0,0,0,0,1537848,354622,1892470
"1115",90079,"SunLine Transit Agency","Full Reporter","Urban","VP","PT",0,0,0,0,0,0,0,0,11575,0,0,0,0,0,140025,0,140025
"1116",90086,"City of Riverside","Full Reporter","Urban","DR","DO",0,0,67566,0,0,0,0,0,395,0,0,0,0,0,257631,0,257631
"1117",90087,"City of Santa Maria","Full Reporter","Urban","DR","PT",0,0,0,0,0,0,0,0,26716,0,0,0,0,0,60177,0,60177
"1118",90087,"City of Santa Maria","Full Reporter","Urban","MB","PT",0,0,0,159475,0,0,0,0,17977,0,0,0,0,0,482234,0,482234
"1119",90088,"Napa Valley Transportation Authority","Full Reporter","Urban","CB","PT",0,0,0,57819,14585,0,0,0,0,0,0,0,0,0,118455,0,118455
"1120",90088,"Napa Valley Transportation Authority","Full Reporter","Urban","DR","PT",0,0,992,101,14300,0,0,0,81143,0,0,0,0,0,255904,0,255904
"1121",90088,"Napa Valley Transportation Authority","Full Reporter","Urban","MB","PT",0,0,38753,135842,11726,0,0,0,27296,0,0,0,0,0,378581,0,378581
"1122",90089,"County of Sonoma","Full Reporter","Urban","DR","PT",0,0,0,0,0,0,0,0,59460,0,0,0,0,0,136952,0,136952
"1123",90089,"County of Sonoma","Full Reporter","Urban","MB","PT",0,0,352875,0,60967,0,0,0,14707,0,0,0,0,0,560192,263681,823873
"1124",90090,"Yolo County Transportation District","Full Reporter","Urban","DR","PT",0,0,0,35760,0,0,0,0,33354,0,0,0,0,0,127798,4864,132662
"1125",90090,"Yolo County Transportation District","Full Reporter","Urban","MB","PT",0,0,343627,52220,85168,0,0,0,0,0,0,0,0,0,838222,445775,1283997
"1126",90091,"City of Visalia","Full Reporter","Urban","CB","PT",0,0,47423,0,0,0,0,0,0,0,0,0,0,0,77686,108130,185816
"1127",90091,"City of Visalia","Full Reporter","Urban","DR","PT",0,0,34385,0,0,0,0,0,0,0,0,0,0,0,28857,45570,74427
"1128",90091,"City of Visalia","Full Reporter","Urban","MB","PT",0,0,439861,17253,510684,0,0,0,0,0,0,0,0,0,678720,138493,817213
"1129",90092,"City of Fairfield, California","Full Reporter","Urban","CB","PT",0,0,0,14017,0,0,0,0,0,0,0,0,0,0,28959,13419,42378
"1130",90092,"City of Fairfield, California","Full Reporter","Urban","DR","PT",0,0,0,0,0,0,0,0,17395,0,0,0,0,0,56317,0,56317
"1131",90092,"City of Fairfield, California","Full Reporter","Urban","MB","PT",0,0,0,120078,0,0,0,0,0,0,0,0,0,0,307232,76040,383272
"1132",90094,"Metropolitan Transportation Commission","Full Reporter","Urban","VP","PT",0,0,0,0,0,0,0,0,632472,0,0,0,0,0,9492334,0,9492334
"1133",90095,"San Diego Association of Governments","Full Reporter","Urban","VP","PT",0,0,0,0,57576,0,0,0,518078,0,0,0,0,0,7306723,0,7306723
"1134",90121,"Antelope Valley Transit Authority","Full Reporter","Urban","CB","PT",0,0,0,0,2496363,0,0,0,0,0,0,0,0,0,885049,0,885049
"1135",90121,"Antelope Valley Transit Authority","Full Reporter","Urban","DR","PT",0,0,0,0,81612,0,0,0,45233,0,0,0,0,0,103180,0,103180
"1136",90121,"Antelope Valley Transit Authority","Full Reporter","Urban","MB","PT",0,0,0,0,6883170,0,0,0,0,0,0,0,0,0,1254108,78341,1332449
"1137",90131,"City of Scottsdale","Full Reporter","Urban","MB","PT",0,0,93776,68723,0,0,0,0,0,0,0,0,0,0,0,0,0
"1138",90134,"Peninsula Corridor Joint Powers Board","Full Reporter","Urban","CR","PT",0,0,0,4335636,0,0,0,0,0,0,0,0,0,0,26602071,16728021,43330092
"1139",90136,"Regional Public Transportation Authority","Full Reporter","Urban","DR","PT",0,0,0,0,0,0,0,0,362146,0,0,0,0,0,752689,0,752689
"1140",90136,"Regional Public Transportation Authority","Full Reporter","Urban","MB","PT",0,0,3283527,3283527,0,0,0,0,35936,0,0,113863,0,0,4645381,2301,4647682
"1141",90136,"Regional Public Transportation Authority","Full Reporter","Urban","VP","PT",0,0,0,0,0,0,0,0,244868,0,0,0,0,0,2499997,0,2499997
"1142",90140,"City of Peoria","Full Reporter","Urban","DR","DO",0,0,0,0,0,0,0,0,17164,0,0,0,0,0,22962,0,22962
"1143",90142,"University of California, Davis","Full Reporter","Urban","MB","DO",22290,0,200432,0,189362,0,0,0,1938,0,0,0,0,0,104437,5568471,5672908
"1144",90144,"Livermore / Amador Valley Transit Authority","Full Reporter","Urban","MB","PT",0,0,0,328420,0,0,0,0,0,0,0,0,0,0,1350412,649706,2000118
"1145",90146,"Foothill Transit","Full Reporter","Urban","MB","PT",0,0,4612201,0,562273,0,0,0,0,34442,0,0,0,0,8031967,0,8031967
"1146",90147,"City of Los Angeles","Full Reporter","Urban","CB","PT",0,0,1208277,0,7890,0,0,0,0,0,0,0,0,0,1004622,47829,1052451
"1147",90147,"City of Los Angeles","Full Reporter","Urban","DR","PT",0,0,72292,0,0,0,0,0,110496,0,0,0,0,0,145106,0,145106
"1148",90147,"City of Los Angeles","Full Reporter","Urban","MB","PT",0,0,2320852,0,1130695,0,0,0,0,0,0,0,557658,0,72851,468,73319
"1149",90148,"Victor Valley Transit Authority","Full Reporter","Urban","CB","PT",0,0,105369,0,0,0,0,0,0,0,0,0,0,0,479136,0,479136
"1150",90148,"Victor Valley Transit Authority","Full Reporter","Urban","DR","PT",0,0,113630,0,0,0,0,0,19387,0,0,0,0,0,260865,100230,361095
"1151",90148,"Victor Valley Transit Authority","Full Reporter","Urban","MB","PT",0,0,884605,0,775014,0,0,0,2566,0,0,0,0,0,780860,306909,1087769
"1152",90148,"Victor Valley Transit Authority","Full Reporter","Urban","VP","PT",0,0,0,0,0,0,0,0,262020,0,0,0,0,0,3125144,0,3125144
"1153",90151,"Southern California Regional Rail Authority","Full Reporter","Urban","CR","PT",7961729,0,0,139814,0,0,0,0,0,0,0,0,0,0,31103027,3224357,34327384
"1154",90154,"Los Angeles County Metropolitan Transportation Authority","Full Reporter","Urban","DR","DO",0,0,0,0,91079,0,0,0,240936,0,0,0,0,0,0,0,0
"1155",90154,"Los Angeles County Metropolitan Transportation Authority","Full Reporter","Urban","HR","DO",0,0,0,0,0,63471308,0,0,0,0,0,0,0,0,9927881,1112983,11040864
"1156",90154,"Los Angeles County Metropolitan Transportation Authority","Full Reporter","Urban","LR","DO",0,0,0,0,0,125026366,0,0,0,0,0,0,0,0,11859182,1302469,13161651
"1157",90154,"Los Angeles County Metropolitan Transportation Authority","Full Reporter","Urban","MB","DO",0,0,26223612,0,191476,0,0,0,0,0,0,0,0,0,77353010,8652178,86005188
"1158",90154,"Los Angeles County Metropolitan Transportation Authority","Full Reporter","Urban","MB","PT",0,0,2090117,0,0,0,0,0,0,0,0,0,0,0,2682050,0,2682050
"1159",90154,"Los Angeles County Metropolitan Transportation Authority","Full Reporter","Urban","RB","DO",0,0,0,0,3520265,0,0,0,0,0,0,0,0,0,1655553,184087,1839640
"1160",90154,"Los Angeles County Metropolitan Transportation Authority","Full Reporter","Urban","VP","PT",0,0,0,0,225789,0,0,0,904927,0,0,0,0,0,11248704,0,11248704
"1161",90156,"City of San Luis Obispo","Full Reporter","Urban","MB","PT",0,0,0,84511,0,0,0,0,1758,0,0,0,0,0,209970,6e+05,809970
"1162",90157,"Access Services","Full Reporter","Urban","DR","PT",0,0,247423,0,0,0,0,0,1955168,0,0,0,0,0,6039648,0,6039648
"1163",90159,"Western Contra Costa Transit Authority","Full Reporter","Urban","CB","PT",72416,0,0,0,0,0,0,0,0,0,0,0,0,0,599551,3290,602841
"1164",90159,"Western Contra Costa Transit Authority","Full Reporter","Urban","DR","PT",0,0,0,0,0,0,0,0,19649,0,0,0,0,0,22390,895,23285
"1165",90159,"Western Contra Costa Transit Authority","Full Reporter","Urban","MB","PT",174270,0,0,0,0,0,0,0,1193,0,0,0,0,0,403788,143559,547347
"1166",90162,"The Eastern Contra Costa Transit Authority","Full Reporter","Urban","DR","PT",0,0,0,0,0,0,0,0,152902,0,0,0,0,0,499167,41726,540893
"1167",90162,"The Eastern Contra Costa Transit Authority","Full Reporter","Urban","MB","PT",0,0,0,534495,142836,0,0,0,0,0,0,0,0,0,929617,44128,973745
"1168",90164,"Ventura County Transportation Commission","Full Reporter","Urban","CB","PT",375589,0,0,0,0,0,0,0,0,0,0,0,0,0,556243,0,556243
"1169",90164,"Ventura County Transportation Commission","Full Reporter","Urban","DR","PT",0,0,0,0,0,0,0,0,16337,0,0,0,0,0,24655,0,24655
"1170",90164,"Ventura County Transportation Commission","Full Reporter","Urban","MB","PT",0,0,0,0,0,0,0,0,19240,0,0,0,0,0,18200,0,18200
"1171",90171,"City of Santa Clarita","Full Reporter","Urban","CB","PT",0,0,160129,39223,0,0,0,0,0,0,0,0,0,0,396212,0,396212
"1172",90171,"City of Santa Clarita","Full Reporter","Urban","DR","PT",0,0,105951,0,0,0,0,0,22159,0,0,0,0,0,113637,0,113637
"1173",90171,"City of Santa Clarita","Full Reporter","Urban","MB","PT",0,0,470318,133,0,0,0,0,0,0,0,0,0,0,1248948,0,1248948
"1174",90173,"Transit Joint Powers Authority for Merced County","Full Reporter","Urban","DR","PT",0,0,0,0,0,0,0,0,74204,0,0,0,0,0,56488,0,56488
"1175",90173,"Transit Joint Powers Authority for Merced County","Full Reporter","Urban","MB","PT",0,0,0,247431,0,0,0,0,67641,0,0,0,0,0,303475,623742,927217
"1176",90182,"Altamont Corridor Express","Full Reporter","Urban","CR","PT",0,0,0,570912,0,0,0,0,0,0,0,0,0,0,3829286,0,3829286
"1177",90196,"County of Placer","Full Reporter","Urban","CB","DO",0,0,0,4622,0,0,0,0,0,0,0,0,0,0,17142,0,17142
"1178",90196,"County of Placer","Full Reporter","Urban","CB","PT",0,0,0,14454,0,0,0,0,0,0,0,0,0,0,57083,0,57083
"1179",90196,"County of Placer","Full Reporter","Urban","DR","PT",0,0,0,0,0,0,0,0,70790,0,0,0,0,0,36589,0,36589
"1180",90196,"County of Placer","Full Reporter","Urban","MB","DO",0,0,293910,13765,0,0,0,0,6644,0,0,0,0,0,647242,0,647242
"1181",90196,"County of Placer","Full Reporter","Urban","MB","PT",0,0,0,0,0,0,0,0,8105,0,0,0,0,0,2335,0,2335
"1182",90196,"County of Placer","Full Reporter","Urban","VP","PT",0,0,0,0,0,0,0,0,1066,0,0,0,0,0,9240,0,9240
"1183",90200,"Kings County Area Public Transit Agency","Full Reporter","Urban","DR","PT",0,0,0,0,6095,0,0,0,20957,0,0,0,0,0,47104,1494,48598
"1184",90200,"Kings County Area Public Transit Agency","Full Reporter","Urban","MB","PT",0,0,203740,0,0,0,0,0,2501,0,0,0,0,0,198757,243139,441896
"1185",90200,"Kings County Area Public Transit Agency","Full Reporter","Urban","VP","PT",0,0,0,0,0,0,0,0,43806,0,0,0,0,0,555183,0,555183
"1186",90201,"City of Turlock","Full Reporter","Urban","DR","PT",0,0,0,0,0,0,0,0,4656,0,0,0,0,0,8200,0,8200
"1187",90201,"City of Turlock","Full Reporter","Urban","MB","PT",0,0,76020,0,0,0,0,0,1692,0,0,0,0,0,79899,0,79899
"1188",90206,"San Luis Obispo Regional Transit Authority","Full Reporter","Urban","DR","DO",0,0,0,0,0,0,0,0,43165,0,0,0,0,0,102842,0,102842
"1189",90206,"San Luis Obispo Regional Transit Authority","Full Reporter","Urban","DR","PT",0,0,0,0,0,0,0,0,71043,0,0,0,0,0,0,0,0
"1190",90206,"San Luis Obispo Regional Transit Authority","Full Reporter","Urban","MB","DO",0,0,0,228680,0,0,0,0,18417,0,0,0,0,0,798477,0,798477
"1191",90208,"Butte County Association of Governments","Full Reporter","Urban","DR","PT",0,0,0,0,0,0,0,0,48249,0,0,0,0,0,86567,103592,190159
"1192",90208,"Butte County Association of Governments","Full Reporter","Urban","MB","PT",0,0,0,213775,0,0,0,0,7992,0,0,0,0,0,349270,599761,949031
"1193",90209,"Valley Metro Rail, Inc.","Full Reporter","Urban","LR","PT",0,0,0,0,0,28441971,0,0,0,0,0,0,0,0,6562497,341261,6903758
"1194",90209,"Valley Metro Rail, Inc.","Full Reporter","Urban","SR","PT",0,0,0,0,0,1236000,0,0,0,0,0,0,0,0,0,0,0
"1195",90211,"Anaheim Transportation Network","Full Reporter","Urban","DR","PT",0,0,3934,0,348221,0,0,0,0,0,0,0,0,0,453673,0,453673
"1196",90211,"Anaheim Transportation Network","Full Reporter","Urban","MB","PT",0,0,26330,0,1828163,0,0,0,0,0,0,0,0,0,3991585,6476811,10468396
"1197",90213,"City of Petaluma","Full Reporter","Urban","DR","PT",0,0,0,0,0,0,0,0,5832,0,0,0,0,0,17459,3304,20763
"1198",90213,"City of Petaluma","Full Reporter","Urban","MB","PT",0,0,0,52305,0,0,0,0,0,0,0,0,0,0,119605,16425,136030
"1199",90214,"City of Redondo Beach","Full Reporter","Urban","DR","PT",0,0,20965,0,0,0,0,0,0,0,0,0,0,0,7138,0,7138
"1200",90214,"City of Redondo Beach","Full Reporter","Urban","MB","PT",0,0,123705,0,0,0,0,0,0,0,0,0,0,0,157078,0,157078
"1201",90218,"Riverside County Transportation Commission","Full Reporter","Urban","VP","PT",0,0,0,0,0,0,0,0,43191,0,0,0,0,0,602247,0,602247
"1202",90219,"Northern Arizona Intergovernmental Public Transportation Authority","Full Reporter","Urban","DR","DO",0,0,0,0,0,0,0,0,10739,0,0,0,0,0,26033,15469,41502
"1203",90219,"Northern Arizona Intergovernmental Public Transportation Authority","Full Reporter","Urban","MB","DO",0,0,0,190669,7399,0,0,0,0,0,0,0,0,0,659298,652533,1311831
"1204",90219,"Northern Arizona Intergovernmental Public Transportation Authority","Full Reporter","Urban","VP","PT",0,0,0,0,0,0,0,0,5827,0,0,0,0,0,102394,0,102394
"1205",90222,"Pima Association of Governments","Full Reporter","Urban","VP","PT",0,0,0,0,0,0,0,0,13908,0,0,0,0,0,230909,0,230909
"1206",90223,"Paratransit, Inc.","Full Reporter","Urban","DR","DO",0,0,83560,0,0,0,0,0,1708,0,0,0,0,0,0,0,0
"1207",90225,"San Francisco Bay Area Water Emergency Transportation Authority","Full Reporter","Urban","FB","PT",0,0,0,3734933,0,0,0,0,0,0,0,0,0,0,10908981,0,10908981
"1208",90226,"Imperial County Transportation Commission","Full Reporter","Urban","DR","PT",0,0,0,0,0,0,0,0,46533,0,0,0,0,0,29291,0,29291
"1209",90226,"Imperial County Transportation Commission","Full Reporter","Urban","MB","PT",0,0,0,144381,0,0,0,0,43717,0,0,0,0,0,445238,0,445238
"1210",90230,"California Vanpool Authority","Full Reporter","Urban","VP","DO",0,0,0,0,0,0,0,0,868961,0,0,0,0,0,12813674,0,12813674
"1211",90232,"Solano County Transit","Full Reporter","Urban","CB","PT",0,0,255014,84677,0,0,0,0,0,0,0,0,0,0,1335633,101426,1437059
"1212",90232,"Solano County Transit","Full Reporter","Urban","DR","PT",0,0,4740,0,0,0,0,0,15000,0,0,0,0,0,60264,0,60264
"1213",90232,"Solano County Transit","Full Reporter","Urban","MB","PT",0,0,843,115777,17567,0,0,0,0,0,0,0,0,0,390241,0,390241
"1214",90233,"Yuma County Intergovernmental Public Transportation Authority","Full Reporter","Urban","DR","PT",0,0,0,0,0,0,0,0,7469,0,0,0,0,0,2619,17500,20119
"1215",90233,"Yuma County Intergovernmental Public Transportation Authority","Full Reporter","Urban","MB","PT",0,0,0,118166,0,0,0,0,31119,0,0,0,0,0,382328,0,382328
"1216",90233,"Yuma County Intergovernmental Public Transportation Authority","Full Reporter","Urban","VP","PT",0,0,0,0,0,0,0,0,24890,0,0,0,0,0,502400,0,502400
"1217",90234,"Marin County Transit District","Full Reporter","Urban","DR","PT",0,0,0,0,0,0,0,0,67516,0,0,0,0,0,212976,0,212976
"1218",90234,"Marin County Transit District","Full Reporter","Urban","MB","PT",0,0,0,452676,66471,0,0,0,106132,0,0,0,0,0,2280275,358457,2638732
"1219",90241,"County of Maui","Full Reporter","Urban","CB","PT",0,0,0,53064,0,0,0,0,0,0,0,0,0,0,83792,0,83792
"1220",90241,"County of Maui","Full Reporter","Urban","DR","PT",0,0,0,4702,0,0,0,0,146458,0,0,0,0,0,91170,0,91170
"1221",90241,"County of Maui","Full Reporter","Urban","MB","PT",0,0,0,256742,0,0,0,0,18970,0,0,0,0,0,1477870,0,1477870
"1222",90299,"Sonoma-Marin Area Rail Transit District","Full Reporter","Urban","CR","DO",0,0,0,330685,0,0,0,0,0,0,0,0,0,0,1800747,0,1800747
"1223",90302,"San Bernardino County Transportation Authority","Full Reporter","Urban","VP","PT",0,0,0,0,0,0,0,0,73263,0,0,0,0,0,1133081,0,1133081
"1224",90306,"Stanislaus Regional Transit Authority","Full Reporter","Urban","CB","PT",0,0,0,58117,0,0,0,0,0,0,0,0,0,0,151757,3750,155507
"1225",90306,"Stanislaus Regional Transit Authority","Full Reporter","Urban","DR","PT",0,0,30676,0,0,0,0,0,137284,0,0,0,0,0,357887,0,357887
"1226",90306,"Stanislaus Regional Transit Authority","Full Reporter","Urban","MB","PT",0,0,167235,514155,140526,0,0,0,0,0,0,0,0,0,1075051,58750,1133801
"1227",90310,"Tulare County Regional Transit Agency","Full Reporter","Urban","DR","PT",0,0,23304,0,125744,0,0,0,7336,0,0,0,0,0,189143,0,189143
"1228",90310,"Tulare County Regional Transit Agency","Full Reporter","Urban","MB","PT",0,0,189615,0,133095,0,0,0,10485,0,0,0,0,0,602096,0,602096
"1229",90311,"Stanislaus Council of Governments","Full Reporter","Urban","VP","PT",0,0,0,0,0,0,0,0,34575,0,0,0,0,0,438694,0,438694
"1230",91092,"Tahoe Transportation District","Full Reporter","Urban","DR","DO",0,0,0,1351,0,0,0,0,12595,0,0,0,0,0,0,0,0
"1231",91092,"Tahoe Transportation District","Full Reporter","Urban","MB","DO",0,0,0,37929,160270,0,0,0,300,0,0,0,0,0,0,0,0
"1232",99422,"San Joaquin Council","Full Reporter","Urban","VP","PT",0,0,0,0,0,0,0,0,457418,0,0,0,0,0,7383241,0,7383241
"1233",99423,"City of Glendale","Full Reporter","Urban","DR","PT",0,0,0,0,0,0,0,0,13746,0,0,0,0,0,26562,0,26562
"1234",99423,"City of Glendale","Full Reporter","Urban","MB","PT",0,0,355106,0,0,0,0,0,0,0,0,0,0,0,463433,0,463433
"1235",99424,"City of Pasadena","Full Reporter","Urban","DR","PT",0,0,0,0,0,0,0,0,36212,0,0,0,0,0,22967,0,22967
"1236",99424,"City of Pasadena","Full Reporter","Urban","MB","PT",0,0,246584,0,0,0,0,0,0,0,0,0,0,0,478366,0,478366
"1237",99425,"Pomona Valley Transportation Authority","Full Reporter","Urban","DR","PT",0,0,0,0,0,0,0,0,40676,0,0,0,0,0,79293,0,79293
"1238",1,"King County","Full Reporter","Urban","CB","PT",0,0,0,0,0,0,0,0,0,0,0,0,0,0,4875951,2476333,7352284
"1239",1,"King County","Full Reporter","Urban","DR","TX",0,0,0,0,0,0,0,0,0,0,0,0,0,0,105605,0,105605
"1240",1,"King County","Full Reporter","Urban","LR","PT",0,0,0,0,0,0,0,0,0,0,0,0,0,0,17033195,15668470,32701665
"1241",3,"Pierce County Transportation Benefit Area Authority","Full Reporter","Urban","CB","PT",0,0,0,0,0,0,0,0,0,0,0,0,0,0,4586799,0,4586799
"1242",4,"Confederated Tribes of the Colville Indian Reservation","Reduced Reporter","Tribe","FB","DO",0,0,0,0,0,0,0,0,0,0,0,0,0,0,0,0,0
"1243",4,"Confederated Tribes of the Colville Indian Reservation","Reduced Reporter","Tribe","FB","DO",0,0,0,0,0,0,0,0,0,0,0,0,0,0,0,0,0
"1244",4,"Confederated Tribes of the Colville Indian Reservation","Reduced Reporter","Tribe","MB","DO",0,0,0,0,0,0,0,0,0,0,0,0,0,0,0,0,0
"1245",4,"Confederated Tribes of the Colville Indian Reservation","Reduced Reporter","Tribe","MB","DO",0,0,0,0,0,0,0,0,0,0,0,0,0,0,0,0,0
"1246",7,"Lane Transit District","Full Reporter","Urban","DR","TX",0,0,0,0,0,0,0,0,0,0,0,0,0,0,0,11734077,11734077
"1247",8,"Tri-County Metropolitan Transportation District of Oregon","Full Reporter","Urban","DR","TN",0,0,0,0,0,0,0,0,0,0,0,0,0,0,6255,33337,39592
"1248",8,"Tri-County Metropolitan Transportation District of Oregon","Full Reporter","Urban","DR","TX",0,0,0,0,0,0,0,0,0,0,0,0,0,0,133292,710305,843597
"1249",8,"Tri-County Metropolitan Transportation District of Oregon","Full Reporter","Urban","SR","PT",0,0,0,0,0,0,0,0,0,0,0,0,0,0,576373,0,576373
"1250",9,"Kalispel Tribe of Indians","Reduced Reporter","Tribe","MB","DO",0,0,0,0,0,0,0,0,0,0,0,0,0,0,0,0,0
"1251",9,"Kalispel Tribe of Indians","Reduced Reporter","Tribe","MB","DO",0,0,0,0,0,0,0,0,0,0,0,0,0,0,0,0,0
"1252",10,"Klamath Tribes","Reduced Reporter","Tribe","CB","DO",0,0,0,0,0,0,0,0,0,0,0,0,0,0,0,0,0
"1253",10,"Klamath Tribes","Reduced Reporter","Tribe","CB","DO",0,0,0,0,0,0,0,0,0,0,0,0,0,0,0,0,0
"1254",10,"Klamath Tribes","Reduced Reporter","Tribe","DR","DO",0,0,0,0,0,0,0,0,0,0,0,0,0,0,0,0,0
"1255",10,"Klamath Tribes","Reduced Reporter","Tribe","DR","DO",0,0,0,0,0,0,0,0,0,0,0,0,0,0,0,0,0
"1256",14,"Sitka Tribe of Alaska","Reduced Reporter","Tribe","MB","DO",0,0,0,0,0,0,0,0,0,0,0,0,0,0,0,0,0
"1257",14,"Sitka Tribe of Alaska","Reduced Reporter","Tribe","MB","DO",0,0,0,0,0,0,0,0,0,0,0,0,0,0,53247,0,53247
"1258",15,"Snoqualmie Indian Tribe","Reduced Reporter","Tribe","DR","DO",0,0,0,0,0,0,0,0,0,0,0,0,0,0,0,0,0
"1259",15,"Snoqualmie Indian Tribe","Reduced Reporter","Tribe","DR","DO",0,0,0,0,0,0,0,0,0,0,0,0,0,0,0,0,0
"1260",17,"Stillaguamish Tribe of Indians","Reduced Reporter","Tribe","DR","DO",0,0,0,0,0,0,0,0,0,0,0,0,0,0,0,0,0
"1261",17,"Stillaguamish Tribe of Indians","Reduced Reporter","Tribe","DR","DO",0,0,0,0,0,0,0,0,0,0,0,0,0,0,0,0,0
"1262",20,"Kitsap County Public Transportation Benefit Area Authority","Full Reporter","Urban","DR","TX",0,0,0,0,0,0,0,0,0,0,0,0,0,0,5430,0,5430
"1263",22,"City of Pocatello","Reduced Reporter","Urban","DR","DO",0,0,0,0,0,0,0,0,0,0,0,0,0,0,0,0,0
"1264",22,"City of Pocatello","Reduced Reporter","Urban","DR","DO",0,0,0,0,0,0,0,0,0,0,0,0,0,0,40736,372672,413408
"1265",22,"City of Pocatello","Reduced Reporter","Urban","MB","DO",0,0,0,0,0,0,0,0,0,0,0,0,0,0,0,0,0
"1266",22,"City of Pocatello","Reduced Reporter","Urban","MB","DO",0,0,0,0,0,0,0,0,0,0,0,0,0,0,73690,124540,198230
"1267",30,"Chickaloon Native Village","Reduced Reporter","Tribe","DR","DO",0,0,0,0,0,0,0,0,0,0,0,0,0,0,0,0,0
"1268",30,"Chickaloon Native Village","Reduced Reporter","Tribe","DR","DO",0,0,0,0,0,0,0,0,0,0,0,0,0,0,2088,0,2088
"1269",31,"Shoshone-Bannock Tribes","Reduced Reporter","Tribe","MB","DO",0,0,0,0,0,0,0,0,0,0,0,0,0,0,0,0,0
"1270",31,"Shoshone-Bannock Tribes","Reduced Reporter","Tribe","MB","DO",0,0,0,0,0,0,0,0,0,0,0,0,0,0,0,0,0
"1271",33,"Senior Services of Snohomish County","Reduced Reporter","Urban","DR","DO",0,0,0,0,0,0,0,0,0,0,0,0,0,0,0,0,0
"1272",33,"Senior Services of Snohomish County","Reduced Reporter","Urban","DR","DO",0,0,0,0,0,0,0,0,0,0,0,0,0,0,14837,12000,26837
"1273",33,"Senior Services of Snohomish County","Reduced Reporter","Urban","MB","DO",0,0,0,0,0,0,0,0,0,0,0,0,0,0,0,0,0
"1274",33,"Senior Services of Snohomish County","Reduced Reporter","Urban","MB","DO",0,0,0,0,0,0,0,0,0,0,0,0,0,0,0,0,0
"1275",36,"Makah Tribal Council","Reduced Reporter","Tribe","MB","DO",0,0,0,0,0,0,0,0,0,0,0,0,0,0,0,0,0
"1276",36,"Makah Tribal Council","Reduced Reporter","Tribe","MB","DO",0,0,0,0,0,0,0,0,0,0,0,0,0,0,229,0,229
"1277",45,"Fairbanks North Star Borough","Reduced Reporter","Urban","DR","DO",0,0,0,0,0,0,0,0,0,0,0,0,0,0,0,0,0
"1278",45,"Fairbanks North Star Borough","Reduced Reporter","Urban","DR","DO",0,0,0,0,0,0,0,0,0,0,0,0,0,0,40397,0,40397
"1279",45,"Fairbanks North Star Borough","Reduced Reporter","Urban","MB","DO",0,0,0,0,0,0,0,0,0,0,0,0,0,0,0,0,0
"1280",45,"Fairbanks North Star Borough","Reduced Reporter","Urban","MB","DO",0,0,0,0,0,0,0,0,0,0,0,0,0,0,213482,0,213482
"1281",47,"City of Corvallis","Reduced Reporter","Urban","MB","PT",0,0,0,0,0,0,0,0,0,0,0,0,0,0,0,0,0
"1282",47,"City of Corvallis","Reduced Reporter","Urban","MB","PT",0,0,0,0,0,0,0,0,0,0,0,0,0,0,0,0,0
"1283",48,"City of Lewiston","Reduced Reporter","Urban","DR","DO",0,0,0,0,0,0,0,0,0,0,0,0,0,0,0,0,0
"1284",48,"City of Lewiston","Reduced Reporter","Urban","DR","DO",0,0,0,0,0,0,0,0,0,0,0,0,0,0,9926,0,9926
"1285",48,"City of Lewiston","Reduced Reporter","Urban","MB","DO",0,0,0,0,0,0,0,0,0,0,0,0,0,0,0,0,0
"1286",48,"City of Lewiston","Reduced Reporter","Urban","MB","DO",0,0,0,0,0,0,0,0,0,0,0,0,0,0,31141,0,31141
"1287",51,"Asotin County Public Transportation Benefit Area","Reduced Reporter","Urban","DR","DO",0,0,0,0,0,0,0,0,0,0,0,0,0,0,0,0,0
"1288",51,"Asotin County Public Transportation Benefit Area","Reduced Reporter","Urban","DR","DO",0,0,0,0,0,0,0,0,0,0,0,0,0,0,8516,0,8516
"1289",51,"Asotin County Public Transportation Benefit Area","Reduced Reporter","Urban","MB","DO",0,0,0,0,0,0,0,0,0,0,0,0,0,0,0,0,0
"1290",51,"Asotin County Public Transportation Benefit Area","Reduced Reporter","Urban","MB","DO",0,0,0,0,0,0,0,0,0,0,0,0,0,0,25398,0,25398
"1291",51,"Asotin County Public Transportation Benefit Area","Reduced Reporter","Urban","VP","DO",0,0,0,0,0,0,0,0,0,0,0,0,0,0,0,0,0
"1292",51,"Asotin County Public Transportation Benefit Area","Reduced Reporter","Urban","VP","DO",0,0,0,0,0,0,0,0,0,0,0,0,0,0,67547,0,67547
"1293",53,"Coeur d'Alene Tribe","Reduced Reporter","Tribe","DR","DO",0,0,0,0,0,0,0,0,0,0,0,0,0,0,0,0,0
"1294",53,"Coeur d'Alene Tribe","Reduced Reporter","Tribe","DR","DO",0,0,0,0,0,0,0,0,0,0,0,0,0,0,0,0,0
"1295",53,"Coeur d'Alene Tribe","Reduced Reporter","Tribe","MB","DO",0,0,0,0,0,0,0,0,0,0,0,0,0,0,0,0,0
"1296",53,"Coeur d'Alene Tribe","Reduced Reporter","Tribe","MB","DO",0,0,0,0,0,0,0,0,0,0,0,0,0,0,0,0,0
"1297",55,"Kootenai County","Reduced Reporter","Urban","DR","PT",0,0,0,0,0,0,0,0,0,0,0,0,0,0,0,0,0
"1298",55,"Kootenai County","Reduced Reporter","Urban","DR","PT",0,0,0,0,0,0,0,0,0,0,0,0,0,0,0,0,0
"1299",59,"Josephine County","Reduced Reporter","Urban","CB","DO",0,0,0,0,0,0,0,0,0,0,0,0,0,0,0,0,0
"1300",59,"Josephine County","Reduced Reporter","Urban","CB","DO",0,0,0,0,0,0,0,0,0,0,0,0,0,0,36411,0,36411
"1301",59,"Josephine County","Reduced Reporter","Urban","DR","DO",0,0,0,0,0,0,0,0,0,0,0,0,0,0,0,0,0
"1302",59,"Josephine County","Reduced Reporter","Urban","DR","DO",0,0,0,0,0,0,0,0,0,0,0,0,0,0,21384,0,21384
"1303",59,"Josephine County","Reduced Reporter","Urban","MB","DO",0,0,0,0,0,0,0,0,0,0,0,0,0,0,0,0,0
"1304",59,"Josephine County","Reduced Reporter","Urban","MB","DO",0,0,0,0,0,0,0,0,0,0,0,0,0,0,42579,0,42579
"1305",60,"The Tulalip Tribes of Washington","Reduced Reporter","Tribe","MB","DO",0,0,0,0,0,0,0,0,0,0,0,0,0,0,0,0,0
"1306",60,"The Tulalip Tribes of Washington","Reduced Reporter","Tribe","MB","DO",0,0,0,0,0,0,0,0,0,0,0,0,0,0,0,0,0
"1307",61,"City of Albany","Reduced Reporter","Urban","DR","DO",0,0,0,0,0,0,0,0,0,0,0,0,0,0,0,0,0
"1308",61,"City of Albany","Reduced Reporter","Urban","DR","DO",0,0,0,0,0,0,0,0,0,0,0,0,0,0,0,0,0
"1309",61,"City of Albany","Reduced Reporter","Urban","MB","DO",0,0,0,0,0,0,0,0,0,0,0,0,0,0,0,0,0
"1310",61,"City of Albany","Reduced Reporter","Urban","MB","DO",0,0,0,0,0,0,0,0,0,0,0,0,0,0,0,0,0
"1311",63,"City of Milton-Freewater","Rural Reporter","Rural","DR","TX",0,0,0,0,0,0,0,0,0,0,0,0,0,0,0,0,0
"1312",63,"City of Milton-Freewater","Rural Reporter","Rural","DR","TX",0,0,0,0,0,0,0,0,0,0,0,0,0,0,2462,0,2462
"1313",63,"City of Milton-Freewater","Rural Reporter","Rural","MB","PT",0,0,0,0,0,0,0,0,0,0,0,0,0,0,0,0,0
"1314",63,"City of Milton-Freewater","Rural Reporter","Rural","MB","PT",0,0,0,0,0,0,0,0,0,0,0,0,0,0,0,0,0
"1315",64,"Valley Transit","Reduced Reporter","Urban","DR","DO",0,0,0,0,0,0,0,0,0,0,0,0,0,0,0,0,0
"1316",64,"Valley Transit","Reduced Reporter","Urban","DR","DO",0,0,0,0,0,0,0,0,0,0,0,0,0,0,5148,0,5148
"1317",64,"Valley Transit","Reduced Reporter","Urban","MB","DO",0,0,0,0,0,0,0,0,0,0,0,0,0,0,0,0,0
"1318",64,"Valley Transit","Reduced Reporter","Urban","MB","DO",0,0,0,0,0,0,0,0,0,0,0,0,0,0,0,0,0
"1319",64,"Valley Transit","Reduced Reporter","Urban","VP","DO",0,0,0,0,0,0,0,0,0,0,0,0,0,0,0,0,0
"1320",64,"Valley Transit","Reduced Reporter","Urban","VP","DO",0,0,0,0,0,0,0,0,0,0,0,0,0,0,54879,0,54879
"1321",65,"Benton County","Reduced Reporter","Urban","CB","PT",0,0,0,0,0,0,0,0,0,0,0,0,0,0,0,0,0
"1322",65,"Benton County","Reduced Reporter","Urban","CB","PT",0,0,0,0,0,0,0,0,0,0,0,0,0,0,33294,0,33294
"1323",65,"Benton County","Reduced Reporter","Urban","DR","PT",0,0,0,0,0,0,0,0,0,0,0,0,0,0,0,0,0
"1324",65,"Benton County","Reduced Reporter","Urban","DR","PT",0,0,0,0,0,0,0,0,0,0,0,0,0,0,0,0,0
"1325",85,"Gulkana Village Council","Reduced Reporter","Tribe","DR","DO",0,0,0,0,0,0,0,0,0,0,0,0,0,0,0,0,0
"1326",85,"Gulkana Village Council","Reduced Reporter","Tribe","DR","DO",0,0,0,0,0,0,0,0,0,0,0,0,0,0,5916,0,5916
"1327",85,"Gulkana Village Council","Reduced Reporter","Tribe","MB","DO",0,0,0,0,0,0,0,0,0,0,0,0,0,0,0,0,0
"1328",85,"Gulkana Village Council","Reduced Reporter","Tribe","MB","DO",0,0,0,0,0,0,0,0,0,0,0,0,0,0,53545,6726,60271
"1329",95,"Lummi Nation","Reduced Reporter","Tribe","MB","DO",0,0,0,0,0,0,0,0,0,0,0,0,0,0,0,0,0
"1330",95,"Lummi Nation","Reduced Reporter","Tribe","MB","DO",0,0,0,0,0,0,0,0,0,0,0,0,0,0,0,0,0
"1331",103,"Squaxin Island Tribe","Reduced Reporter","Tribe","DR","DO",0,0,0,0,0,0,0,0,0,0,0,0,0,0,0,0,0
"1332",103,"Squaxin Island Tribe","Reduced Reporter","Tribe","DR","DO",0,0,0,0,0,0,0,0,0,0,0,0,0,0,0,0,0
"1333",103,"Squaxin Island Tribe","Reduced Reporter","Tribe","MB","DO",0,0,0,0,0,0,0,0,0,0,0,0,0,0,0,0,0
"1334",103,"Squaxin Island Tribe","Reduced Reporter","Tribe","MB","DO",0,0,0,0,0,0,0,0,0,0,0,0,0,0,0,0,0
"1335",111,"Confederated Tribes and Bands of The Yakama Nation","Reduced Reporter","Tribe","DR","DO",0,0,0,0,0,0,0,0,0,0,0,0,0,0,0,0,0
"1336",111,"Confederated Tribes and Bands of The Yakama Nation","Reduced Reporter","Tribe","DR","DO",0,0,0,0,0,0,0,0,0,0,0,0,0,0,0,0,0
"1337",111,"Confederated Tribes and Bands of The Yakama Nation","Reduced Reporter","Tribe","MB","DO",0,0,0,0,0,0,0,0,0,0,0,0,0,0,0,0,0
"1338",111,"Confederated Tribes and Bands of The Yakama Nation","Reduced Reporter","Tribe","MB","DO",0,0,0,0,0,0,0,0,0,0,0,0,0,0,0,0,0
"1339",119,"Confederated Tribes of the Umatilla Indian Reservation","Reduced Reporter","Tribe","CB","DO",0,0,0,0,0,0,0,0,0,0,0,0,0,0,0,0,0
"1340",119,"Confederated Tribes of the Umatilla Indian Reservation","Reduced Reporter","Tribe","CB","DO",0,0,0,0,0,0,0,0,0,0,0,0,0,0,0,0,0
"1341",119,"Confederated Tribes of the Umatilla Indian Reservation","Reduced Reporter","Tribe","MB","DO",0,0,0,0,0,0,0,0,0,0,0,0,0,0,0,0,0
"1342",119,"Confederated Tribes of the Umatilla Indian Reservation","Reduced Reporter","Tribe","MB","DO",0,0,0,0,0,0,0,0,0,0,0,0,0,0,0,0,0
"1343",127,"Cowlitz Indian Tribe","Reduced Reporter","Tribe","DR","DO",0,0,0,0,0,0,0,0,0,0,0,0,0,0,0,0,0
"1344",127,"Cowlitz Indian Tribe","Reduced Reporter","Tribe","DR","DO",0,0,0,0,0,0,0,0,0,0,0,0,0,0,2869,0,2869
"1345",135,"Nez Perce Tribe","Reduced Reporter","Tribe","DR","DO",0,0,0,0,0,0,0,0,0,0,0,0,0,0,0,0,0
"1346",135,"Nez Perce Tribe","Reduced Reporter","Tribe","DR","DO",0,0,0,0,0,0,0,0,0,0,0,0,0,0,0,490,490
"1347",135,"Nez Perce Tribe","Reduced Reporter","Tribe","MB","DO",0,0,0,0,0,0,0,0,0,0,0,0,0,0,0,0,0
"1348",135,"Nez Perce Tribe","Reduced Reporter","Tribe","MB","DO",0,0,0,0,0,0,0,0,0,0,0,0,0,0,1713,5559,7272
"1349",143,"Asa'carsarmiut Tribe","Reduced Reporter","Tribe","DR","DO",0,0,0,0,0,0,0,0,0,0,0,0,0,0,0,0,0
"1350",143,"Asa'carsarmiut Tribe","Reduced Reporter","Tribe","DR","DO",0,0,0,0,0,0,0,0,0,0,0,0,0,0,535,0,535
"1351",199,"Seldovia Village Tribe","Reduced Reporter","Tribe","FB","DO",0,0,0,0,0,0,0,0,0,0,0,0,0,0,0,0,0
"1352",199,"Seldovia Village Tribe","Reduced Reporter","Tribe","FB","DO",0,0,0,0,0,0,0,0,0,0,0,0,0,0,458512,59605,518117
"1353",207,"Spokane Tribe of Indians","Reduced Reporter","Tribe","DR","DO",0,0,0,0,0,0,0,0,0,0,0,0,0,0,0,0,0
"1354",207,"Spokane Tribe of Indians","Reduced Reporter","Tribe","DR","DO",0,0,0,0,0,0,0,0,0,0,0,0,0,0,0,0,0
"1355",207,"Spokane Tribe of Indians","Reduced Reporter","Tribe","MB","DO",0,0,0,0,0,0,0,0,0,0,0,0,0,0,0,0,0
"1356",207,"Spokane Tribe of Indians","Reduced Reporter","Tribe","MB","DO",0,0,0,0,0,0,0,0,0,0,0,0,0,0,0,0,0
"1357",207,"Spokane Tribe of Indians","Reduced Reporter","Tribe","VP","DO",0,0,0,0,0,0,0,0,0,0,0,0,0,0,0,0,0
"1358",207,"Spokane Tribe of Indians","Reduced Reporter","Tribe","VP","DO",0,0,0,0,0,0,0,0,0,0,0,0,0,0,16605,0,16605
"1359",239,"Ketchikan Indian Community","Reduced Reporter","Tribe","DR","DO",0,0,0,0,0,0,0,0,0,0,0,0,0,0,0,0,0
"1360",239,"Ketchikan Indian Community","Reduced Reporter","Tribe","DR","DO",0,0,0,0,0,0,0,0,0,0,0,0,0,0,0,0,0
"1361",279,"Hydaburg Cooperative Association","Reduced Reporter","Tribe","DR","DO",0,0,0,0,0,0,0,0,0,0,0,0,0,0,0,0,0
"1362",279,"Hydaburg Cooperative Association","Reduced Reporter","Tribe","DR","DO",0,0,0,0,0,0,0,0,0,0,0,0,0,0,2550,0,2550
"1363",282,"Garfield County Transportation Program","Rural Reporter","Rural","DR","DO",0,0,0,0,0,0,0,0,0,0,0,0,0,0,0,0,0
"1364",282,"Garfield County Transportation Program","Rural Reporter","Rural","DR","DO",0,0,0,0,0,0,0,0,0,0,0,0,0,0,3432,1781,5213
"1365",285,"Thurston Regional Planning Council","Rural Reporter","Rural","MB","PT",0,0,0,0,0,0,0,0,0,0,0,0,0,0,0,0,0
"1366",285,"Thurston Regional Planning Council","Rural Reporter","Rural","MB","PT",0,0,0,0,0,0,0,0,0,0,0,0,0,0,0,0,0
"1367",286,"Rural Resources Community Action","Rural Reporter","Rural","CB","DO",0,0,0,0,0,0,0,0,0,0,0,0,0,0,0,0,0
"1368",286,"Rural Resources Community Action","Rural Reporter","Rural","CB","DO",0,0,0,0,0,0,0,0,0,0,0,0,0,0,1568,0,1568
"1369",286,"Rural Resources Community Action","Rural Reporter","Rural","DR","DO",0,0,0,0,0,0,0,0,0,0,0,0,0,0,0,0,0
"1370",286,"Rural Resources Community Action","Rural Reporter","Rural","DR","DO",0,0,0,0,0,0,0,0,0,0,0,0,0,0,3631,0,3631
"1371",287,"People for People Moses Lake","Rural Reporter","Rural","DR","DO",0,0,0,0,0,0,0,0,0,0,0,0,0,0,0,0,0
"1372",287,"People for People Moses Lake","Rural Reporter","Rural","DR","DO",0,0,0,0,0,0,0,0,0,0,0,0,0,0,1077,0,1077
"1373",287,"People for People Moses Lake","Rural Reporter","Rural","MB","DO",0,0,0,0,0,0,0,0,0,0,0,0,0,0,0,0,0
"1374",287,"People for People Moses Lake","Rural Reporter","Rural","MB","DO",0,0,0,0,0,0,0,0,0,0,0,0,0,0,507,0,507
"1375",290,"City of Cottage Grove","Rural Reporter","Rural","CB","DO",0,0,0,0,0,0,0,0,0,0,0,0,0,0,0,0,0
"1376",290,"City of Cottage Grove","Rural Reporter","Rural","CB","DO",0,0,0,0,0,0,0,0,0,0,0,0,0,0,2446,0,2446
"1377",290,"City of Cottage Grove","Rural Reporter","Rural","DR","PT",0,0,0,0,0,0,0,0,0,0,0,0,0,0,0,0,0
"1378",290,"City of Cottage Grove","Rural Reporter","Rural","DR","PT",0,0,0,0,0,0,0,0,0,0,0,0,0,0,43496,6430,49926
"1379",294,"City of Pullman","Rural Reporter","Rural","DR","DO",0,0,0,0,0,0,0,0,0,0,0,0,0,0,0,0,0
"1380",294,"City of Pullman","Rural Reporter","Rural","DR","DO",0,0,0,0,0,0,0,0,0,0,0,0,0,0,6557,0,6557
"1381",294,"City of Pullman","Rural Reporter","Rural","MB","DO",0,0,0,0,0,0,0,0,0,0,0,0,0,0,0,0,0
"1382",294,"City of Pullman","Rural Reporter","Rural","MB","DO",0,0,0,0,0,0,0,0,0,0,0,0,0,0,33099,1828501,1861600
"1383",296,"Tillamook County Transportation District","Rural Reporter","Rural","CB","DO",0,0,0,0,0,0,0,0,0,0,0,0,0,0,0,0,0
"1384",296,"Tillamook County Transportation District","Rural Reporter","Rural","CB","DO",0,0,0,0,0,0,0,0,0,0,0,0,0,0,94751,6339,101090
"1385",296,"Tillamook County Transportation District","Rural Reporter","Rural","DR","DO",0,0,0,0,0,0,0,0,0,0,0,0,0,0,0,0,0
"1386",296,"Tillamook County Transportation District","Rural Reporter","Rural","DR","DO",0,0,0,0,0,0,0,0,0,0,0,0,0,0,41737,447879,489616
"1387",296,"Tillamook County Transportation District","Rural Reporter","Rural","MB","DO",0,0,0,0,0,0,0,0,0,0,0,0,0,0,0,0,0
"1388",296,"Tillamook County Transportation District","Rural Reporter","Rural","MB","DO",0,0,0,0,0,0,0,0,0,0,0,0,0,0,71375,0,71375
"1389",297,"People for People Yakima","Reduced Reporter","Urban","CB","DO",0,0,0,0,0,0,0,0,0,0,0,0,0,0,0,0,0
"1390",297,"People for People Yakima","Reduced Reporter","Urban","CB","DO",0,0,0,0,0,0,0,0,0,0,0,0,0,0,195,0,195
"1391",297,"People for People Yakima","Reduced Reporter","Urban","DR","DO",0,0,0,0,0,0,0,0,0,0,0,0,0,0,0,0,0
"1392",297,"People for People Yakima","Reduced Reporter","Urban","DR","DO",0,0,0,0,0,0,0,0,0,0,0,0,0,0,705,0,705
"1393",297,"People for People Yakima","Reduced Reporter","Urban","MB","DO",0,0,0,0,0,0,0,0,0,0,0,0,0,0,0,0,0
"1394",297,"People for People Yakima","Reduced Reporter","Urban","MB","DO",0,0,0,0,0,0,0,0,0,0,0,0,0,0,0,0,0
"1395",298,"Island Transit","Rural Reporter","Rural","DR","DO",0,0,0,0,0,0,0,0,0,0,0,0,0,0,0,0,0
"1396",298,"Island Transit","Rural Reporter","Rural","DR","DO",0,0,0,0,0,0,0,0,0,0,0,0,0,0,0,0,0
"1397",298,"Island Transit","Rural Reporter","Rural","MB","DO",0,0,0,0,0,0,0,0,0,0,0,0,0,0,0,0,0
"1398",298,"Island Transit","Rural Reporter","Rural","MB","DO",0,0,0,0,0,0,0,0,0,0,0,0,0,0,0,0,0
"1399",298,"Island Transit","Rural Reporter","Rural","VP","DO",0,0,0,0,0,0,0,0,0,0,0,0,0,0,0,0,0
"1400",298,"Island Transit","Rural Reporter","Rural","VP","DO",0,0,0,0,0,0,0,0,0,0,0,0,0,0,201954,0,201954
"1401",299,"Klickitat County Senior Services","Rural Reporter","Rural","DR","DO",0,0,0,0,0,0,0,0,0,0,0,0,0,0,0,0,0
"1402",299,"Klickitat County Senior Services","Rural Reporter","Rural","DR","DO",0,0,0,0,0,0,0,0,0,0,0,0,0,0,25879,0,25879
"1403",299,"Klickitat County Senior Services","Rural Reporter","Rural","MB","DO",0,0,0,0,0,0,0,0,0,0,0,0,0,0,0,0,0
"1404",299,"Klickitat County Senior Services","Rural Reporter","Rural","MB","DO",0,0,0,0,0,0,0,0,0,0,0,0,0,0,12375,0,12375
"1405",300,"City of Silverton","Rural Reporter","Rural","DR","DO",0,0,0,0,0,0,0,0,0,0,0,0,0,0,0,0,0
"1406",300,"City of Silverton","Rural Reporter","Rural","DR","DO",0,0,0,0,0,0,0,0,0,0,0,0,0,0,1616,0,1616
"1407",301,"South Clackamas Transportation District","Rural Reporter","Rural","MB","PT",0,0,0,0,0,0,0,0,0,0,0,0,0,0,0,0,0
"1408",301,"South Clackamas Transportation District","Rural Reporter","Rural","MB","PT",0,0,0,0,0,0,0,0,0,0,0,0,0,0,24139,0,24139
"1409",303,"Clallam Transit System","Rural Reporter","Rural","DR","DO",0,0,0,0,0,0,0,0,0,0,0,0,0,0,0,0,0
"1410",303,"Clallam Transit System","Rural Reporter","Rural","DR","DO",0,0,0,0,0,0,0,0,0,0,0,0,0,0,35326,0,35326
"1411",303,"Clallam Transit System","Rural Reporter","Rural","MB","DO",0,0,0,0,0,0,0,0,0,0,0,0,0,0,0,0,0
"1412",303,"Clallam Transit System","Rural Reporter","Rural","MB","DO",0,0,0,0,0,0,0,0,0,0,0,0,0,0,588766,0,588766
"1413",303,"Clallam Transit System","Rural Reporter","Rural","VP","DO",0,0,0,0,0,0,0,0,0,0,0,0,0,0,0,0,0
"1414",303,"Clallam Transit System","Rural Reporter","Rural","VP","DO",0,0,0,0,0,0,0,0,0,0,0,0,0,0,148660,0,148660
"1415",307,"Coos County Area Transit","Rural Reporter","Rural","CB","DO",0,0,0,0,0,0,0,0,0,0,0,0,0,0,0,0,0
"1416",307,"Coos County Area Transit","Rural Reporter","Rural","CB","DO",0,0,0,0,0,0,0,0,0,0,0,0,0,0,22893,14577,37470
"1417",307,"Coos County Area Transit","Rural Reporter","Rural","DR","DO",0,0,0,0,0,0,0,0,0,0,0,0,0,0,0,0,0
"1418",307,"Coos County Area Transit","Rural Reporter","Rural","DR","DO",0,0,0,0,0,0,0,0,0,0,0,0,0,0,12569,5643,18212
"1419",307,"Coos County Area Transit","Rural Reporter","Rural","DR","TX",0,0,0,0,0,0,0,0,0,0,0,0,0,0,0,0,0
"1420",307,"Coos County Area Transit","Rural Reporter","Rural","DR","TX",0,0,0,0,0,0,0,0,0,0,0,0,0,0,12,0,12
"1421",307,"Coos County Area Transit","Rural Reporter","Rural","MB","DO",0,0,0,0,0,0,0,0,0,0,0,0,0,0,0,0,0
"1422",307,"Coos County Area Transit","Rural Reporter","Rural","MB","DO",0,0,0,0,0,0,0,0,0,0,0,0,0,0,20522,23355,43877
"1423",308,"Curry County Public Transit Service District","Rural Reporter","Rural","DR","DO",0,0,0,0,0,0,0,0,0,0,0,0,0,0,0,0,0
"1424",308,"Curry County Public Transit Service District","Rural Reporter","Rural","DR","DO",0,0,0,0,0,0,0,0,0,0,0,0,0,0,16399,26628,43027
"1425",308,"Curry County Public Transit Service District","Rural Reporter","Rural","MB","DO",0,0,0,0,0,0,0,0,0,0,0,0,0,0,0,0,0
"1426",308,"Curry County Public Transit Service District","Rural Reporter","Rural","MB","DO",0,0,0,0,0,0,0,0,0,0,0,0,0,0,29250,0,29250
"1427",309,"Grant County Transportation Authority","Rural Reporter","Rural","DR","DO",0,0,0,0,0,0,0,0,0,0,0,0,0,0,0,0,0
"1428",309,"Grant County Transportation Authority","Rural Reporter","Rural","DR","DO",0,0,0,0,0,0,0,0,0,0,0,0,0,0,0,0,0
"1429",309,"Grant County Transportation Authority","Rural Reporter","Rural","DR","PT",0,0,0,0,0,0,0,0,0,0,0,0,0,0,0,0,0
"1430",309,"Grant County Transportation Authority","Rural Reporter","Rural","DR","PT",0,0,0,0,0,0,0,0,0,0,0,0,0,0,0,0,0
"1431",309,"Grant County Transportation Authority","Rural Reporter","Rural","MB","DO",0,0,0,0,0,0,0,0,0,0,0,0,0,0,0,0,0
"1432",309,"Grant County Transportation Authority","Rural Reporter","Rural","MB","DO",0,0,0,0,0,0,0,0,0,0,0,0,0,0,0,0,0
"1433",309,"Grant County Transportation Authority","Rural Reporter","Rural","VP","DO",0,0,0,0,0,0,0,0,0,0,0,0,0,0,0,0,0
"1434",309,"Grant County Transportation Authority","Rural Reporter","Rural","VP","DO",0,0,0,0,0,0,0,0,0,0,0,0,0,0,82940,0,82940
"1435",310,"Lincoln County Transportation Service District","Rural Reporter","Rural","CB","DO",0,0,0,0,0,0,0,0,0,0,0,0,0,0,0,0,0
"1436",310,"Lincoln County Transportation Service District","Rural Reporter","Rural","CB","DO",0,0,0,0,0,0,0,0,0,0,0,0,0,0,21402,1800,23202
"1437",310,"Lincoln County Transportation Service District","Rural Reporter","Rural","DR","DO",0,0,0,0,0,0,0,0,0,0,0,0,0,0,0,0,0
"1438",310,"Lincoln County Transportation Service District","Rural Reporter","Rural","DR","DO",0,0,0,0,0,0,0,0,0,0,0,0,0,0,40128,7195,47323
"1439",310,"Lincoln County Transportation Service District","Rural Reporter","Rural","MB","DO",0,0,0,0,0,0,0,0,0,0,0,0,0,0,0,0,0
"1440",310,"Lincoln County Transportation Service District","Rural Reporter","Rural","MB","DO",0,0,0,0,0,0,0,0,0,0,0,0,0,0,72230,10993,83223
"1441",311,"Mountain Rides Transportation Authority","Rural Reporter","Rural","DR","DO",0,0,0,0,0,0,0,0,0,0,0,0,0,0,0,0,0
"1442",311,"Mountain Rides Transportation Authority","Rural Reporter","Rural","DR","DO",0,0,0,0,0,0,0,0,0,0,0,0,0,0,72,0,72
"1443",311,"Mountain Rides Transportation Authority","Rural Reporter","Rural","MB","DO",0,0,0,0,0,0,0,0,0,0,0,0,0,0,0,0,0
"1444",311,"Mountain Rides Transportation Authority","Rural Reporter","Rural","MB","DO",0,0,0,0,0,0,0,0,0,0,0,0,0,0,0,0,0
"1445",311,"Mountain Rides Transportation Authority","Rural Reporter","Rural","VP","DO",0,0,0,0,0,0,0,0,0,0,0,0,0,0,0,0,0
"1446",311,"Mountain Rides Transportation Authority","Rural Reporter","Rural","VP","DO",0,0,0,0,0,0,0,0,0,0,0,0,0,0,151268,0,151268
"1447",312,"Hopesource","Rural Reporter","Rural","DR","DO",0,0,0,0,0,0,0,0,0,0,0,0,0,0,0,0,0
"1448",312,"Hopesource","Rural Reporter","Rural","DR","DO",0,0,0,0,0,0,0,0,0,0,0,0,0,0,0,0,0
"1449",312,"Hopesource","Rural Reporter","Rural","MB","DO",0,0,0,0,0,0,0,0,0,0,0,0,0,0,0,0,0
"1450",312,"Hopesource","Rural Reporter","Rural","MB","DO",0,0,0,0,0,0,0,0,0,0,0,0,0,0,0,0,0
"1451",313,"Grant County Transportation District","Rural Reporter","Rural","DR","DO",0,0,0,0,0,0,0,0,0,0,0,0,0,0,0,22691,22691
"1452",313,"Grant County Transportation District","Rural Reporter","Rural","DR","DO",0,0,0,0,0,0,0,0,0,0,0,0,0,0,16281,22691,38972
"1453",313,"Grant County Transportation District","Rural Reporter","Rural","MB","DO",0,0,0,0,0,0,0,0,0,0,0,0,0,0,0,2007,2007
"1454",313,"Grant County Transportation District","Rural Reporter","Rural","MB","DO",0,0,0,0,0,0,0,0,0,0,0,0,0,0,15839,11200,27039
"1455",314,"Grays Harbor Transit","Rural Reporter","Rural","DR","DO",0,0,0,0,0,0,0,0,0,0,0,0,0,0,0,0,0
"1456",314,"Grays Harbor Transit","Rural Reporter","Rural","DR","DO",0,0,0,0,0,0,0,0,0,0,0,0,0,0,0,0,0
"1457",314,"Grays Harbor Transit","Rural Reporter","Rural","MB","DO",0,0,0,0,0,0,0,0,0,0,0,0,0,0,0,0,0
"1458",314,"Grays Harbor Transit","Rural Reporter","Rural","MB","DO",0,0,0,0,0,0,0,0,0,0,0,0,0,0,0,0,0
"1459",314,"Grays Harbor Transit","Rural Reporter","Rural","VP","DO",0,0,0,0,0,0,0,0,0,0,0,0,0,0,0,0,0
"1460",314,"Grays Harbor Transit","Rural Reporter","Rural","VP","DO",0,0,0,0,0,0,0,0,0,0,0,0,0,0,33467,51480,84947
"1461",315,"Mason County Transportation Authority","Rural Reporter","Rural","DR","DO",0,0,0,0,0,0,0,0,0,0,0,0,0,0,0,0,0
"1462",315,"Mason County Transportation Authority","Rural Reporter","Rural","DR","DO",0,0,0,0,0,0,0,0,0,0,0,0,0,0,0,0,0
"1463",315,"Mason County Transportation Authority","Rural Reporter","Rural","MB","DO",0,0,0,0,0,0,0,0,0,0,0,0,0,0,0,0,0
"1464",315,"Mason County Transportation Authority","Rural Reporter","Rural","MB","DO",0,0,0,0,0,0,0,0,0,0,0,0,0,0,74371,0,74371
"1465",316,"Jefferson Transit","Rural Reporter","Rural","DR","DO",0,0,0,0,0,0,0,0,0,0,0,0,0,0,0,0,0
"1466",316,"Jefferson Transit","Rural Reporter","Rural","DR","DO",0,0,0,0,0,0,0,0,0,0,0,0,0,0,0,0,0
"1467",316,"Jefferson Transit","Rural Reporter","Rural","MB","DO",0,0,0,0,0,0,0,0,0,0,0,0,0,0,0,0,0
"1468",316,"Jefferson Transit","Rural Reporter","Rural","MB","DO",0,0,0,0,0,0,0,0,0,0,0,0,0,0,18183,0,18183
"1469",317,"Mt Si Senior Center","Rural Reporter","Rural","DR","DO",0,0,0,0,0,0,0,0,0,0,0,0,0,0,0,0,0
"1470",317,"Mt Si Senior Center","Rural Reporter","Rural","DR","DO",0,0,0,0,0,0,0,0,0,0,0,0,0,0,8651,0,8651
"1471",319,"Hood River County Transportation District","Rural Reporter","Rural","CB","DO",0,0,0,0,0,0,0,0,0,0,0,0,0,0,0,0,0
"1472",319,"Hood River County Transportation District","Rural Reporter","Rural","CB","DO",0,0,0,0,0,0,0,0,0,0,0,0,0,0,102131,0,102131
"1473",319,"Hood River County Transportation District","Rural Reporter","Rural","DR","DO",0,0,0,0,0,0,0,0,0,0,0,0,0,0,0,0,0
"1474",319,"Hood River County Transportation District","Rural Reporter","Rural","DR","DO",0,0,0,0,0,0,0,0,0,0,0,0,0,0,12661,0,12661
"1475",319,"Hood River County Transportation District","Rural Reporter","Rural","MB","DO",0,0,0,0,0,0,0,0,0,0,0,0,0,0,0,0,0
"1476",319,"Hood River County Transportation District","Rural Reporter","Rural","MB","DO",0,0,0,0,0,0,0,0,0,0,0,0,0,0,75031,0,75031
"1477",321,"Yamhill County","Rural Reporter","Rural","CB","PT",0,0,0,0,0,0,0,0,0,0,0,0,0,0,0,0,0
"1478",321,"Yamhill County","Rural Reporter","Rural","CB","PT",0,0,0,0,0,0,0,0,0,0,0,0,0,0,0,0,0
"1479",321,"Yamhill County","Rural Reporter","Rural","DR","PT",0,0,0,0,0,0,0,0,0,0,0,0,0,0,0,0,0
"1480",321,"Yamhill County","Rural Reporter","Rural","DR","PT",0,0,0,0,0,0,0,0,0,0,0,0,0,0,0,0,0
"1481",321,"Yamhill County","Rural Reporter","Rural","MB","PT",0,0,0,0,0,0,0,0,0,0,0,0,0,0,0,0,0
"1482",321,"Yamhill County","Rural Reporter","Rural","MB","PT",0,0,0,0,0,0,0,0,0,0,0,0,0,0,0,0,0
"1483",322,"Pacific Transit","Rural Reporter","Rural","DR","DO",0,0,0,0,0,0,0,0,0,0,0,0,0,0,0,0,0
"1484",322,"Pacific Transit","Rural Reporter","Rural","DR","DO",0,0,0,0,0,0,0,0,0,0,0,0,0,0,10231,0,10231
"1485",322,"Pacific Transit","Rural Reporter","Rural","MB","DO",0,0,0,0,0,0,0,0,0,0,0,0,0,0,0,0,0
"1486",322,"Pacific Transit","Rural Reporter","Rural","MB","DO",0,0,0,0,0,0,0,0,0,0,0,0,0,0,25231,0,25231
"1487",323,"Malheur Council on Aging and Community Services","Rural Reporter","Rural","CB","DO",0,0,0,0,0,0,0,0,0,0,0,0,0,0,0,0,0
"1488",323,"Malheur Council on Aging and Community Services","Rural Reporter","Rural","CB","DO",0,0,0,0,0,0,0,0,0,0,0,0,0,0,615,0,615
"1489",323,"Malheur Council on Aging and Community Services","Rural Reporter","Rural","DR","DO",0,0,0,0,0,0,0,0,0,0,0,0,0,0,0,0,0
"1490",323,"Malheur Council on Aging and Community Services","Rural Reporter","Rural","DR","DO",0,0,0,0,0,0,0,0,0,0,0,0,0,0,15578,105772,121350
"1491",323,"Malheur Council on Aging and Community Services","Rural Reporter","Rural","MB","DO",0,0,0,0,0,0,0,0,0,0,0,0,0,0,0,0,0
"1492",323,"Malheur Council on Aging and Community Services","Rural Reporter","Rural","MB","DO",0,0,0,0,0,0,0,0,0,0,0,0,0,0,8296,0,8296
"1493",327,"Valley Transit","Reduced Reporter","Urban","DR","DO",0,0,0,0,0,0,0,0,0,0,0,0,0,0,0,0,0
"1494",327,"Valley Transit","Reduced Reporter","Urban","DR","DO",0,0,0,0,0,0,0,0,0,0,0,0,0,0,37395,15442,52837
"1495",327,"Valley Transit","Reduced Reporter","Urban","MB","DO",0,0,0,0,0,0,0,0,0,0,0,0,0,0,0,0,0
"1496",327,"Valley Transit","Reduced Reporter","Urban","MB","DO",0,0,0,0,0,0,0,0,0,0,0,0,0,0,98712,0,98712
"1497",330,"City of Canby","Reduced Reporter","Urban","DR","PT",0,0,0,0,0,0,0,0,0,0,0,0,0,0,0,0,0
"1498",330,"City of Canby","Reduced Reporter","Urban","DR","PT",0,0,0,0,0,0,0,0,0,0,0,0,0,0,9194,0,9194
"1499",330,"City of Canby","Reduced Reporter","Urban","MB","PT",0,0,0,0,0,0,0,0,0,0,0,0,0,0,0,0,0
"1500",330,"City of Canby","Reduced Reporter","Urban","MB","PT",0,0,0,0,0,0,0,0,0,0,0,0,0,0,46832,0,46832
"1501",331,"Sunset Empire Transportation District","Rural Reporter","Rural","CB","DO",0,0,0,0,0,0,0,0,0,0,0,0,0,0,0,0,0
"1502",331,"Sunset Empire Transportation District","Rural Reporter","Rural","CB","DO",0,0,0,0,0,0,0,0,0,0,0,0,0,0,83598,0,83598
"1503",331,"Sunset Empire Transportation District","Rural Reporter","Rural","DR","DO",0,0,0,0,0,0,0,0,0,0,0,0,0,0,0,0,0
"1504",331,"Sunset Empire Transportation District","Rural Reporter","Rural","DR","DO",0,0,0,0,0,0,0,0,0,0,0,0,0,0,12594,52811,65405
"1505",331,"Sunset Empire Transportation District","Rural Reporter","Rural","MB","DO",0,0,0,0,0,0,0,0,0,0,0,0,0,0,0,0,0
"1506",331,"Sunset Empire Transportation District","Rural Reporter","Rural","MB","DO",0,0,0,0,0,0,0,0,0,0,0,0,0,0,109186,1020,110206
"1507",332,"Okanogan County Transportation & Nutrition","Rural Reporter","Rural","DR","DO",0,0,0,0,0,0,0,0,0,0,0,0,0,0,0,0,0
"1508",332,"Okanogan County Transportation & Nutrition","Rural Reporter","Rural","DR","DO",0,0,0,0,0,0,0,0,0,0,0,0,0,0,17164,70751,87915
"1509",332,"Okanogan County Transportation & Nutrition","Rural Reporter","Rural","MB","DO",0,0,0,0,0,0,0,0,0,0,0,0,0,0,0,0,0
"1510",332,"Okanogan County Transportation & Nutrition","Rural Reporter","Rural","MB","DO",0,0,0,0,0,0,0,0,0,0,0,0,0,0,9641,0,9641
"1511",333,"Council on Aging & Human Services","Rural Reporter","Rural","DR","DO",0,0,0,0,0,0,0,0,0,0,0,0,0,0,0,0,0
"1512",333,"Council on Aging & Human Services","Rural Reporter","Rural","DR","DO",0,0,0,0,0,0,0,0,0,0,0,0,0,0,0,0,0
"1513",336,"Skamania County Senior Services","Rural Reporter","Rural","DR","DO",0,0,0,0,0,0,0,0,0,0,0,0,0,0,0,0,0
"1514",336,"Skamania County Senior Services","Rural Reporter","Rural","DR","DO",0,0,0,0,0,0,0,0,0,0,0,0,0,0,7053,0,7053
"1515",336,"Skamania County Senior Services","Rural Reporter","Rural","MB","DO",0,0,0,0,0,0,0,0,0,0,0,0,0,0,0,0,0
"1516",336,"Skamania County Senior Services","Rural Reporter","Rural","MB","DO",0,0,0,0,0,0,0,0,0,0,0,0,0,0,13116,0,13116
"1517",339,"Basin Transit Service","Rural Reporter","Rural","DR","DO",0,0,0,0,0,0,0,0,0,0,0,0,0,0,0,0,0
"1518",339,"Basin Transit Service","Rural Reporter","Rural","DR","DO",0,0,0,0,0,0,0,0,0,0,0,0,0,0,27993,0,27993
"1519",339,"Basin Transit Service","Rural Reporter","Rural","MB","DO",0,0,0,0,0,0,0,0,0,0,0,0,0,0,0,0,0
"1520",339,"Basin Transit Service","Rural Reporter","Rural","MB","DO",0,0,0,0,0,0,0,0,0,0,0,0,0,0,104067,0,104067
"1521",340,"Senior Citizens of Kodiak, Inc.","Rural Reporter","Rural","DR","DO",0,0,0,0,0,0,0,0,0,0,0,0,0,0,0,0,0
"1522",340,"Senior Citizens of Kodiak, Inc.","Rural Reporter","Rural","DR","DO",0,0,0,0,0,0,0,0,0,0,0,0,0,0,19317,999,20316
"1523",341,"Selkirks-Pend Oreille Transit Authority","Rural Reporter","Rural","DR","DO",0,0,0,0,0,0,0,0,0,0,0,0,0,0,0,0,0
"1524",341,"Selkirks-Pend Oreille Transit Authority","Rural Reporter","Rural","DR","DO",0,0,0,0,0,0,0,0,0,0,0,0,0,0,0,0,0
"1525",341,"Selkirks-Pend Oreille Transit Authority","Rural Reporter","Rural","MB","DO",0,0,0,0,0,0,0,0,0,0,0,0,0,0,0,0,0
"1526",341,"Selkirks-Pend Oreille Transit Authority","Rural Reporter","Rural","MB","DO",0,0,0,0,0,0,0,0,0,0,0,0,0,0,0,0,0
"1527",343,"Community Connection of Northeast Oregon","Rural Reporter","Rural","CB","DO",0,0,0,0,0,0,0,0,0,0,0,0,0,0,0,0,0
"1528",343,"Community Connection of Northeast Oregon","Rural Reporter","Rural","CB","DO",0,0,0,0,0,0,0,0,0,0,0,0,0,0,9376,0,9376
"1529",343,"Community Connection of Northeast Oregon","Rural Reporter","Rural","DR","DO",0,0,0,0,0,0,0,0,0,0,0,0,0,0,0,0,0
"1530",343,"Community Connection of Northeast Oregon","Rural Reporter","Rural","DR","DO",0,0,0,0,0,0,0,0,0,0,0,0,0,0,5391,192481,197872
"1531",343,"Community Connection of Northeast Oregon","Rural Reporter","Rural","MB","DO",0,0,0,0,0,0,0,0,0,0,0,0,0,0,0,0,0
"1532",343,"Community Connection of Northeast Oregon","Rural Reporter","Rural","MB","DO",0,0,0,0,0,0,0,0,0,0,0,0,0,0,1214,0,1214
"1533",345,"Glacier Valley Transit","Rural Reporter","Rural","MB","PT",0,0,0,0,0,0,0,0,0,0,0,0,0,0,0,0,0
"1534",345,"Glacier Valley Transit","Rural Reporter","Rural","MB","PT",0,0,0,0,0,0,0,0,0,0,0,0,0,0,20278,0,20278
"1535",347,"Regional Public Transportation, Inc.","Rural Reporter","Rural","DR","DO",0,0,0,0,0,0,0,0,0,0,0,0,0,0,0,0,0
"1536",347,"Regional Public Transportation, Inc.","Rural Reporter","Rural","DR","DO",0,0,0,0,0,0,0,0,0,0,0,0,0,0,4079,15707,19786
"1537",347,"Regional Public Transportation, Inc.","Rural Reporter","Rural","MB","DO",0,0,0,0,0,0,0,0,0,0,0,0,0,0,0,0,0
"1538",347,"Regional Public Transportation, Inc.","Rural Reporter","Rural","MB","DO",0,0,0,0,0,0,0,0,0,0,0,0,0,0,0,0,0
"1539",348,"Senior Citizens of Sweet Home, Inc.","Rural Reporter","Rural","CB","DO",0,0,0,0,0,0,0,0,0,0,0,0,0,0,0,0,0
"1540",348,"Senior Citizens of Sweet Home, Inc.","Rural Reporter","Rural","CB","DO",0,0,0,0,0,0,0,0,0,0,0,0,0,0,32357,0,32357
"1541",348,"Senior Citizens of Sweet Home, Inc.","Rural Reporter","Rural","DR","DO",0,0,0,0,0,0,0,0,0,0,0,0,0,0,0,0,0
"1542",348,"Senior Citizens of Sweet Home, Inc.","Rural Reporter","Rural","DR","DO",0,0,0,0,0,0,0,0,0,0,0,0,0,0,4083,0,4083
"1543",348,"Senior Citizens of Sweet Home, Inc.","Rural Reporter","Rural","MB","DO",0,0,0,0,0,0,0,0,0,0,0,0,0,0,0,0,0
"1544",348,"Senior Citizens of Sweet Home, Inc.","Rural Reporter","Rural","MB","DO",0,0,0,0,0,0,0,0,0,0,0,0,0,0,2894,0,2894
"1545",354,"Catholic Community Service, Sitka","Rural Reporter","Rural","DR","DO",0,0,0,0,0,0,0,0,0,0,0,0,0,0,0,0,0
"1546",354,"Catholic Community Service, Sitka","Rural Reporter","Rural","DR","DO",0,0,0,0,0,0,0,0,0,0,0,0,0,0,2507,0,2507
"1547",357,"TransIV Buses - College of Southern Idaho","Rural Reporter","Rural","DR","DO",0,0,0,0,0,0,0,0,0,0,0,0,0,0,0,0,0
"1548",357,"TransIV Buses - College of Southern Idaho","Rural Reporter","Rural","DR","DO",0,0,0,0,0,0,0,0,0,0,0,0,0,0,1979,3419,5398
"1549",358,"Ketchikan Gateway Borough","Rural Reporter","Rural","DR","PT",0,0,0,0,0,0,0,0,0,0,0,0,0,0,0,0,0
"1550",358,"Ketchikan Gateway Borough","Rural Reporter","Rural","DR","PT",0,0,0,0,0,0,0,0,0,0,0,0,0,0,3218,0,3218
"1551",358,"Ketchikan Gateway Borough","Rural Reporter","Rural","MB","DO",0,0,0,0,0,0,0,0,0,0,0,0,0,0,0,0,0
"1552",358,"Ketchikan Gateway Borough","Rural Reporter","Rural","MB","DO",0,0,0,0,0,0,0,0,0,0,0,0,0,0,249618,0,249618
"1553",359,"City of Pendleton","Rural Reporter","Rural","DR","PT",0,0,0,0,0,0,0,0,0,0,0,0,0,0,0,0,0
"1554",359,"City of Pendleton","Rural Reporter","Rural","DR","PT",0,0,0,0,0,0,0,0,0,0,0,0,0,0,20873,0,20873
"1555",359,"City of Pendleton","Rural Reporter","Rural","MB","PT",0,0,0,0,0,0,0,0,0,0,0,0,0,0,0,0,0
"1556",359,"City of Pendleton","Rural Reporter","Rural","MB","PT",0,0,0,0,0,0,0,0,0,0,0,0,0,0,0,0,0
"1557",360,"City of Woodburn","Rural Reporter","Rural","DR","DO",0,0,0,0,0,0,0,0,0,0,0,0,0,0,0,0,0
"1558",360,"City of Woodburn","Rural Reporter","Rural","DR","DO",0,0,0,0,0,0,0,0,0,0,0,0,0,0,0,0,0
"1559",360,"City of Woodburn","Rural Reporter","Rural","MB","DO",0,0,0,0,0,0,0,0,0,0,0,0,0,0,0,0,0
"1560",360,"City of Woodburn","Rural Reporter","Rural","MB","DO",0,0,0,0,0,0,0,0,0,0,0,0,0,0,0,0,0
"1561",363,"Clackamas County","Reduced Reporter","Urban","CB","PT",0,0,0,0,0,0,0,0,0,0,0,0,0,0,0,0,0
"1562",363,"Clackamas County","Reduced Reporter","Urban","CB","PT",0,0,0,0,0,0,0,0,0,0,0,0,0,0,101912,0,101912
"1563",363,"Clackamas County","Reduced Reporter","Urban","DR","DO",0,0,0,0,0,0,0,0,0,0,0,0,0,0,0,0,0
"1564",363,"Clackamas County","Reduced Reporter","Urban","DR","DO",0,0,0,0,0,0,0,0,0,0,0,0,0,0,0,0,0
"1565",363,"Clackamas County","Reduced Reporter","Urban","MB","PT",0,0,0,0,0,0,0,0,0,0,0,0,0,0,0,0,0
"1566",363,"Clackamas County","Reduced Reporter","Urban","MB","PT",0,0,0,0,0,0,0,0,0,0,0,0,0,0,5219,0,5219
"1567",364,"Lewis County Transit","Rural Reporter","Rural","DR","DO",0,0,0,0,0,0,0,0,0,0,0,0,0,0,0,0,0
"1568",364,"Lewis County Transit","Rural Reporter","Rural","DR","DO",0,0,0,0,0,0,0,0,0,0,0,0,0,0,34127,0,34127
"1569",364,"Lewis County Transit","Rural Reporter","Rural","MB","DO",0,0,0,0,0,0,0,0,0,0,0,0,0,0,0,0,0
"1570",364,"Lewis County Transit","Rural Reporter","Rural","MB","DO",0,0,0,0,0,0,0,0,0,0,0,0,0,0,0,0,0
"1571",368,"Lower Columbia Community Action Council","Rural Reporter","Rural","CB","DO",0,0,0,0,0,0,0,0,0,0,0,0,0,0,0,0,0
"1572",368,"Lower Columbia Community Action Council","Rural Reporter","Rural","CB","DO",0,0,0,0,0,0,0,0,0,0,0,0,0,0,20419,0,20419
"1573",368,"Lower Columbia Community Action Council","Rural Reporter","Rural","DR","DO",0,0,0,0,0,0,0,0,0,0,0,0,0,0,0,0,0
"1574",368,"Lower Columbia Community Action Council","Rural Reporter","Rural","DR","DO",0,0,0,0,0,0,0,0,0,0,0,0,0,0,0,0,0
"1575",371,"Wahkiakum County","Rural Reporter","Rural","DR","DO",0,0,0,0,0,0,0,0,0,0,0,0,0,0,0,0,0
"1576",371,"Wahkiakum County","Rural Reporter","Rural","DR","DO",0,0,0,0,0,0,0,0,0,0,0,0,0,0,0,86244,86244
"1577",371,"Wahkiakum County","Rural Reporter","Rural","MB","DO",0,0,0,0,0,0,0,0,0,0,0,0,0,0,0,0,0
"1578",371,"Wahkiakum County","Rural Reporter","Rural","MB","DO",0,0,0,0,0,0,0,0,0,0,0,0,0,0,1792,0,1792
"1579",373,"Treasure Valley Transit","Reduced Reporter","Urban","DR","DO",0,0,0,0,0,0,0,0,0,0,0,0,0,0,0,31268,31268
"1580",373,"Treasure Valley Transit","Reduced Reporter","Urban","DR","DO",0,0,0,0,0,0,0,0,0,0,0,0,0,0,11335,485052,496387
"1581",373,"Treasure Valley Transit","Reduced Reporter","Urban","MB","DO",0,0,0,0,0,0,0,0,0,0,0,0,0,0,0,0,0
"1582",373,"Treasure Valley Transit","Reduced Reporter","Urban","MB","DO",0,0,0,0,0,0,0,0,0,0,0,0,0,0,3038,0,3038
"1583",374,"Harney County","Rural Reporter","Rural","DR","PT",0,0,0,0,0,0,0,0,0,0,0,0,0,0,0,0,0
"1584",374,"Harney County","Rural Reporter","Rural","DR","PT",0,0,0,0,0,0,0,0,0,0,0,0,0,0,54148,0,54148
"1585",374,"Harney County","Rural Reporter","Rural","MB","PT",0,0,0,0,0,0,0,0,0,0,0,0,0,0,0,0,0
"1586",374,"Harney County","Rural Reporter","Rural","MB","PT",0,0,0,0,0,0,0,0,0,0,0,0,0,0,0,0,0
"1587",375,"Columbia County","Rural Reporter","Rural","CB","DO",0,0,0,0,0,0,0,0,0,0,0,0,0,0,0,0,0
"1588",375,"Columbia County","Rural Reporter","Rural","CB","DO",0,0,0,0,0,0,0,0,0,0,0,0,0,0,17775,6259,24034
"1589",375,"Columbia County","Rural Reporter","Rural","DR","DO",0,0,0,0,0,0,0,0,0,0,0,0,0,0,0,0,0
"1590",375,"Columbia County","Rural Reporter","Rural","DR","DO",0,0,0,0,0,0,0,0,0,0,0,0,0,0,22204,7819,30023
"1591",376,"Ride Connection, Inc.","Full Reporter","Urban","DR","TX",0,0,0,0,0,0,0,0,0,0,0,0,0,0,0,0,0
"1592",377,"City of Lebanon","Rural Reporter","Rural","CB","DO",0,0,0,0,0,0,0,0,0,0,0,0,0,0,0,0,0
"1593",377,"City of Lebanon","Rural Reporter","Rural","CB","DO",0,0,0,0,0,0,0,0,0,0,0,0,0,0,0,0,0
"1594",377,"City of Lebanon","Rural Reporter","Rural","DR","DO",0,0,0,0,0,0,0,0,0,0,0,0,0,0,0,0,0
"1595",377,"City of Lebanon","Rural Reporter","Rural","DR","DO",0,0,0,0,0,0,0,0,0,0,0,0,0,0,0,606,606
"1596",377,"City of Lebanon","Rural Reporter","Rural","MB","DO",0,0,0,0,0,0,0,0,0,0,0,0,0,0,0,0,0
"1597",377,"City of Lebanon","Rural Reporter","Rural","MB","DO",0,0,0,0,0,0,0,0,0,0,0,0,0,0,0,441,441
"1598",378,"Central Area Rural Transit System, Inc.","Rural Reporter","Rural","DR","DO",0,0,0,0,0,0,0,0,0,0,0,0,0,0,0,0,0
"1599",378,"Central Area Rural Transit System, Inc.","Rural Reporter","Rural","DR","DO",0,0,0,0,0,0,0,0,0,0,0,0,0,0,104477,0,104477
"1600",378,"Central Area Rural Transit System, Inc.","Rural Reporter","Rural","DR","TX",0,0,0,0,0,0,0,0,0,0,0,0,0,0,0,0,0
"1601",378,"Central Area Rural Transit System, Inc.","Rural Reporter","Rural","DR","TX",0,0,0,0,0,0,0,0,0,0,0,0,0,0,28228,0,28228
"1602",382,"Inter-Island Ferry Authority","Rural Reporter","Rural","FB","DO",0,0,0,0,0,0,0,0,0,0,0,0,0,0,0,0,0
"1603",382,"Inter-Island Ferry Authority","Rural Reporter","Rural","FB","DO",0,0,0,0,0,0,0,0,0,0,0,0,0,0,1964226,0,1964226
"1604",383,"Columbia County Public Transportation","Rural Reporter","Rural","DR","DO",0,0,0,0,0,0,0,0,0,0,0,0,0,0,0,0,0
"1605",383,"Columbia County Public Transportation","Rural Reporter","Rural","DR","DO",0,0,0,0,0,0,0,0,0,0,0,0,0,0,6834,0,6834
"1606",383,"Columbia County Public Transportation","Rural Reporter","Rural","VP","DO",0,0,0,0,0,0,0,0,0,0,0,0,0,0,0,0,0
"1607",383,"Columbia County Public Transportation","Rural Reporter","Rural","VP","DO",0,0,0,0,0,0,0,0,0,0,0,0,0,0,6413,0,6413
"1608",386,"Special Mobility Services","Rural Reporter","Rural","DR","DO",0,0,0,0,0,0,0,0,0,0,0,0,0,0,0,0,0
"1609",386,"Special Mobility Services","Rural Reporter","Rural","DR","DO",0,0,0,0,0,0,0,0,0,0,0,0,0,0,2195,0,2195
"1610",386,"Special Mobility Services","Rural Reporter","Rural","MB","DO",0,0,0,0,0,0,0,0,0,0,0,0,0,0,0,0,0
"1611",386,"Special Mobility Services","Rural Reporter","Rural","MB","DO",0,0,0,0,0,0,0,0,0,0,0,0,0,0,12842,0,12842
"1612",387,"City of Bethel","Rural Reporter","Rural","MB","DO",0,0,0,0,0,0,0,0,0,0,0,0,0,0,0,0,0
"1613",387,"City of Bethel","Rural Reporter","Rural","MB","DO",0,0,0,0,0,0,0,0,0,0,0,0,0,0,16997,0,16997
"1614",389,"City of Sandy","Rural Reporter","Rural","CB","PT",0,0,0,0,0,0,0,0,0,0,0,0,0,0,0,0,0
"1615",389,"City of Sandy","Rural Reporter","Rural","CB","PT",0,0,0,0,0,0,0,0,0,0,0,0,0,0,57568,0,57568
"1616",389,"City of Sandy","Rural Reporter","Rural","DR","PT",0,0,0,0,0,0,0,0,0,0,0,0,0,0,0,0,0
"1617",389,"City of Sandy","Rural Reporter","Rural","DR","PT",0,0,0,0,0,0,0,0,0,0,0,0,0,0,3348,0,3348
"1618",389,"City of Sandy","Rural Reporter","Rural","MB","PT",0,0,0,0,0,0,0,0,0,0,0,0,0,0,0,0,0
"1619",389,"City of Sandy","Rural Reporter","Rural","MB","PT",0,0,0,0,0,0,0,0,0,0,0,0,0,0,0,0,0
"1620",391,"City and Borough of Juneau","Rural Reporter","Rural","DR","PT",0,0,0,0,0,0,0,0,0,0,0,0,0,0,0,0,0
"1621",391,"City and Borough of Juneau","Rural Reporter","Rural","DR","PT",0,0,0,0,0,0,0,0,0,0,0,0,0,0,0,0,0
"1622",391,"City and Borough of Juneau","Rural Reporter","Rural","MB","DO",0,0,0,0,0,0,0,0,0,0,0,0,0,0,0,0,0
"1623",391,"City and Borough of Juneau","Rural Reporter","Rural","MB","DO",0,0,0,0,0,0,0,0,0,0,0,0,0,0,558494,0,558494
"1624",396,"Mid-Columbia Economic Development District","Rural Reporter","Rural","DR","DO",0,0,0,0,0,0,0,0,0,0,0,0,0,0,0,0,0
"1625",396,"Mid-Columbia Economic Development District","Rural Reporter","Rural","DR","DO",0,0,0,0,0,0,0,0,0,0,0,0,0,0,20503,27119,47622
"1626",396,"Mid-Columbia Economic Development District","Rural Reporter","Rural","MB","DO",0,0,0,0,0,0,0,0,0,0,0,0,0,0,0,0,0
"1627",396,"Mid-Columbia Economic Development District","Rural Reporter","Rural","MB","DO",0,0,0,0,0,0,0,0,0,0,0,0,0,0,18909,0,18909
"1628",398,"Coastal Community Action Program","Rural Reporter","Rural","DR","DO",0,0,0,0,0,0,0,0,0,0,0,0,0,0,0,0,0
"1629",398,"Coastal Community Action Program","Rural Reporter","Rural","DR","DO",0,0,0,0,0,0,0,0,0,0,0,0,0,0,3711,0,3711
"1630",399,"Sunshine Transit","Rural Reporter","Rural","DR","DO",0,0,0,0,0,0,0,0,0,0,0,0,0,0,0,0,0
"1631",399,"Sunshine Transit","Rural Reporter","Rural","DR","DO",0,0,0,0,0,0,0,0,0,0,0,0,0,0,0,94152,94152
"1632",400,"Gwichyaa Zhee Tribal Transit Service","Reduced Reporter","Tribe","MB","DO",0,0,0,0,0,0,0,0,0,0,0,0,0,0,0,0,0
"1633",400,"Gwichyaa Zhee Tribal Transit Service","Reduced Reporter","Tribe","MB","DO",0,0,0,0,0,0,0,0,0,0,0,0,0,0,1184,0,1184
"1634",401,"Lower Elwha Klallam Tribe","Reduced Reporter","Tribe","MB","DO",0,0,0,0,0,0,0,0,0,0,0,0,0,0,0,0,0
"1635",401,"Lower Elwha Klallam Tribe","Reduced Reporter","Tribe","MB","DO",0,0,0,0,0,0,0,0,0,0,0,0,0,0,0,0,0
"1636",403,"Lemhi Ride","Rural Reporter","Rural","DR","DO",0,0,0,0,0,0,0,0,0,0,0,0,0,0,0,0,0
"1637",403,"Lemhi Ride","Rural Reporter","Rural","DR","DO",0,0,0,0,0,0,0,0,0,0,0,0,0,0,27742,15734,43476
"1638",404,"Shoshone County","Rural Reporter","Rural","DR","PT",0,0,0,0,0,0,0,0,0,0,0,0,0,0,0,0,0
"1639",404,"Shoshone County","Rural Reporter","Rural","DR","PT",0,0,0,0,0,0,0,0,0,0,0,0,0,0,0,0,0
"1640",404,"Shoshone County","Rural Reporter","Rural","MB","PT",0,0,0,0,0,0,0,0,0,0,0,0,0,0,0,0,0
"1641",404,"Shoshone County","Rural Reporter","Rural","MB","PT",0,0,0,0,0,0,0,0,0,0,0,0,0,0,0,0,0
"1642",405,"Okanogan County Transit Authority","Rural Reporter","Rural","MB","DO",0,0,0,0,0,0,0,0,0,0,0,0,0,0,0,0,0
"1643",405,"Okanogan County Transit Authority","Rural Reporter","Rural","MB","DO",0,0,0,0,0,0,0,0,0,0,0,0,0,0,45159,0,45159
"1644",405,"Okanogan County Transit Authority","Rural Reporter","Rural","VP","DO",0,0,0,0,0,0,0,0,0,0,0,0,0,0,0,0,0
"1645",405,"Okanogan County Transit Authority","Rural Reporter","Rural","VP","DO",0,0,0,0,0,0,0,0,0,0,0,0,0,0,42873,0,42873
"1646",407,"Muckleshoot Indian Tribe","Reduced Reporter","Tribe","MB","DO",0,0,0,0,0,0,0,0,0,0,0,0,0,0,0,0,0
"1647",407,"Muckleshoot Indian Tribe","Reduced Reporter","Tribe","MB","DO",0,0,0,0,0,0,0,0,0,0,0,0,0,0,0,0,0
"1648",409,"Morrow County","Rural Reporter","Rural","DR","DO",0,0,0,0,0,0,0,0,0,0,0,0,0,0,0,0,0
"1649",409,"Morrow County","Rural Reporter","Rural","DR","DO",0,0,0,0,0,0,0,0,0,0,0,0,0,0,1975,22405,24380
"1650",414,"Ninilchik Village","Reduced Reporter","Tribe","MB","DO",0,0,0,0,0,0,0,0,0,0,0,0,0,0,0,0,0
"1651",414,"Ninilchik Village","Reduced Reporter","Tribe","MB","DO",0,0,0,0,0,0,0,0,0,0,0,0,0,0,3628,1051,4679
"1652",416,"Boise State University","Reduced Reporter","Urban","MB","DO",0,0,0,0,0,0,0,0,0,0,0,0,0,0,0,0,0
"1653",416,"Boise State University","Reduced Reporter","Urban","MB","DO",0,0,0,0,0,0,0,0,0,0,0,0,0,0,0,0,0
"1654",419,"Kenaitze Indian Tribe","Reduced Reporter","Tribe","DR","DO",0,0,0,0,0,0,0,0,0,0,0,0,0,0,0,0,0
"1655",419,"Kenaitze Indian Tribe","Reduced Reporter","Tribe","DR","DO",0,0,0,0,0,0,0,0,0,0,0,0,0,0,0,0,0
"1656",420,"Native Village of Unalakleet","Reduced Reporter","Tribe","DR","DO",0,0,0,0,0,0,0,0,0,0,0,0,0,0,0,0,0
"1657",420,"Native Village of Unalakleet","Reduced Reporter","Tribe","DR","DO",0,0,0,0,0,0,0,0,0,0,0,0,0,0,0,0,0
"1658",459,"Umpqua Public Transportation District","Rural Reporter","Rural","CB","PT",0,0,0,0,0,0,0,0,0,0,0,0,0,0,7158,3075,10233
"1659",459,"Umpqua Public Transportation District","Rural Reporter","Rural","CB","PT",0,0,0,0,0,0,0,0,0,0,0,0,0,0,0,0,0
"1660",459,"Umpqua Public Transportation District","Rural Reporter","Rural","DR","PT",0,0,0,0,0,0,0,0,0,0,0,0,0,0,23472,9216,32688
"1661",459,"Umpqua Public Transportation District","Rural Reporter","Rural","DR","PT",0,0,0,0,0,0,0,0,0,0,0,0,0,0,0,0,0
"1662",459,"Umpqua Public Transportation District","Rural Reporter","Rural","MB","PT",0,0,0,0,0,0,0,0,0,0,0,0,0,0,32020,0,32020
"1663",459,"Umpqua Public Transportation District","Rural Reporter","Rural","MB","PT",0,0,0,0,0,0,0,0,0,0,0,0,0,0,0,21967,21967
"1664",460,"Craig Tribal Association","Reduced Reporter","Tribe","MB","DO",0,0,0,0,0,0,0,0,0,0,0,0,0,0,0,0,0
"1665",460,"Craig Tribal Association","Reduced Reporter","Tribe","MB","DO",0,0,0,0,0,0,0,0,0,0,0,0,0,0,0,0,0
"1666",462,"Noorvik Native Community","Reduced Reporter","Tribe","DR","DO",0,0,0,0,0,0,0,0,0,0,0,0,0,0,0,0,0
"1667",462,"Noorvik Native Community","Reduced Reporter","Tribe","DR","DO",0,0,0,0,0,0,0,0,0,0,0,0,0,0,0,0,0
"1668",463,"Petersburg Indian Association","Reduced Reporter","Tribe","DR","DO",0,0,0,0,0,0,0,0,0,0,0,0,0,0,0,0,0
"1669",463,"Petersburg Indian Association","Reduced Reporter","Tribe","DR","DO",0,0,0,0,0,0,0,0,0,0,0,0,0,0,0,0,0
"1670",464,"Lane Council of Governments","Rural Reporter","Rural","MB","PT",0,0,0,0,0,0,0,0,0,0,0,0,0,0,0,0,0
"1671",464,"Lane Council of Governments","Rural Reporter","Rural","MB","PT",0,0,0,0,0,0,0,0,0,0,0,0,0,0,42340,205,42545
"1672",10001,"Rhode Island Public Transit Authority","Full Reporter","Urban","DR","TX",0,0,0,0,0,0,0,0,0,0,0,0,0,0,40596,0,40596
"1673",10002,"Manchester Transit Authority","Reduced Reporter","Urban","DR","DO",0,0,0,0,0,0,0,0,0,0,0,0,0,0,0,0,0
"1674",10002,"Manchester Transit Authority","Reduced Reporter","Urban","DR","DO",0,0,0,0,0,0,0,0,0,0,0,0,0,0,21681,0,21681
"1675",10002,"Manchester Transit Authority","Reduced Reporter","Urban","MB","DO",0,0,0,0,0,0,0,0,0,0,0,0,0,0,0,0,0
"1676",10002,"Manchester Transit Authority","Reduced Reporter","Urban","MB","DO",0,0,0,0,0,0,0,0,0,0,0,0,0,0,376662,6542,383204
"1677",10013,"Merrimack Valley Regional Transit Authority","Full Reporter","Urban","CB","PT",0,0,0,0,0,0,0,0,0,0,0,0,0,0,3970,0,3970
"1678",10014,"Worcester Regional Transit Authority","Full Reporter","Urban","DR","TX",0,0,0,0,0,0,0,0,0,0,0,0,0,0,0,0,0
"1679",10015,"Lewiston-Auburn Transit Committee","Reduced Reporter","Urban","DR","PT",0,0,0,0,0,0,0,0,0,0,0,0,0,0,0,0,0
"1680",10015,"Lewiston-Auburn Transit Committee","Reduced Reporter","Urban","DR","PT",0,0,0,0,0,0,0,0,0,0,0,0,0,0,18984,0,18984
"1681",10015,"Lewiston-Auburn Transit Committee","Reduced Reporter","Urban","MB","PT",0,0,0,0,0,0,0,0,0,0,0,0,0,0,0,0,0
"1682",10015,"Lewiston-Auburn Transit Committee","Reduced Reporter","Urban","MB","PT",0,0,0,0,0,0,0,0,0,0,0,0,0,0,116413,23362,139775
"1683",10061,"Montachusett Regional Transit Authority","Full Reporter","Urban","DR","TX",0,0,0,0,0,0,0,0,0,0,0,0,0,0,80463,0,80463
"1684",10069,"Regional Transportation Program, Inc.","Reduced Reporter","Urban","DR","DO",0,0,0,0,0,0,0,0,0,0,0,0,0,0,0,0,0
"1685",10069,"Regional Transportation Program, Inc.","Reduced Reporter","Urban","DR","DO",0,0,0,0,0,0,0,0,0,0,0,0,0,0,106113,1243699,1349812
"1686",10096,"City of Bangor","Reduced Reporter","Urban","DR","DO",0,0,0,0,0,0,0,0,0,0,0,0,0,0,0,0,0
"1687",10096,"City of Bangor","Reduced Reporter","Urban","DR","DO",0,0,0,0,0,0,0,0,0,0,0,0,0,0,31396,0,31396
"1688",10096,"City of Bangor","Reduced Reporter","Urban","MB","DO",0,0,0,0,0,0,0,0,0,0,0,0,0,0,0,0,0
"1689",10096,"City of Bangor","Reduced Reporter","Urban","MB","DO",0,0,0,0,0,0,0,0,0,0,0,0,0,0,278034,125713,403747
"1690",10098,"Western Maine Transportation Services, Inc.","Full Reporter","Urban","DR","PT",0,0,0,0,0,0,0,0,0,0,0,0,0,0,18984,0,18984
"1691",10098,"Western Maine Transportation Services, Inc.","Full Reporter","Urban","MB","PT",0,0,0,0,0,0,0,0,0,0,0,0,0,0,116413,23362,139775
"1692",10099,"York County Community Action Corporation","Reduced Reporter","Urban","DR","DO",0,0,0,0,0,0,0,0,0,0,0,0,0,0,0,0,0
"1693",10099,"York County Community Action Corporation","Reduced Reporter","Urban","DR","DO",0,0,0,0,0,0,0,0,0,0,0,0,0,0,0,0,0
"1694",10102,"Connecticut Department of Transportation","Full Reporter","Urban","DR","PT",0,0,0,0,0,0,0,0,0,0,0,0,0,0,49248,0,49248
"1695",10102,"Connecticut Department of Transportation","Full Reporter","Urban","MB","PT",0,0,0,0,0,0,0,0,0,0,0,0,0,0,331780,0,331780
"1696",10105,"Cape Cod Regional Transit Authority","Full Reporter","Urban","DR","TX",0,0,0,0,0,0,0,0,0,0,0,0,0,0,6050,0,6050
"1697",10112,"City of South Portland","Reduced Reporter","Urban","MB","DO",0,0,0,0,0,0,0,0,0,0,0,0,0,0,0,0,0
"1698",10112,"City of South Portland","Reduced Reporter","Urban","MB","DO",0,0,0,0,0,0,0,0,0,0,0,0,0,0,180679,45187,225866
"1699",10114,"Biddeford-Saco-Old Orchard Beach Transit Committee Shuttle Bus","Reduced Reporter","Urban","MB","DO",0,0,0,0,0,0,0,0,0,0,0,0,0,0,0,0,0
"1700",10114,"Biddeford-Saco-Old Orchard Beach Transit Committee Shuttle Bus","Reduced Reporter","Urban","MB","DO",0,0,0,0,0,0,0,0,0,0,0,0,0,0,302269,0,302269
"1701",10119,"University Of New Hampshire","Reduced Reporter","Urban","MB","DO",0,0,0,0,0,0,0,0,0,0,0,0,0,0,0,0,0
"1702",10119,"University Of New Hampshire","Reduced Reporter","Urban","MB","DO",0,0,0,0,0,0,0,0,0,0,0,0,0,0,12392,0,12392
"1703",10122,"Jalbert Leasing, Inc.","Reduced Reporter","Urban","CB","DO",0,0,0,0,0,0,0,0,0,0,0,0,0,0,0,0,0
"1704",10122,"Jalbert Leasing, Inc.","Reduced Reporter","Urban","CB","DO",0,0,0,0,0,0,0,0,0,0,0,0,0,0,13423929,0,13423929
"1705",10131,"Northwestern CT Transit District","Rural Reporter","Rural","DR","DO",0,0,0,0,0,0,0,0,0,0,0,0,0,0,0,0,0
"1706",10131,"Northwestern CT Transit District","Rural Reporter","Rural","DR","DO",0,0,0,0,0,0,0,0,0,0,0,0,0,0,19880,0,19880
"1707",10131,"Northwestern CT Transit District","Rural Reporter","Rural","MB","DO",0,0,0,0,0,0,0,0,0,0,0,0,0,0,0,0,0
"1708",10131,"Northwestern CT Transit District","Rural Reporter","Rural","MB","DO",0,0,0,0,0,0,0,0,0,0,0,0,0,0,8504,0,8504
"1709",10133,"Boston Express Bus, Inc.","Reduced Reporter","Urban","CB","DO",0,0,0,0,0,0,0,0,0,0,0,0,0,0,0,0,0
"1710",10133,"Boston Express Bus, Inc.","Reduced Reporter","Urban","CB","DO",0,0,0,0,0,0,0,0,0,0,0,0,0,0,4065065,0,4065065
"1711",10134,"Penquis Community Action Program","Reduced Reporter","Urban","DR","DO",0,0,0,0,0,0,0,0,0,0,0,0,0,0,0,0,0
"1712",10134,"Penquis Community Action Program","Reduced Reporter","Urban","DR","DO",0,0,0,0,0,0,0,0,0,0,0,0,0,0,34747,12453599,12488346
"1713",10137,"Advance Transit, Inc. NH","Rural Reporter","Rural","DR","DO",0,0,0,0,0,0,0,0,0,0,0,0,0,0,0,0,0
"1714",10137,"Advance Transit, Inc. NH","Rural Reporter","Rural","DR","DO",0,0,0,0,0,0,0,0,0,0,0,0,0,0,0,0,0
"1715",10137,"Advance Transit, Inc. NH","Rural Reporter","Rural","MB","DO",0,0,0,0,0,0,0,0,0,0,0,0,0,0,0,0,0
"1716",10137,"Advance Transit, Inc. NH","Rural Reporter","Rural","MB","DO",0,0,0,0,0,0,0,0,0,0,0,0,0,0,0,0,0
"1717",10137,"Advance Transit, Inc. NH","Rural Reporter","Rural","DR","DO",0,0,0,0,0,0,0,0,0,0,0,0,0,0,0,0,0
"1718",10137,"Advance Transit, Inc. NH","Rural Reporter","Rural","DR","DO",0,0,0,0,0,0,0,0,0,0,0,0,0,0,0,0,0
"1719",10137,"Advance Transit, Inc. NH","Rural Reporter","Rural","MB","DO",0,0,0,0,0,0,0,0,0,0,0,0,0,0,0,0,0
"1720",10137,"Advance Transit, Inc. NH","Rural Reporter","Rural","MB","DO",0,0,0,0,0,0,0,0,0,0,0,0,0,0,0,0,0
"1721",10140,"Estuary Transit District","Reduced Reporter","Urban","DR","DO",0,0,0,0,0,0,0,0,0,0,0,0,0,0,0,0,0
"1722",10140,"Estuary Transit District","Reduced Reporter","Urban","DR","DO",0,0,0,0,0,0,0,0,0,0,0,0,0,0,16116,89998,106114
"1723",10140,"Estuary Transit District","Reduced Reporter","Urban","MB","DO",0,0,0,0,0,0,0,0,0,0,0,0,0,0,0,0,0
"1724",10140,"Estuary Transit District","Reduced Reporter","Urban","MB","DO",0,0,0,0,0,0,0,0,0,0,0,0,0,0,116448,0,116448
"1725",10142,"Aroostook Regional Transportation Systems, Inc.","Rural Reporter","Rural","DR","DO",0,0,0,0,0,0,0,0,0,0,0,0,0,0,0,0,0
"1726",10142,"Aroostook Regional Transportation Systems, Inc.","Rural Reporter","Rural","DR","DO",0,0,0,0,0,0,0,0,0,0,0,0,0,0,35331,41196,76527
"1727",10143,"Tri-Valley Transit Inc","Rural Reporter","Rural","CB","DO",0,0,0,0,0,0,0,0,0,0,0,0,0,0,0,0,0
"1728",10143,"Tri-Valley Transit Inc","Rural Reporter","Rural","CB","DO",0,0,0,0,0,0,0,0,0,0,0,0,0,0,0,0,0
"1729",10143,"Tri-Valley Transit Inc","Rural Reporter","Rural","DR","DO",0,0,0,0,0,0,0,0,0,0,0,0,0,0,0,0,0
"1730",10143,"Tri-Valley Transit Inc","Rural Reporter","Rural","DR","DO",0,0,0,0,0,0,0,0,0,0,0,0,0,0,21744,1438433,1460177
"1731",10143,"Tri-Valley Transit Inc","Rural Reporter","Rural","MB","DO",0,0,0,0,0,0,0,0,0,0,0,0,0,0,0,0,0
"1732",10143,"Tri-Valley Transit Inc","Rural Reporter","Rural","MB","DO",0,0,0,0,0,0,0,0,0,0,0,0,0,0,0,0,0
"1733",10144,"Southeast Vermont Transit, Inc","Rural Reporter","Rural","CB","DO",0,0,0,0,0,0,0,0,0,0,0,0,0,0,0,0,0
"1734",10144,"Southeast Vermont Transit, Inc","Rural Reporter","Rural","CB","DO",0,0,0,0,0,0,0,0,0,0,0,0,0,0,0,0,0
"1735",10144,"Southeast Vermont Transit, Inc","Rural Reporter","Rural","DR","DO",0,0,0,0,0,0,0,0,0,0,0,0,0,0,0,0,0
"1736",10144,"Southeast Vermont Transit, Inc","Rural Reporter","Rural","DR","DO",0,0,0,0,0,0,0,0,0,0,0,0,0,0,0,2603310,2603310
"1737",10144,"Southeast Vermont Transit, Inc","Rural Reporter","Rural","MB","DO",0,0,0,0,0,0,0,0,0,0,0,0,0,0,0,0,0
"1738",10144,"Southeast Vermont Transit, Inc","Rural Reporter","Rural","MB","DO",0,0,0,0,0,0,0,0,0,0,0,0,0,0,0,0,0
"1739",10145,"Martha's Vineyard Transit Authority","Rural Reporter","Rural","DR","PT",0,0,0,0,0,0,0,0,0,0,0,0,0,0,0,0,0
"1740",10145,"Martha's Vineyard Transit Authority","Rural Reporter","Rural","DR","PT",0,0,0,0,0,0,0,0,0,0,0,0,0,0,12729,0,12729
"1741",10145,"Martha's Vineyard Transit Authority","Rural Reporter","Rural","MB","PT",0,0,0,0,0,0,0,0,0,0,0,0,0,0,0,0,0
"1742",10145,"Martha's Vineyard Transit Authority","Rural Reporter","Rural","MB","PT",0,0,0,0,0,0,0,0,0,0,0,0,0,0,1502838,0,1502838
"1743",10148,"Rural Community Transportation","Rural Reporter","Rural","CB","DO",0,0,0,0,0,0,0,0,0,0,0,0,0,0,0,0,0
"1744",10148,"Rural Community Transportation","Rural Reporter","Rural","CB","DO",0,0,0,0,0,0,0,0,0,0,0,0,0,0,0,0,0
"1745",10148,"Rural Community Transportation","Rural Reporter","Rural","DR","DO",0,0,0,0,0,0,0,0,0,0,0,0,0,0,0,0,0
"1746",10148,"Rural Community Transportation","Rural Reporter","Rural","DR","DO",0,0,0,0,0,0,0,0,0,0,0,0,0,0,16505,2666266,2682771
"1747",10148,"Rural Community Transportation","Rural Reporter","Rural","DR","TX",0,0,0,0,0,0,0,0,0,0,0,0,0,0,0,0,0
"1748",10148,"Rural Community Transportation","Rural Reporter","Rural","DR","TX",0,0,0,0,0,0,0,0,0,0,0,0,0,0,0,0,0
"1749",10148,"Rural Community Transportation","Rural Reporter","Rural","MB","DO",0,0,0,0,0,0,0,0,0,0,0,0,0,0,0,0,0
"1750",10148,"Rural Community Transportation","Rural Reporter","Rural","MB","DO",0,0,0,0,0,0,0,0,0,0,0,0,0,0,0,0,0
"1751",10149,"Windham Region Transit District","Reduced Reporter","Urban","CB","DO",0,0,0,0,0,0,0,0,0,0,0,0,0,0,0,0,0
"1752",10149,"Windham Region Transit District","Reduced Reporter","Urban","CB","DO",0,0,0,0,0,0,0,0,0,0,0,0,0,0,6463,0,6463
"1753",10149,"Windham Region Transit District","Reduced Reporter","Urban","DR","DO",0,0,0,0,0,0,0,0,0,0,0,0,0,0,0,0,0
"1754",10149,"Windham Region Transit District","Reduced Reporter","Urban","DR","DO",0,0,0,0,0,0,0,0,0,0,0,0,0,0,4398,4340,8738
"1755",10149,"Windham Region Transit District","Reduced Reporter","Urban","MB","DO",0,0,0,0,0,0,0,0,0,0,0,0,0,0,0,0,0
"1756",10149,"Windham Region Transit District","Reduced Reporter","Urban","MB","DO",0,0,0,0,0,0,0,0,0,0,0,0,0,0,14331,2384,16715
"1757",10151,"Green Mountain Community Network","Rural Reporter","Rural","DR","DO",0,0,0,0,0,0,0,0,0,0,0,0,0,0,0,0,0
"1758",10151,"Green Mountain Community Network","Rural Reporter","Rural","DR","DO",0,0,0,0,0,0,0,0,0,0,0,0,0,0,0,828715,828715
"1759",10151,"Green Mountain Community Network","Rural Reporter","Rural","MB","DO",0,0,0,0,0,0,0,0,0,0,0,0,0,0,0,0,0
"1760",10151,"Green Mountain Community Network","Rural Reporter","Rural","MB","DO",0,0,0,0,0,0,0,0,0,0,0,0,0,0,0,0,0
"1761",10152,"City of Bath","Rural Reporter","Rural","MB","DO",0,0,0,0,0,0,0,0,0,0,0,0,0,0,0,0,0
"1762",10152,"City of Bath","Rural Reporter","Rural","MB","DO",0,0,0,0,0,0,0,0,0,0,0,0,0,0,12407,0,12407
"1763",10153,"Town of Cranberry Isles","Rural Reporter","Rural","FB","PT",0,0,0,0,0,0,0,0,0,0,0,0,0,0,0,0,0
"1764",10153,"Town of Cranberry Isles","Rural Reporter","Rural","FB","PT",0,0,0,0,0,0,0,0,0,0,0,0,0,0,16687,5211,21898
"1765",10154,"Marble Valley Regional Transit District","Rural Reporter","Rural","DR","DO",0,0,0,0,0,0,0,0,0,0,0,0,0,0,0,0,0
"1766",10154,"Marble Valley Regional Transit District","Rural Reporter","Rural","DR","DO",0,0,0,0,0,0,0,0,0,0,0,0,0,0,20437,1372242,1392679
"1767",10154,"Marble Valley Regional Transit District","Rural Reporter","Rural","MB","DO",0,0,0,0,0,0,0,0,0,0,0,0,0,0,0,0,0
"1768",10154,"Marble Valley Regional Transit District","Rural Reporter","Rural","MB","DO",0,0,0,0,0,0,0,0,0,0,0,0,0,0,0,0,0
"1769",10155,"Kennebec Valley Community Action Program","Rural Reporter","Rural","DR","DO",0,0,0,0,0,0,0,0,0,0,0,0,0,0,0,0,0
"1770",10155,"Kennebec Valley Community Action Program","Rural Reporter","Rural","DR","DO",0,0,0,0,0,0,0,0,0,0,0,0,0,0,0,3744,3744
"1771",10155,"Kennebec Valley Community Action Program","Rural Reporter","Rural","MB","DO",0,0,0,0,0,0,0,0,0,0,0,0,0,0,0,0,0
"1772",10155,"Kennebec Valley Community Action Program","Rural Reporter","Rural","MB","DO",0,0,0,0,0,0,0,0,0,0,0,0,0,0,54244,9030,63274
"1773",10156,"Northeastern Connecticut Transit District","Rural Reporter","Rural","DR","DO",0,0,0,0,0,0,0,0,0,0,0,0,0,0,0,0,0
"1774",10156,"Northeastern Connecticut Transit District","Rural Reporter","Rural","DR","DO",0,0,0,0,0,0,0,0,0,0,0,0,0,0,383,0,383
"1775",10156,"Northeastern Connecticut Transit District","Rural Reporter","Rural","MB","DO",0,0,0,0,0,0,0,0,0,0,0,0,0,0,0,0,0
"1776",10156,"Northeastern Connecticut Transit District","Rural Reporter","Rural","MB","DO",0,0,0,0,0,0,0,0,0,0,0,0,0,0,6391,0,6391
"1777",10159,"VNA Home Healthcare, Hospice & Community Service","Rural Reporter","Rural","DR","DO",0,0,0,0,0,0,0,0,0,0,0,0,0,0,0,0,0
"1778",10159,"VNA Home Healthcare, Hospice & Community Service","Rural Reporter","Rural","DR","DO",0,0,0,0,0,0,0,0,0,0,0,0,0,0,7727,0,7727
"1779",10159,"VNA Home Healthcare, Hospice & Community Service","Rural Reporter","Rural","MB","DO",0,0,0,0,0,0,0,0,0,0,0,0,0,0,0,0,0
"1780",10159,"VNA Home Healthcare, Hospice & Community Service","Rural Reporter","Rural","MB","DO",0,0,0,0,0,0,0,0,0,0,0,0,0,0,11093,0,11093
"1781",10161,"Belknap-Merrimack CAP/Concord Area Transit","Rural Reporter","Rural","DR","DO",0,0,0,0,0,0,0,0,0,0,0,0,0,0,0,0,0
"1782",10161,"Belknap-Merrimack CAP/Concord Area Transit","Rural Reporter","Rural","DR","DO",0,0,0,0,0,0,0,0,0,0,0,0,0,0,0,0,0
"1783",10161,"Belknap-Merrimack CAP/Concord Area Transit","Rural Reporter","Rural","MB","DO",0,0,0,0,0,0,0,0,0,0,0,0,0,0,0,0,0
"1784",10161,"Belknap-Merrimack CAP/Concord Area Transit","Rural Reporter","Rural","MB","DO",0,0,0,0,0,0,0,0,0,0,0,0,0,0,0,0,0
"1785",10162,"Nantucket Regional Transit Authority","Rural Reporter","Rural","DR","PT",0,0,0,0,0,0,0,0,0,0,0,0,0,0,0,0,0
"1786",10162,"Nantucket Regional Transit Authority","Rural Reporter","Rural","DR","PT",0,0,0,0,0,0,0,0,0,0,0,0,0,0,3647,0,3647
"1787",10162,"Nantucket Regional Transit Authority","Rural Reporter","Rural","MB","PT",0,0,0,0,0,0,0,0,0,0,0,0,0,0,0,0,0
"1788",10162,"Nantucket Regional Transit Authority","Rural Reporter","Rural","MB","PT",0,0,0,0,0,0,0,0,0,0,0,0,0,0,611041,0,611041
"1789",10167,"Isle au Haut Boat Services","Rural Reporter","Rural","FB","DO",0,0,0,0,0,0,0,0,0,0,0,0,0,0,0,0,0
"1790",10167,"Isle au Haut Boat Services","Rural Reporter","Rural","FB","DO",0,0,0,0,0,0,0,0,0,0,0,0,0,0,394122,0,394122
"1791",10169,"Waldo Community Action Partners","Rural Reporter","Rural","DR","DO",0,0,0,0,0,0,0,0,0,0,0,0,0,0,0,0,0
"1792",10169,"Waldo Community Action Partners","Rural Reporter","Rural","DR","DO",0,0,0,0,0,0,0,0,0,0,0,0,0,0,23037,38055,61092
"1793",10169,"Waldo Community Action Partners","Rural Reporter","Rural","MB","DO",0,0,0,0,0,0,0,0,0,0,0,0,0,0,0,0,0
"1794",10169,"Waldo Community Action Partners","Rural Reporter","Rural","MB","DO",0,0,0,0,0,0,0,0,0,0,0,0,0,0,807,2936,3743
"1795",10170,"Tri-County CAP, Inc./Carroll County Transit","Rural Reporter","Rural","DR","DO",0,0,0,0,0,0,0,0,0,0,0,0,0,0,0,0,0
"1796",10170,"Tri-County CAP, Inc./Carroll County Transit","Rural Reporter","Rural","DR","DO",0,0,0,0,0,0,0,0,0,0,0,0,0,0,2432,298,2730
"1797",10172,"Tri-County CAP, Inc./North Country Transit","Rural Reporter","Rural","DR","DO",0,0,0,0,0,0,0,0,0,0,0,0,0,0,0,0,0
"1798",10172,"Tri-County CAP, Inc./North Country Transit","Rural Reporter","Rural","DR","DO",0,0,0,0,0,0,0,0,0,0,0,0,0,0,6102,1326,7428
"1799",10172,"Tri-County CAP, Inc./North Country Transit","Rural Reporter","Rural","MB","DO",0,0,0,0,0,0,0,0,0,0,0,0,0,0,0,0,0
"1800",10172,"Tri-County CAP, Inc./North Country Transit","Rural Reporter","Rural","MB","DO",0,0,0,0,0,0,0,0,0,0,0,0,0,0,26608,576,27184
"1801",10173,"Franklin Regional Transit Authority","Rural Reporter","Rural","DR","PT",0,0,0,0,0,0,0,0,0,0,0,0,0,0,0,0,0
"1802",10173,"Franklin Regional Transit Authority","Rural Reporter","Rural","DR","PT",0,0,0,0,0,0,0,0,0,0,0,0,0,0,79680,42886,122566
"1803",10173,"Franklin Regional Transit Authority","Rural Reporter","Rural","DR","TX",0,0,0,0,0,0,0,0,0,0,0,0,0,0,0,0,0
"1804",10173,"Franklin Regional Transit Authority","Rural Reporter","Rural","DR","TX",0,0,0,0,0,0,0,0,0,0,0,0,0,0,8537,0,8537
"1805",10173,"Franklin Regional Transit Authority","Rural Reporter","Rural","MB","PT",0,0,0,0,0,0,0,0,0,0,0,0,0,0,0,0,0
"1806",10173,"Franklin Regional Transit Authority","Rural Reporter","Rural","MB","PT",0,0,0,0,0,0,0,0,0,0,0,0,0,0,0,0,0
"1807",10174,"Vermont Association for the Blind and Visually Impaired","Reduced Reporter","Urban","DR","DO",0,0,0,0,0,0,0,0,0,0,0,0,0,0,0,0,0
"1808",10174,"Vermont Association for the Blind and Visually Impaired","Reduced Reporter","Urban","DR","DO",0,0,0,0,0,0,0,0,0,0,0,0,0,0,0,0,0
"1809",10174,"Vermont Association for the Blind and Visually Impaired","Reduced Reporter","Urban","DR","PT",0,0,0,0,0,0,0,0,0,0,0,0,0,0,0,0,0
"1810",10174,"Vermont Association for the Blind and Visually Impaired","Reduced Reporter","Urban","DR","PT",0,0,0,0,0,0,0,0,0,0,0,0,0,0,0,0,0
"1811",10175,"Downeast Transportation, Inc.","Rural Reporter","Rural","CB","DO",0,0,0,0,0,0,0,0,0,0,0,0,0,0,0,0,0
"1812",10175,"Downeast Transportation, Inc.","Rural Reporter","Rural","CB","DO",0,0,0,0,0,0,0,0,0,0,0,0,0,0,101421,0,101421
"1813",10175,"Downeast Transportation, Inc.","Rural Reporter","Rural","MB","DO",0,0,0,0,0,0,0,0,0,0,0,0,0,0,0,0,0
"1814",10175,"Downeast Transportation, Inc.","Rural Reporter","Rural","MB","DO",0,0,0,0,0,0,0,0,0,0,0,0,0,0,84698,0,84698
"1815",10177,"West's Transportation, Inc.","Rural Reporter","Rural","DR","DO",0,0,0,0,0,0,0,0,0,0,0,0,0,0,0,0,0
"1816",10177,"West's Transportation, Inc.","Rural Reporter","Rural","DR","DO",0,0,0,0,0,0,0,0,0,0,0,0,0,0,0,0,0
"1817",10177,"West's Transportation, Inc.","Rural Reporter","Rural","MB","DO",0,0,0,0,0,0,0,0,0,0,0,0,0,0,0,0,0
"1818",10177,"West's Transportation, Inc.","Rural Reporter","Rural","MB","DO",0,0,0,0,0,0,0,0,0,0,0,0,0,0,6992,0,6992
"1819",10178,"Town of Bedford","Reduced Reporter","Urban","MB","DO",0,0,0,0,0,0,0,0,0,0,0,0,0,0,0,0,0
"1820",10178,"Town of Bedford","Reduced Reporter","Urban","MB","DO",0,0,0,0,0,0,0,0,0,0,0,0,0,0,4506,0,4506
"1821",10179,"City of Beverly","Reduced Reporter","Urban","MB","PT",0,0,0,0,0,0,0,0,0,0,0,0,0,0,0,0,0
"1822",10179,"City of Beverly","Reduced Reporter","Urban","MB","PT",0,0,0,0,0,0,0,0,0,0,0,0,0,0,1882,0,1882
"1823",10181,"Town of Lexington","Reduced Reporter","Urban","MB","PT",0,0,0,0,0,0,0,0,0,0,0,0,0,0,0,0,0
"1824",10181,"Town of Lexington","Reduced Reporter","Urban","MB","PT",0,0,0,0,0,0,0,0,0,0,0,0,0,0,12879,0,12879
"1825",10182,"Mission Hill Link, Inc.","Reduced Reporter","Urban","MB","PT",0,0,0,0,0,0,0,0,0,0,0,0,0,0,0,0,0
"1826",10182,"Mission Hill Link, Inc.","Reduced Reporter","Urban","MB","PT",0,0,0,0,0,0,0,0,0,0,0,0,0,0,2537,0,2537
"1827",10184,"The Mashpee Wampanoag Tribe","Reduced Reporter","Tribe","DR","DO",0,0,0,0,0,0,0,0,0,0,0,0,0,0,0,0,0
"1828",10184,"The Mashpee Wampanoag Tribe","Reduced Reporter","Tribe","DR","DO",0,0,0,0,0,0,0,0,0,0,0,0,0,0,0,0,0
"1829",11140,"Houlton Band of Maliseet Indians","Reduced Reporter","Tribe","DR","DO",0,0,0,0,0,0,0,0,0,0,0,0,0,0,0,0,0
"1830",11140,"Houlton Band of Maliseet Indians","Reduced Reporter","Tribe","DR","DO",0,0,0,0,0,0,0,0,0,0,0,0,0,0,0,0,0
"1831",11146,"Aroostook Band of Micmacs","Reduced Reporter","Tribe","DR","DO",0,0,0,0,0,0,0,0,0,0,0,0,0,0,0,0,0
"1832",11146,"Aroostook Band of Micmacs","Reduced Reporter","Tribe","DR","DO",0,0,0,0,0,0,0,0,0,0,0,0,0,0,0,0,0
"1833",11152,"Mashantucket Pequot Tribal Nation","Reduced Reporter","Tribe","MB","DO",0,0,0,0,0,0,0,0,0,0,0,0,0,0,0,0,0
"1834",11152,"Mashantucket Pequot Tribal Nation","Reduced Reporter","Tribe","MB","DO",0,0,0,0,0,0,0,0,0,0,0,0,0,0,0,0,0
"1835",11156,"Southwestern Community Services Transportation","Rural Reporter","Rural","DR","DO",0,0,0,0,0,0,0,0,0,0,0,0,0,0,0,0,0
"1836",11156,"Southwestern Community Services Transportation","Rural Reporter","Rural","DR","DO",0,0,0,0,0,0,0,0,0,0,0,0,0,0,3525,0,3525
"1837",11156,"Southwestern Community Services Transportation","Rural Reporter","Rural","MB","DO",0,0,0,0,0,0,0,0,0,0,0,0,0,0,0,0,0
"1838",11156,"Southwestern Community Services Transportation","Rural Reporter","Rural","MB","DO",0,0,0,0,0,0,0,0,0,0,0,0,0,0,27707,0,27707
"1839",11160,"Peter Pan Bus Lines","Reduced Reporter","Urban","CB","DO",0,0,0,0,0,0,0,0,0,0,0,0,0,0,0,0,0
"1840",11160,"Peter Pan Bus Lines","Reduced Reporter","Urban","CB","DO",0,0,0,0,0,0,0,0,0,0,0,0,0,0,4745111,0,4745111
"1841",11161,"Downeast Community Partners, Inc.","Rural Reporter","Rural","DR","DO",0,0,0,0,0,0,0,0,0,0,0,0,0,0,0,0,0
"1842",11161,"Downeast Community Partners, Inc.","Rural Reporter","Rural","DR","DO",0,0,0,0,0,0,0,0,0,0,0,0,0,0,1488,0,1488
"1843",11235,"Maine Department of Transportation","Rural Reporter","Rural","FB","DO",0,0,0,0,0,0,0,0,0,0,0,0,0,0,0,0,0
"1844",11235,"Maine Department of Transportation","Rural Reporter","Rural","FB","DO",0,0,0,0,0,0,0,0,0,0,0,0,0,0,6230223,0,6230223
"1845",11246,"Vermont Agency of Transportation","Reduced Reporter","Urban","VP","PT",0,0,0,0,0,0,0,0,0,0,0,0,0,0,0,0,0
"1846",11246,"Vermont Agency of Transportation","Reduced Reporter","Urban","VP","PT",0,0,0,0,0,0,0,0,0,0,0,0,0,0,131983,0,131983
"1847",20005,"Chemung County","Reduced Reporter","Urban","DR","PT",0,0,0,0,0,0,0,0,0,0,0,0,0,0,0,0,0
"1848",20005,"Chemung County","Reduced Reporter","Urban","DR","PT",0,0,0,0,0,0,0,0,0,0,0,0,0,0,375,54294,54669
"1849",20005,"Chemung County","Reduced Reporter","Urban","MB","PT",0,0,0,0,0,0,0,0,0,0,0,0,0,0,0,0,0
"1850",20005,"Chemung County","Reduced Reporter","Urban","MB","PT",0,0,0,0,0,0,0,0,0,0,0,0,0,0,442319,0,442319
"1851",20076,"Westchester County","Full Reporter","Urban","DR","TX",0,0,0,0,0,0,0,0,0,0,0,0,0,0,418185,0,418185
"1852",20085,"Town of Clarkstown","Reduced Reporter","Urban","MB","DO",0,0,0,0,0,0,0,0,0,0,0,0,0,0,0,0,0
"1853",20085,"Town of Clarkstown","Reduced Reporter","Urban","MB","DO",0,0,0,0,0,0,0,0,0,0,0,0,0,0,29106,0,29106
"1854",20120,"City of Glens Falls","Reduced Reporter","Urban","DR","DO",0,0,0,0,0,0,0,0,0,0,0,0,0,0,0,0,0
"1855",20120,"City of Glens Falls","Reduced Reporter","Urban","DR","DO",0,0,0,0,0,0,0,0,0,0,0,0,0,0,4035,0,4035
"1856",20120,"City of Glens Falls","Reduced Reporter","Urban","MB","DO",0,0,0,0,0,0,0,0,0,0,0,0,0,0,0,0,0
"1857",20120,"City of Glens Falls","Reduced Reporter","Urban","MB","DO",0,0,0,0,0,0,0,0,0,0,0,0,0,0,167449,1500,168949
"1858",20126,"Hudson Transit Lines, Inc.","Full Reporter","Urban","MB","PT",0,0,0,0,0,0,0,0,0,0,0,0,0,0,35670,0,35670
"1859",20143,"Town of Newburgh","Reduced Reporter","Urban","DR","DO",0,0,0,0,0,0,0,0,0,0,0,0,0,0,0,0,0
"1860",20143,"Town of Newburgh","Reduced Reporter","Urban","DR","DO",0,0,0,0,0,0,0,0,0,0,0,0,0,0,2424,0,2424
"1861",20148,"Newburgh Beacon Bus Corporation","Reduced Reporter","Urban","MB","DO",0,0,0,0,0,0,0,0,0,0,0,0,0,0,0,0,0
"1862",20148,"Newburgh Beacon Bus Corporation","Reduced Reporter","Urban","MB","DO",0,0,0,0,0,0,0,0,0,0,0,0,0,0,202008,842,202850
"1863",20160,"Community Transit, Inc.","Reduced Reporter","Urban","CB","DO",0,0,0,0,0,0,0,0,0,0,0,0,0,0,0,0,0
"1864",20160,"Community Transit, Inc.","Reduced Reporter","Urban","CB","DO",0,0,0,0,0,0,0,0,0,0,0,0,0,0,3301584,0,3301584
"1865",20165,"Olympia Trails Bus Company, Inc.","Reduced Reporter","Urban","CB","DO",0,0,0,0,0,0,0,0,0,0,0,0,0,0,0,0,0
"1866",20165,"Olympia Trails Bus Company, Inc.","Reduced Reporter","Urban","CB","DO",0,0,0,0,0,0,0,0,0,0,0,0,0,0,4756207,0,4756207
"1867",20176,"Kaser Bus Service","Reduced Reporter","Urban","CB","PT",0,0,0,0,0,0,0,0,0,0,0,0,0,0,0,0,0
"1868",20176,"Kaser Bus Service","Reduced Reporter","Urban","CB","PT",0,0,0,0,0,0,0,0,0,0,0,0,0,0,416101,0,416101
"1869",20179,"Leprechaun Lines, Inc.","Reduced Reporter","Urban","CB","DO",0,0,0,0,0,0,0,0,0,0,0,0,0,0,0,0,0
"1870",20179,"Leprechaun Lines, Inc.","Reduced Reporter","Urban","CB","DO",0,0,0,0,0,0,0,0,0,0,0,0,0,0,92298,0,92298
"1871",20182,"Town of Highlands","Reduced Reporter","Urban","DR","DO",0,0,0,0,0,0,0,0,0,0,0,0,0,0,0,0,0
"1872",20182,"Town of Highlands","Reduced Reporter","Urban","DR","DO",0,0,0,0,0,0,0,0,0,0,0,0,0,0,3172,0,3172
"1873",20183,"Town of Monroe","Reduced Reporter","Urban","DR","DO",0,0,0,0,0,0,0,0,0,0,0,0,0,0,0,0,0
"1874",20183,"Town of Monroe","Reduced Reporter","Urban","DR","DO",0,0,0,0,0,0,0,0,0,0,0,0,0,0,23358,0,23358
"1875",20183,"Town of Monroe","Reduced Reporter","Urban","MB","DO",0,0,0,0,0,0,0,0,0,0,0,0,0,0,0,0,0
"1876",20183,"Town of Monroe","Reduced Reporter","Urban","MB","DO",0,0,0,0,0,0,0,0,0,0,0,0,0,0,5290,0,5290
"1877",20187,"Village of Kiryas Joel","Reduced Reporter","Urban","DR","DO",0,0,0,0,0,0,0,0,0,0,0,0,0,0,0,0,0
"1878",20187,"Village of Kiryas Joel","Reduced Reporter","Urban","DR","DO",0,0,0,0,0,0,0,0,0,0,0,0,0,0,88202,0,88202
"1879",20187,"Village of Kiryas Joel","Reduced Reporter","Urban","MB","DO",0,0,0,0,0,0,0,0,0,0,0,0,0,0,0,0,0
"1880",20187,"Village of Kiryas Joel","Reduced Reporter","Urban","MB","DO",0,0,0,0,0,0,0,0,0,0,0,0,0,0,822105,0,822105
"1881",20193,"Cumberland County","Reduced Reporter","Urban","DR","DO",0,0,0,0,0,0,0,0,0,0,0,0,0,0,0,0,0
"1882",20193,"Cumberland County","Reduced Reporter","Urban","DR","DO",0,0,0,0,0,0,0,0,0,0,0,0,0,0,0,0,0
"1883",20195,"Gloucester County","Reduced Reporter","Urban","DR","PT",0,0,0,0,0,0,0,0,0,0,0,0,0,0,0,0,0
"1884",20195,"Gloucester County","Reduced Reporter","Urban","DR","PT",0,0,0,0,0,0,0,0,0,0,0,0,0,0,0,0,0
"1885",20195,"Gloucester County","Reduced Reporter","Urban","MB","PT",0,0,0,0,0,0,0,0,0,0,0,0,0,0,0,0,0
"1886",20195,"Gloucester County","Reduced Reporter","Urban","MB","PT",0,0,0,0,0,0,0,0,0,0,0,0,0,0,0,0,0
"1887",20200,"South Jersey Transportation Authority","Reduced Reporter","Urban","MB","DO",0,0,0,0,0,0,0,0,0,0,0,0,0,0,0,0,0
"1888",20200,"South Jersey Transportation Authority","Reduced Reporter","Urban","MB","DO",0,0,0,0,0,0,0,0,0,0,0,0,0,0,0,0,0
"1889",20201,"County of Cumberland","Reduced Reporter","Urban","MB","DO",0,0,0,0,0,0,0,0,0,0,0,0,0,0,0,0,0
"1890",20201,"County of Cumberland","Reduced Reporter","Urban","MB","DO",0,0,0,0,0,0,0,0,0,0,0,0,0,0,0,0,0
"1891",20203,"Cape May County","Reduced Reporter","Urban","DR","DO",0,0,0,0,0,0,0,0,0,0,0,0,0,0,0,0,0
"1892",20203,"Cape May County","Reduced Reporter","Urban","DR","DO",0,0,0,0,0,0,0,0,0,0,0,0,0,0,0,0,0
"1893",20204,"Senior Citizens United Community Services of Camden County, Inc.","Full Reporter","Urban","DR","PT",0,0,0,0,0,0,0,0,0,0,0,0,0,0,0,0,0
"1894",20208,"County of Burlington","Reduced Reporter","Urban","MB","PT",0,0,0,0,0,0,0,0,0,0,0,0,0,0,0,0,0
"1895",20208,"County of Burlington","Reduced Reporter","Urban","MB","PT",0,0,0,0,0,0,0,0,0,0,0,0,0,0,45649,0,45649
"1896",20210,"Morris County","Reduced Reporter","Urban","DR","DO",0,0,0,0,0,0,0,0,0,0,0,0,0,0,0,0,0
"1897",20210,"Morris County","Reduced Reporter","Urban","DR","DO",0,0,0,0,0,0,0,0,0,0,0,0,0,0,0,0,0
"1898",20211,"County of Mercer","Reduced Reporter","Urban","DR","DO",0,0,0,0,0,0,0,0,0,0,0,0,0,0,0,0,0
"1899",20211,"County of Mercer","Reduced Reporter","Urban","DR","DO",0,0,0,0,0,0,0,0,0,0,0,0,0,0,0,0,0
"1900",20212,"County of Hunterdon","Reduced Reporter","Urban","DR","PT",0,0,0,0,0,0,0,0,0,0,0,0,0,0,0,0,0
"1901",20212,"County of Hunterdon","Reduced Reporter","Urban","DR","PT",0,0,0,0,0,0,0,0,0,0,0,0,0,0,115,0,115
"1902",20212,"County of Hunterdon","Reduced Reporter","Urban","MB","PT",0,0,0,0,0,0,0,0,0,0,0,0,0,0,0,0,0
"1903",20212,"County of Hunterdon","Reduced Reporter","Urban","MB","PT",0,0,0,0,0,0,0,0,0,0,0,0,0,0,0,0,0
"1904",20213,"City of Mechanicville","Rural Reporter","Rural","MB","DO",0,0,0,0,0,0,0,0,0,0,0,0,0,0,0,0,0
"1905",20213,"City of Mechanicville","Rural Reporter","Rural","MB","DO",0,0,0,0,0,0,0,0,0,0,0,0,0,0,1547,0,1547
"1906",20214,"Town of Warwick","Reduced Reporter","Urban","DR","DO",0,0,0,0,0,0,0,0,0,0,0,0,0,0,0,0,0
"1907",20214,"Town of Warwick","Reduced Reporter","Urban","DR","DO",0,0,0,0,0,0,0,0,0,0,0,0,0,0,18260,0,18260
"1908",20214,"Town of Warwick","Reduced Reporter","Urban","MB","DO",0,0,0,0,0,0,0,0,0,0,0,0,0,0,0,0,0
"1909",20214,"Town of Warwick","Reduced Reporter","Urban","MB","DO",0,0,0,0,0,0,0,0,0,0,0,0,0,0,11544,0,11544
"1910",20215,"City of Watertown NY","Reduced Reporter","Urban","DR","PT",0,0,0,0,0,0,0,0,0,0,0,0,0,0,0,0,0
"1911",20215,"City of Watertown NY","Reduced Reporter","Urban","DR","PT",0,0,0,0,0,0,0,0,0,0,0,0,0,0,21360,0,21360
"1912",20215,"City of Watertown NY","Reduced Reporter","Urban","MB","DO",0,0,0,0,0,0,0,0,0,0,0,0,0,0,0,0,0
"1913",20215,"City of Watertown NY","Reduced Reporter","Urban","MB","DO",0,0,0,0,0,0,0,0,0,0,0,0,0,0,76336,0,76336
"1914",20216,"Orange County","Reduced Reporter","Urban","DR","PT",0,0,0,0,0,0,0,0,0,0,0,0,0,0,0,0,0
"1915",20216,"Orange County","Reduced Reporter","Urban","DR","PT",0,0,0,0,0,0,0,0,0,0,0,0,0,0,12257,0,12257
"1916",20216,"Orange County","Reduced Reporter","Urban","MB","PT",0,0,0,0,0,0,0,0,0,0,0,0,0,0,0,0,0
"1917",20216,"Orange County","Reduced Reporter","Urban","MB","PT",0,0,0,0,0,0,0,0,0,0,0,0,0,0,35670,0,35670
"1918",20220,"Broadway Bus Corporation","Reduced Reporter","Urban","MB","DO",0,0,0,0,0,0,0,0,0,0,0,0,0,0,0,0,0
"1919",20220,"Broadway Bus Corporation","Reduced Reporter","Urban","MB","DO",0,0,0,0,0,0,0,0,0,0,0,0,0,0,95444,0,95444
"1920",20227,"Town of Wallkill","Reduced Reporter","Urban","DR","DO",0,0,0,0,0,0,0,0,0,0,0,0,0,0,0,0,0
"1921",20227,"Town of Wallkill","Reduced Reporter","Urban","DR","DO",0,0,0,0,0,0,0,0,0,0,0,0,0,0,28989,0,28989
"1922",20925,"Lewis County","Rural Reporter","Rural","DR","PT",0,0,0,0,0,0,0,0,0,0,0,0,0,0,0,0,0
"1923",20925,"Lewis County","Rural Reporter","Rural","DR","PT",0,0,0,0,0,0,0,0,0,0,0,0,0,0,6590,0,6590
"1924",20925,"Lewis County","Rural Reporter","Rural","MB","PT",0,0,0,0,0,0,0,0,0,0,0,0,0,0,0,0,0
"1925",20925,"Lewis County","Rural Reporter","Rural","MB","PT",0,0,0,0,0,0,0,0,0,0,0,0,0,0,13156,28461,41617
"1926",20926,"Schoharie County","Rural Reporter","Rural","CB","PT",0,0,0,0,0,0,0,0,0,0,0,0,0,0,0,0,0
"1927",20926,"Schoharie County","Rural Reporter","Rural","CB","PT",0,0,0,0,0,0,0,0,0,0,0,0,0,0,29827,0,29827
"1928",20926,"Schoharie County","Rural Reporter","Rural","DR","PT",0,0,0,0,0,0,0,0,0,0,0,0,0,0,0,0,0
"1929",20926,"Schoharie County","Rural Reporter","Rural","DR","PT",0,0,0,0,0,0,0,0,0,0,0,0,0,0,6808,0,6808
"1930",20926,"Schoharie County","Rural Reporter","Rural","MB","PT",0,0,0,0,0,0,0,0,0,0,0,0,0,0,0,0,0
"1931",20926,"Schoharie County","Rural Reporter","Rural","MB","PT",0,0,0,0,0,0,0,0,0,0,0,0,0,0,56400,0,56400
"1932",20928,"Warren County","Rural Reporter","Rural","DR","PT",0,0,0,0,0,0,0,0,0,0,0,0,0,0,0,0,0
"1933",20928,"Warren County","Rural Reporter","Rural","DR","PT",0,0,0,0,0,0,0,0,0,0,0,0,0,0,3872,216578,220450
"1934",20928,"Warren County","Rural Reporter","Rural","MB","PT",0,0,0,0,0,0,0,0,0,0,0,0,0,0,0,0,0
"1935",20928,"Warren County","Rural Reporter","Rural","MB","PT",0,0,0,0,0,0,0,0,0,0,0,0,0,0,2122,0,2122
"1936",20931,"Greene County","Rural Reporter","Rural","MB","PT",0,0,0,0,0,0,0,0,0,0,0,0,0,0,0,0,0
"1937",20931,"Greene County","Rural Reporter","Rural","MB","PT",0,0,0,0,0,0,0,0,0,0,0,0,0,0,17592,11578,29170
"1938",20932,"Essex County","Rural Reporter","Rural","MB","DO",0,0,0,0,0,0,0,0,0,0,0,0,0,0,0,0,0
"1939",20932,"Essex County","Rural Reporter","Rural","MB","DO",0,0,0,0,0,0,0,0,0,0,0,0,0,0,15907,0,15907
"1940",20933,"Monmouth County","Reduced Reporter","Urban","DR","DO",0,0,0,0,0,0,0,0,0,0,0,0,0,0,0,0,0
"1941",20933,"Monmouth County","Reduced Reporter","Urban","DR","DO",0,0,0,0,0,0,0,0,0,0,0,0,0,0,40431,0,40431
"1942",20934,"RTS Orleans","Rural Reporter","Rural","MB","DO",0,0,0,0,0,0,0,0,0,0,0,0,0,0,0,0,0
"1943",20934,"RTS Orleans","Rural Reporter","Rural","MB","DO",0,0,0,0,0,0,0,0,0,0,0,0,0,0,23956,0,23956
"1944",20935,"Chenango County","Rural Reporter","Rural","MB","DO",0,0,0,0,0,0,0,0,0,0,0,0,0,0,0,0,0
"1945",20935,"Chenango County","Rural Reporter","Rural","MB","DO",0,0,0,0,0,0,0,0,0,0,0,0,0,0,14941,0,14941
"1946",20937,"Sullivan County","Rural Reporter","Rural","DR","PT",0,0,0,0,0,0,0,0,0,0,0,0,0,0,0,0,0
"1947",20937,"Sullivan County","Rural Reporter","Rural","DR","PT",0,0,0,0,0,0,0,0,0,0,0,0,0,0,0,0,0
"1948",20937,"Sullivan County","Rural Reporter","Rural","MB","DO",0,0,0,0,0,0,0,0,0,0,0,0,0,0,0,0,0
"1949",20937,"Sullivan County","Rural Reporter","Rural","MB","DO",0,0,0,0,0,0,0,0,0,0,0,0,0,0,525,0,525
"1950",20937,"Sullivan County","Rural Reporter","Rural","MB","PT",0,0,0,0,0,0,0,0,0,0,0,0,0,0,0,0,0
"1951",20937,"Sullivan County","Rural Reporter","Rural","MB","PT",0,0,0,0,0,0,0,0,0,0,0,0,0,0,0,0,0
"1952",20938,"RTS Seneca","Rural Reporter","Rural","MB","DO",0,0,0,0,0,0,0,0,0,0,0,0,0,0,0,0,0
"1953",20938,"RTS Seneca","Rural Reporter","Rural","MB","DO",0,0,0,0,0,0,0,0,0,0,0,0,0,0,49116,0,49116
"1954",20939,"Clinton County","Rural Reporter","Rural","DR","DO",0,0,0,0,0,0,0,0,0,0,0,0,0,0,0,0,0
"1955",20939,"Clinton County","Rural Reporter","Rural","DR","DO",0,0,0,0,0,0,0,0,0,0,0,0,0,0,5370,32501,37871
"1956",20939,"Clinton County","Rural Reporter","Rural","MB","DO",0,0,0,0,0,0,0,0,0,0,0,0,0,0,0,0,0
"1957",20939,"Clinton County","Rural Reporter","Rural","MB","DO",0,0,0,0,0,0,0,0,0,0,0,0,0,0,87771,0,87771
"1958",20940,"Madison County","Rural Reporter","Rural","MB","PT",0,0,0,0,0,0,0,0,0,0,0,0,0,0,0,0,0
"1959",20940,"Madison County","Rural Reporter","Rural","MB","PT",0,0,0,0,0,0,0,0,0,0,0,0,0,0,6393,0,6393
"1960",20941,"City of Corning","Rural Reporter","Rural","MB","PT",0,0,0,0,0,0,0,0,0,0,0,0,0,0,0,0,0
"1961",20941,"City of Corning","Rural Reporter","Rural","MB","PT",0,0,0,0,0,0,0,0,0,0,0,0,0,0,32533,0,32533
"1962",20942,"Oswego County","Rural Reporter","Rural","DR","PT",0,0,0,0,0,0,0,0,0,0,0,0,0,0,0,0,0
"1963",20942,"Oswego County","Rural Reporter","Rural","DR","PT",0,0,0,0,0,0,0,0,0,0,0,0,0,0,6221,0,6221
"1964",20942,"Oswego County","Rural Reporter","Rural","MB","PT",0,0,0,0,0,0,0,0,0,0,0,0,0,0,0,0,0
"1965",20942,"Oswego County","Rural Reporter","Rural","MB","PT",0,0,0,0,0,0,0,0,0,0,0,0,0,0,27332,0,27332
"1966",20944,"Salem County","Rural Reporter","Rural","DR","PT",0,0,0,0,0,0,0,0,0,0,0,0,0,0,0,0,0
"1967",20944,"Salem County","Rural Reporter","Rural","DR","PT",0,0,0,0,0,0,0,0,0,0,0,0,0,0,0,0,0
"1968",20945,"Schuyler County","Rural Reporter","Rural","DR","PT",0,0,0,0,0,0,0,0,0,0,0,0,0,0,0,0,0
"1969",20945,"Schuyler County","Rural Reporter","Rural","DR","PT",0,0,0,0,0,0,0,0,0,0,0,0,0,0,3660,0,3660
"1970",20945,"Schuyler County","Rural Reporter","Rural","MB","PT",0,0,0,0,0,0,0,0,0,0,0,0,0,0,0,0,0
"1971",20945,"Schuyler County","Rural Reporter","Rural","MB","PT",0,0,0,0,0,0,0,0,0,0,0,0,0,0,10986,0,10986
"1972",20946,"Steuben County","Rural Reporter","Rural","MB","PT",0,0,0,0,0,0,0,0,0,0,0,0,0,0,0,0,0
"1973",20946,"Steuben County","Rural Reporter","Rural","MB","PT",0,0,0,0,0,0,0,0,0,0,0,0,0,0,39103,0,39103
"1974",20947,"RTS Genesee","Rural Reporter","Rural","MB","DO",0,0,0,0,0,0,0,0,0,0,0,0,0,0,0,0,0
"1975",20947,"RTS Genesee","Rural Reporter","Rural","MB","DO",0,0,0,0,0,0,0,0,0,0,0,0,0,0,20770,0,20770
"1976",20950,"Sussex County","Rural Reporter","Rural","DR","DO",0,0,0,0,0,0,0,0,0,0,0,0,0,0,0,0,0
"1977",20950,"Sussex County","Rural Reporter","Rural","DR","DO",0,0,0,0,0,0,0,0,0,0,0,0,0,0,10546,101830,112376
"1978",20950,"Sussex County","Rural Reporter","Rural","MB","DO",0,0,0,0,0,0,0,0,0,0,0,0,0,0,0,0,0
"1979",20950,"Sussex County","Rural Reporter","Rural","MB","DO",0,0,0,0,0,0,0,0,0,0,0,0,0,0,14505,0,14505
"1980",20951,"Allegany County","Rural Reporter","Rural","MB","PT",0,0,0,0,0,0,0,0,0,0,0,0,0,0,0,0,0
"1981",20951,"Allegany County","Rural Reporter","Rural","MB","PT",0,0,0,0,0,0,0,0,0,0,0,0,0,0,34801,15984,50785
"1982",20953,"City of Hornell","Rural Reporter","Rural","DR","DO",0,0,0,0,0,0,0,0,0,0,0,0,0,0,0,0,0
"1983",20953,"City of Hornell","Rural Reporter","Rural","DR","DO",0,0,0,0,0,0,0,0,0,0,0,0,0,0,45226,0,45226
"1984",20953,"City of Hornell","Rural Reporter","Rural","MB","DO",0,0,0,0,0,0,0,0,0,0,0,0,0,0,0,0,0
"1985",20953,"City of Hornell","Rural Reporter","Rural","MB","DO",0,0,0,0,0,0,0,0,0,0,0,0,0,0,26562,0,26562
"1986",20954,"Town of Goshen","Rural Reporter","Rural","MB","DO",0,0,0,0,0,0,0,0,0,0,0,0,0,0,0,0,0
"1987",20954,"Town of Goshen","Rural Reporter","Rural","MB","DO",0,0,0,0,0,0,0,0,0,0,0,0,0,0,11218,0,11218
"1988",20957,"County of Niagara","Rural Reporter","Rural","MB","PT",0,0,0,0,0,0,0,0,0,0,0,0,0,0,0,0,0
"1989",20957,"County of Niagara","Rural Reporter","Rural","MB","PT",0,0,0,0,0,0,0,0,0,0,0,0,0,0,17586,0,17586
"1990",20958,"Cortland County","Rural Reporter","Rural","DR","PT",0,0,0,0,0,0,0,0,0,0,0,0,0,0,0,0,0
"1991",20958,"Cortland County","Rural Reporter","Rural","DR","PT",0,0,0,0,0,0,0,0,0,0,0,0,0,0,3601,0,3601
"1992",20958,"Cortland County","Rural Reporter","Rural","MB","PT",0,0,0,0,0,0,0,0,0,0,0,0,0,0,0,0,0
"1993",20958,"Cortland County","Rural Reporter","Rural","MB","PT",0,0,0,0,0,0,0,0,0,0,0,0,0,0,87345,0,87345
"1994",20959,"Chautauqua County","Rural Reporter","Rural","DR","DO",0,0,0,0,0,0,0,0,0,0,0,0,0,0,0,0,0
"1995",20959,"Chautauqua County","Rural Reporter","Rural","DR","DO",0,0,0,0,0,0,0,0,0,0,0,0,0,0,60167,0,60167
"1996",20959,"Chautauqua County","Rural Reporter","Rural","MB","DO",0,0,0,0,0,0,0,0,0,0,0,0,0,0,0,0,0
"1997",20959,"Chautauqua County","Rural Reporter","Rural","MB","DO",0,0,0,0,0,0,0,0,0,0,0,0,0,0,204680,0,204680
"1998",20960,"City of Oneonta","Rural Reporter","Rural","DR","DO",0,0,0,0,0,0,0,0,0,0,0,0,0,0,0,0,0
"1999",20960,"City of Oneonta","Rural Reporter","Rural","DR","DO",0,0,0,0,0,0,0,0,0,0,0,0,0,0,4653,0,4653
"2000",20960,"City of Oneonta","Rural Reporter","Rural","MB","DO",0,0,0,0,0,0,0,0,0,0,0,0,0,0,0,0,0
"2001",20960,"City of Oneonta","Rural Reporter","Rural","MB","DO",0,0,0,0,0,0,0,0,0,0,0,0,0,0,186266,0,186266
"2002",20962,"RTS Livingston","Rural Reporter","Rural","MB","DO",0,0,0,0,0,0,0,0,0,0,0,0,0,0,0,0,0
"2003",20962,"RTS Livingston","Rural Reporter","Rural","MB","DO",0,0,0,0,0,0,0,0,0,0,0,0,0,0,33616,0,33616
"2004",20964,"Fulton County","Rural Reporter","Rural","MB","PT",0,0,0,0,0,0,0,0,0,0,0,0,0,0,0,0,0
"2005",20964,"Fulton County","Rural Reporter","Rural","MB","PT",0,0,0,0,0,0,0,0,0,0,0,0,0,0,9768,0,9768
"2006",20967,"RTS Ontario","Rural Reporter","Rural","MB","DO",0,0,0,0,0,0,0,0,0,0,0,0,0,0,0,0,0
"2007",20967,"RTS Ontario","Rural Reporter","Rural","MB","DO",0,0,0,0,0,0,0,0,0,0,0,0,0,0,113695,0,113695
"2008",20968,"County of Rensselaer","Rural Reporter","Rural","CB","PT",0,0,0,0,0,0,0,0,0,0,0,0,0,0,0,0,0
"2009",20968,"County of Rensselaer","Rural Reporter","Rural","CB","PT",0,0,0,0,0,0,0,0,0,0,0,0,0,0,5454,0,5454
"2010",20973,"Town of Montgomery","Rural Reporter","Rural","MB","DO",0,0,0,0,0,0,0,0,0,0,0,0,0,0,0,0,0
"2011",20973,"Town of Montgomery","Rural Reporter","Rural","MB","DO",0,0,0,0,0,0,0,0,0,0,0,0,0,0,9488,0,9488
"2012",20975,"City of Olean","Rural Reporter","Rural","MB","DO",0,0,0,0,0,0,0,0,0,0,0,0,0,0,0,0,0
"2013",20975,"City of Olean","Rural Reporter","Rural","MB","DO",0,0,0,0,0,0,0,0,0,0,0,0,0,0,16847,0,16847
"2014",20980,"RTS Wyoming","Rural Reporter","Rural","MB","DO",0,0,0,0,0,0,0,0,0,0,0,0,0,0,0,0,0
"2015",20980,"RTS Wyoming","Rural Reporter","Rural","MB","DO",0,0,0,0,0,0,0,0,0,0,0,0,0,0,22271,0,22271
"2016",20981,"City of Gloversville","Rural Reporter","Rural","DR","DO",0,0,0,0,0,0,0,0,0,0,0,0,0,0,0,0,0
"2017",20981,"City of Gloversville","Rural Reporter","Rural","DR","DO",0,0,0,0,0,0,0,0,0,0,0,0,0,0,5314,0,5314
"2018",20981,"City of Gloversville","Rural Reporter","Rural","MB","DO",0,0,0,0,0,0,0,0,0,0,0,0,0,0,0,0,0
"2019",20981,"City of Gloversville","Rural Reporter","Rural","MB","DO",0,0,0,0,0,0,0,0,0,0,0,0,0,0,45296,0,45296
"2020",20983,"RTS Wayne","Rural Reporter","Rural","MB","DO",0,0,0,0,0,0,0,0,0,0,0,0,0,0,0,0,0
"2021",20983,"RTS Wayne","Rural Reporter","Rural","MB","DO",0,0,0,0,0,0,0,0,0,0,0,0,0,0,29104,0,29104
"2022",20988,"City of Port Jervis","Rural Reporter","Rural","DR","DO",0,0,0,0,0,0,0,0,0,0,0,0,0,0,0,0,0
"2023",20988,"City of Port Jervis","Rural Reporter","Rural","DR","DO",0,0,0,0,0,0,0,0,0,0,0,0,0,0,10685,0,10685
"2024",20991,"St Lawrence County","Rural Reporter","Rural","MB","PT",0,0,0,0,0,0,0,0,0,0,0,0,0,0,0,0,0
"2025",20991,"St Lawrence County","Rural Reporter","Rural","MB","PT",0,0,0,0,0,0,0,0,0,0,0,0,0,0,119756,0,119756
"2026",20992,"Franklin County","Rural Reporter","Rural","CB","PT",0,0,0,0,0,0,0,0,0,0,0,0,0,0,0,0,0
"2027",20992,"Franklin County","Rural Reporter","Rural","CB","PT",0,0,0,0,0,0,0,0,0,0,0,0,0,0,20129,8212,28341
"2028",20992,"Franklin County","Rural Reporter","Rural","DR","PT",0,0,0,0,0,0,0,0,0,0,0,0,0,0,0,0,0
"2029",20992,"Franklin County","Rural Reporter","Rural","DR","PT",0,0,0,0,0,0,0,0,0,0,0,0,0,0,55020,18223,73243
"2030",20992,"Franklin County","Rural Reporter","Rural","MB","PT",0,0,0,0,0,0,0,0,0,0,0,0,0,0,0,0,0
"2031",20992,"Franklin County","Rural Reporter","Rural","MB","PT",0,0,0,0,0,0,0,0,0,0,0,0,0,0,59046,25572,84618
"2032",20998,"Otsego County","Rural Reporter","Rural","MB","PT",0,0,0,0,0,0,0,0,0,0,0,0,0,0,0,0,0
"2033",20998,"Otsego County","Rural Reporter","Rural","MB","PT",0,0,0,0,0,0,0,0,0,0,0,0,0,0,30255,0,30255
"2034",20999,"Columbia County","Rural Reporter","Rural","CB","PT",0,0,0,0,0,0,0,0,0,0,0,0,0,0,0,0,0
"2035",20999,"Columbia County","Rural Reporter","Rural","CB","PT",0,0,0,0,0,0,0,0,0,0,0,0,0,0,27595,0,27595
"2036",20999,"Columbia County","Rural Reporter","Rural","MB","PT",0,0,0,0,0,0,0,0,0,0,0,0,0,0,0,0,0
"2037",20999,"Columbia County","Rural Reporter","Rural","MB","PT",0,0,0,0,0,0,0,0,0,0,0,0,0,0,29580,0,29580
"2038",21000,"Yates County","Rural Reporter","Rural","MB","DO",0,0,0,0,0,0,0,0,0,0,0,0,0,0,0,0,0
"2039",21000,"Yates County","Rural Reporter","Rural","MB","DO",0,0,0,0,0,0,0,0,0,0,0,0,0,0,17493,0,17493
"2040",22929,"Seneca Nation of Indians","Reduced Reporter","Tribe","MB","PT",0,0,0,0,0,0,0,0,0,0,0,0,0,0,0,0,0
"2041",22929,"Seneca Nation of Indians","Reduced Reporter","Tribe","MB","PT",0,0,0,0,0,0,0,0,0,0,0,0,0,0,8837,0,8837
"2042",30003,"Mid-Ohio Valley Transit Authority","Reduced Reporter","Urban","DR","DO",0,0,0,0,0,0,0,0,0,0,0,0,0,0,0,0,0
"2043",30003,"Mid-Ohio Valley Transit Authority","Reduced Reporter","Urban","DR","DO",0,0,0,0,0,0,0,0,0,0,0,0,0,0,6652,0,6652
"2044",30003,"Mid-Ohio Valley Transit Authority","Reduced Reporter","Urban","MB","DO",0,0,0,0,0,0,0,0,0,0,0,0,0,0,0,0,0
"2045",30003,"Mid-Ohio Valley Transit Authority","Reduced Reporter","Urban","MB","DO",0,0,0,0,0,0,0,0,0,0,0,0,0,0,144525,0,144525
"2046",30009,"City of Petersburg","Reduced Reporter","Urban","DR","DO",0,0,0,0,0,0,0,0,0,0,0,0,0,0,0,0,0
"2047",30009,"City of Petersburg","Reduced Reporter","Urban","DR","DO",0,0,0,0,0,0,0,0,0,0,0,0,0,0,0,0,0
"2048",30009,"City of Petersburg","Reduced Reporter","Urban","MB","DO",0,0,0,0,0,0,0,0,0,0,0,0,0,0,0,0,0
"2049",30009,"City of Petersburg","Reduced Reporter","Urban","MB","DO",0,0,0,0,0,0,0,0,0,0,0,0,0,0,0,0,0
"2050",30011,"Altoona Metro Transit","Full Reporter","Urban","DR","PT",0,0,0,0,0,0,0,0,0,0,0,0,0,0,18956,0,18956
"2051",30034,"Maryland Transit Administration","Full Reporter","Urban","DR","TX",0,0,0,0,0,0,0,0,0,0,0,0,0,0,12752,0,12752
"2052",30036,"City of Charlottesville","Reduced Reporter","Urban","MB","DO",0,0,0,0,0,0,0,0,0,0,0,0,0,0,0,0,0
"2053",30036,"City of Charlottesville","Reduced Reporter","Urban","MB","DO",0,0,0,0,0,0,0,0,0,0,0,0,0,0,0,82441,82441
"2054",30040,"City of Annapolis","Reduced Reporter","Urban","DR","DO",0,0,0,0,0,0,0,0,0,0,0,0,0,0,0,0,0
"2055",30040,"City of Annapolis","Reduced Reporter","Urban","DR","DO",0,0,0,0,0,0,0,0,0,0,0,0,0,0,9842,0,9842
"2056",30040,"City of Annapolis","Reduced Reporter","Urban","MB","DO",0,0,0,0,0,0,0,0,0,0,0,0,0,0,0,0,0
"2057",30040,"City of Annapolis","Reduced Reporter","Urban","MB","DO",0,0,0,0,0,0,0,0,0,0,0,0,0,0,212320,281688,494008
"2058",30041,"Board of Commissioners of Allegany County Maryland","Rural Reporter","Rural","DR","DO",0,0,0,0,0,0,0,0,0,0,0,0,0,0,0,0,0
"2059",30041,"Board of Commissioners of Allegany County Maryland","Rural Reporter","Rural","DR","DO",0,0,0,0,0,0,0,0,0,0,0,0,0,0,16595,0,16595
"2060",30041,"Board of Commissioners of Allegany County Maryland","Rural Reporter","Rural","MB","DO",0,0,0,0,0,0,0,0,0,0,0,0,0,0,0,0,0
"2061",30041,"Board of Commissioners of Allegany County Maryland","Rural Reporter","Rural","MB","DO",0,0,0,0,0,0,0,0,0,0,0,0,0,0,248325,0,248325
"2062",30042,"Washington County","Reduced Reporter","Urban","DR","DO",0,0,0,0,0,0,0,0,0,0,0,0,0,0,0,0,0
"2063",30042,"Washington County","Reduced Reporter","Urban","DR","DO",0,0,0,0,0,0,0,0,0,0,0,0,0,0,16145,0,16145
"2064",30042,"Washington County","Reduced Reporter","Urban","MB","DO",0,0,0,0,0,0,0,0,0,0,0,0,0,0,0,0,0
"2065",30042,"Washington County","Reduced Reporter","Urban","MB","DO",0,0,0,0,0,0,0,0,0,0,0,0,0,0,204896,0,204896
"2066",30053,"City of Bristol Virginia","Reduced Reporter","Urban","DR","DO",0,0,0,0,0,0,0,0,0,0,0,0,0,0,0,0,0
"2067",30053,"City of Bristol Virginia","Reduced Reporter","Urban","DR","DO",0,0,0,0,0,0,0,0,0,0,0,0,0,0,1296,0,1296
"2068",30053,"City of Bristol Virginia","Reduced Reporter","Urban","MB","DO",0,0,0,0,0,0,0,0,0,0,0,0,0,0,0,0,0
"2069",30053,"City of Bristol Virginia","Reduced Reporter","Urban","MB","DO",0,0,0,0,0,0,0,0,0,0,0,0,0,0,29037,0,29037
"2070",30055,"Mercer County Regional Council of Governments","Reduced Reporter","Urban","DR","DO",0,0,0,0,0,0,0,0,0,0,0,0,0,0,0,0,0
"2071",30055,"Mercer County Regional Council of Governments","Reduced Reporter","Urban","DR","DO",0,0,0,0,0,0,0,0,0,0,0,0,0,0,67457,615942,683399
"2072",30055,"Mercer County Regional Council of Governments","Reduced Reporter","Urban","MB","DO",0,0,0,0,0,0,0,0,0,0,0,0,0,0,0,0,0
"2073",30055,"Mercer County Regional Council of Governments","Reduced Reporter","Urban","MB","DO",0,0,0,0,0,0,0,0,0,0,0,0,0,0,29202,1350,30552
"2074",30069,"City of Danville","Rural Reporter","Rural","DR","DO",0,0,0,0,0,0,0,0,0,0,0,0,0,0,0,0,0
"2075",30069,"City of Danville","Rural Reporter","Rural","DR","DO",0,0,0,0,0,0,0,0,0,0,0,0,0,0,103908,109501,213409
"2076",30069,"City of Danville","Rural Reporter","Rural","MB","DO",0,0,0,0,0,0,0,0,0,0,0,0,0,0,0,0,0
"2077",30069,"City of Danville","Rural Reporter","Rural","MB","DO",0,0,0,0,0,0,0,0,0,0,0,0,0,0,91344,29879,121223
"2078",30074,"Harford County Maryland","Reduced Reporter","Urban","DR","DO",0,0,0,0,0,0,0,0,0,0,0,0,0,0,0,0,0
"2079",30074,"Harford County Maryland","Reduced Reporter","Urban","DR","DO",0,0,0,0,0,0,0,0,0,0,0,0,0,0,74025,0,74025
"2080",30074,"Harford County Maryland","Reduced Reporter","Urban","MB","DO",0,0,0,0,0,0,0,0,0,0,0,0,0,0,0,0,0
"2081",30074,"Harford County Maryland","Reduced Reporter","Urban","MB","DO",0,0,0,0,0,0,0,0,0,0,0,0,0,0,193839,0,193839
"2082",30075,"Delaware Transit Corporation","Full Reporter","Urban","CR","PT",0,0,0,0,0,0,0,0,0,0,0,0,0,0,2637535,0,2637535
"2083",30079,"City of Fredericksburg","Reduced Reporter","Urban","MB","DO",0,0,0,0,0,0,0,0,0,0,0,0,0,0,0,0,0
"2084",30079,"City of Fredericksburg","Reduced Reporter","Urban","MB","DO",0,0,0,0,0,0,0,0,0,0,0,0,0,0,0,72206,72206
"2085",30080,"Arlington County, Virginia","Full Reporter","Urban","DR","TX",0,0,0,0,0,0,0,0,0,0,0,0,0,0,129511,0,129511
"2086",30083,"Transportation District Commission of Hampton Roads","Full Reporter","Urban","DR","TN",0,0,0,0,0,0,0,0,0,0,0,0,0,0,270461,0,270461
"2087",30083,"Transportation District Commission of Hampton Roads","Full Reporter","Urban","DR","TX",0,0,0,0,0,0,0,0,0,0,0,0,0,0,35146,0,35146
"2088",30089,"Monongalia County Urban Mass Transit Authority","Reduced Reporter","Urban","DR","DO",0,0,0,0,0,0,0,0,0,0,0,0,0,0,0,0,0
"2089",30089,"Monongalia County Urban Mass Transit Authority","Reduced Reporter","Urban","DR","DO",0,0,0,0,0,0,0,0,0,0,0,0,0,0,8665,0,8665
"2090",30089,"Monongalia County Urban Mass Transit Authority","Reduced Reporter","Urban","MB","DO",0,0,0,0,0,0,0,0,0,0,0,0,0,0,0,0,0
"2091",30089,"Monongalia County Urban Mass Transit Authority","Reduced Reporter","Urban","MB","DO",0,0,0,0,0,0,0,0,0,0,0,0,0,0,278502,0,278502
"2092",30090,"Eastern Panhandle Transit Authority","Reduced Reporter","Urban","DR","DO",0,0,0,0,0,0,0,0,0,0,0,0,0,0,0,0,0
"2093",30090,"Eastern Panhandle Transit Authority","Reduced Reporter","Urban","DR","DO",0,0,0,0,0,0,0,0,0,0,0,0,0,0,49645,0,49645
"2094",30090,"Eastern Panhandle Transit Authority","Reduced Reporter","Urban","MB","DO",0,0,0,0,0,0,0,0,0,0,0,0,0,0,0,0,0
"2095",30090,"Eastern Panhandle Transit Authority","Reduced Reporter","Urban","MB","DO",0,0,0,0,0,0,0,0,0,0,0,0,0,0,61309,108312,169621
"2096",30092,"The County Commissioners of Carroll County, Maryland","Reduced Reporter","Urban","DR","PT",0,0,0,0,0,0,0,0,0,0,0,0,0,0,0,0,0
"2097",30092,"The County Commissioners of Carroll County, Maryland","Reduced Reporter","Urban","DR","PT",0,0,0,0,0,0,0,0,0,0,0,0,0,0,143452,189594,333046
"2098",30092,"The County Commissioners of Carroll County, Maryland","Reduced Reporter","Urban","MB","PT",0,0,0,0,0,0,0,0,0,0,0,0,0,0,0,0,0
"2099",30092,"The County Commissioners of Carroll County, Maryland","Reduced Reporter","Urban","MB","PT",0,0,0,0,0,0,0,0,0,0,0,0,0,0,27061,0,27061
"2100",30093,"City of Hazleton","Reduced Reporter","Urban","DR","PT",0,0,0,0,0,0,0,0,0,0,0,0,0,0,0,0,0
"2101",30093,"City of Hazleton","Reduced Reporter","Urban","DR","PT",0,0,0,0,0,0,0,0,0,0,0,0,0,0,13953,359,14312
"2102",30093,"City of Hazleton","Reduced Reporter","Urban","MB","PT",0,0,0,0,0,0,0,0,0,0,0,0,0,0,0,0,0
"2103",30093,"City of Hazleton","Reduced Reporter","Urban","MB","PT",0,0,0,0,0,0,0,0,0,0,0,0,0,0,96875,1539,98414
"2104",30099,"City of Winchester","Reduced Reporter","Urban","DR","DO",0,0,0,0,0,0,0,0,0,0,0,0,0,0,0,0,0
"2105",30099,"City of Winchester","Reduced Reporter","Urban","DR","DO",0,0,0,0,0,0,0,0,0,0,0,0,0,0,0,0,0
"2106",30099,"City of Winchester","Reduced Reporter","Urban","MB","DO",0,0,0,0,0,0,0,0,0,0,0,0,0,0,0,0,0
"2107",30099,"City of Winchester","Reduced Reporter","Urban","MB","DO",0,0,0,0,0,0,0,0,0,0,0,0,0,0,0,0,0
"2108",30106,"National Capital Region Transportation Planning Board","Reduced Reporter","Urban","VP","PT",0,0,0,0,0,0,0,0,0,0,0,0,0,0,0,0,0
"2109",30106,"National Capital Region Transportation Planning Board","Reduced Reporter","Urban","VP","PT",0,0,0,0,0,0,0,0,0,0,0,0,0,0,115775,0,115775
"2110",30108,"Cecil County Government","Reduced Reporter","Urban","DR","DO",0,0,0,0,0,0,0,0,0,0,0,0,0,0,0,0,0
"2111",30108,"Cecil County Government","Reduced Reporter","Urban","DR","DO",0,0,0,0,0,0,0,0,0,0,0,0,0,0,31989,195,32184
"2112",30108,"Cecil County Government","Reduced Reporter","Urban","MB","DO",0,0,0,0,0,0,0,0,0,0,0,0,0,0,0,0,0
"2113",30108,"Cecil County Government","Reduced Reporter","Urban","MB","DO",0,0,0,0,0,0,0,0,0,0,0,0,0,0,74296,1418,75714
"2114",30109,"St. Mary's County Government","Reduced Reporter","Urban","DR","DO",0,0,0,0,0,0,0,0,0,0,0,0,0,0,0,0,0
"2115",30109,"St. Mary's County Government","Reduced Reporter","Urban","DR","DO",0,0,0,0,0,0,0,0,0,0,0,0,0,0,30100,0,30100
"2116",30109,"St. Mary's County Government","Reduced Reporter","Urban","MB","DO",0,0,0,0,0,0,0,0,0,0,0,0,0,0,0,0,0
"2117",30109,"St. Mary's County Government","Reduced Reporter","Urban","MB","DO",0,0,0,0,0,0,0,0,0,0,0,0,0,0,154738,0,154738
"2118",30114,"Accomack-Northhampton Transportation District Comm","Rural Reporter","Rural","DR","DO",0,0,0,0,0,0,0,0,0,0,0,0,0,0,0,0,0
"2119",30114,"Accomack-Northhampton Transportation District Comm","Rural Reporter","Rural","DR","DO",0,0,0,0,0,0,0,0,0,0,0,0,0,0,0,0,0
"2120",30114,"Accomack-Northhampton Transportation District Comm","Rural Reporter","Rural","MB","DO",0,0,0,0,0,0,0,0,0,0,0,0,0,0,0,0,0
"2121",30114,"Accomack-Northhampton Transportation District Comm","Rural Reporter","Rural","MB","DO",0,0,0,0,0,0,0,0,0,0,0,0,0,0,0,0,0
"2122",30115,"New River Valley Senior Services, Inc.","Rural Reporter","Rural","DR","DO",0,0,0,0,0,0,0,0,0,0,0,0,0,0,0,0,0
"2123",30115,"New River Valley Senior Services, Inc.","Rural Reporter","Rural","DR","DO",0,0,0,0,0,0,0,0,0,0,0,0,0,0,1913,0,1913
"2124",30115,"New River Valley Senior Services, Inc.","Rural Reporter","Rural","MB","DO",0,0,0,0,0,0,0,0,0,0,0,0,0,0,0,0,0
"2125",30115,"New River Valley Senior Services, Inc.","Rural Reporter","Rural","MB","DO",0,0,0,0,0,0,0,0,0,0,0,0,0,0,21999,0,21999
"2126",30116,"Borough of Mt. Carmel","Rural Reporter","Rural","MB","PT",0,0,0,0,0,0,0,0,0,0,0,0,0,0,0,0,0
"2127",30116,"Borough of Mt. Carmel","Rural Reporter","Rural","MB","PT",0,0,0,0,0,0,0,0,0,0,0,0,0,0,8099,0,8099
"2128",30117,"Garrett County Community Action Committee, Inc","Rural Reporter","Rural","DR","DO",0,0,0,0,0,0,0,0,0,0,0,0,0,0,0,0,0
"2129",30117,"Garrett County Community Action Committee, Inc","Rural Reporter","Rural","DR","DO",0,0,0,0,0,0,0,0,0,0,0,0,0,0,217760,0,217760
"2130",30118,"Virginia Regional Transit","Rural Reporter","Rural","DR","DO",0,0,0,0,0,0,0,0,0,0,0,0,0,0,0,0,0
"2131",30118,"Virginia Regional Transit","Rural Reporter","Rural","DR","DO",0,0,0,0,0,0,0,0,0,0,0,0,0,0,0,0,0
"2132",30118,"Virginia Regional Transit","Rural Reporter","Rural","MB","DO",0,0,0,0,0,0,0,0,0,0,0,0,0,0,0,0,0
"2133",30118,"Virginia Regional Transit","Rural Reporter","Rural","MB","DO",0,0,0,0,0,0,0,0,0,0,0,0,0,0,0,0,0
"2134",30119,"Central West Virginia Transit Authority","Rural Reporter","Rural","DR","DO",0,0,0,0,0,0,0,0,0,0,0,0,0,0,0,0,0
"2135",30119,"Central West Virginia Transit Authority","Rural Reporter","Rural","DR","DO",0,0,0,0,0,0,0,0,0,0,0,0,0,0,2701,0,2701
"2136",30119,"Central West Virginia Transit Authority","Rural Reporter","Rural","MB","DO",0,0,0,0,0,0,0,0,0,0,0,0,0,0,0,0,0
"2137",30119,"Central West Virginia Transit Authority","Rural Reporter","Rural","MB","DO",0,0,0,0,0,0,0,0,0,0,0,0,0,0,72260,0,72260
"2138",30121,"Bluefield Area Transit","Rural Reporter","Rural","DR","DO",0,0,0,0,0,0,0,0,0,0,0,0,0,0,0,0,0
"2139",30121,"Bluefield Area Transit","Rural Reporter","Rural","DR","DO",0,0,0,0,0,0,0,0,0,0,0,0,0,0,2890,396761,399651
"2140",30121,"Bluefield Area Transit","Rural Reporter","Rural","MB","DO",0,0,0,0,0,0,0,0,0,0,0,0,0,0,0,0,0
"2141",30121,"Bluefield Area Transit","Rural Reporter","Rural","MB","DO",0,0,0,0,0,0,0,0,0,0,0,0,0,0,118521,0,118521
"2142",30122,"Randolph County Senior Center","Rural Reporter","Rural","DR","DO",0,0,0,0,0,0,0,0,0,0,0,0,0,0,0,0,0
"2143",30122,"Randolph County Senior Center","Rural Reporter","Rural","DR","DO",0,0,0,0,0,0,0,0,0,0,0,0,0,0,39804,0,39804
"2144",30122,"Randolph County Senior Center","Rural Reporter","Rural","MB","DO",0,0,0,0,0,0,0,0,0,0,0,0,0,0,0,0,0
"2145",30122,"Randolph County Senior Center","Rural Reporter","Rural","MB","DO",0,0,0,0,0,0,0,0,0,0,0,0,0,0,7010,0,7010
"2146",30123,"District Three Governmental Cooperative","Reduced Reporter","Urban","DR","DO",0,0,0,0,0,0,0,0,0,0,0,0,0,0,0,0,0
"2147",30123,"District Three Governmental Cooperative","Reduced Reporter","Urban","DR","DO",0,0,0,0,0,0,0,0,0,0,0,0,0,0,0,0,0
"2148",30123,"District Three Governmental Cooperative","Reduced Reporter","Urban","MB","DO",0,0,0,0,0,0,0,0,0,0,0,0,0,0,0,0,0
"2149",30123,"District Three Governmental Cooperative","Reduced Reporter","Urban","MB","DO",0,0,0,0,0,0,0,0,0,0,0,0,0,0,0,0,0
"2150",30124,"Warren County Transit Authority","Rural Reporter","Rural","DR","DO",0,0,0,0,0,0,0,0,0,0,0,0,0,0,0,0,0
"2151",30124,"Warren County Transit Authority","Rural Reporter","Rural","DR","DO",0,0,0,0,0,0,0,0,0,0,0,0,0,0,23106,500743,523849
"2152",30124,"Warren County Transit Authority","Rural Reporter","Rural","MB","DO",0,0,0,0,0,0,0,0,0,0,0,0,0,0,0,0,0
"2153",30124,"Warren County Transit Authority","Rural Reporter","Rural","MB","DO",0,0,0,0,0,0,0,0,0,0,0,0,0,0,38786,1410,40196
"2154",30127,"Schuylkill Transportation System","Rural Reporter","Rural","DR","DO",0,0,0,0,0,0,0,0,0,0,0,0,0,0,0,0,0
"2155",30127,"Schuylkill Transportation System","Rural Reporter","Rural","DR","DO",0,0,0,0,0,0,0,0,0,0,0,0,0,0,144854,1365205,1510059
"2156",30127,"Schuylkill Transportation System","Rural Reporter","Rural","MB","DO",0,0,0,0,0,0,0,0,0,0,0,0,0,0,0,0,0
"2157",30127,"Schuylkill Transportation System","Rural Reporter","Rural","MB","DO",0,0,0,0,0,0,0,0,0,0,0,0,0,0,112256,19948,132204
"2158",30130,"Baltimore County Department of Public Works Transportation","Reduced Reporter","Urban","DR","DO",0,0,0,0,0,0,0,0,0,0,0,0,0,0,0,0,0
"2159",30130,"Baltimore County Department of Public Works Transportation","Reduced Reporter","Urban","DR","DO",0,0,0,0,0,0,0,0,0,0,0,0,0,0,0,0,0
"2160",30130,"Baltimore County Department of Public Works Transportation","Reduced Reporter","Urban","MB","DO",0,0,0,0,0,0,0,0,0,0,0,0,0,0,0,0,0
"2161",30130,"Baltimore County Department of Public Works Transportation","Reduced Reporter","Urban","MB","DO",0,0,0,0,0,0,0,0,0,0,0,0,0,0,0,0,0
"2162",30131,"Board of County Commissioners of Calvert County, Maryland","Reduced Reporter","Urban","DR","DO",0,0,0,0,0,0,0,0,0,0,0,0,0,0,0,0,0
"2163",30131,"Board of County Commissioners of Calvert County, Maryland","Reduced Reporter","Urban","DR","DO",0,0,0,0,0,0,0,0,0,0,0,0,0,0,8276,0,8276
"2164",30131,"Board of County Commissioners of Calvert County, Maryland","Reduced Reporter","Urban","MB","DO",0,0,0,0,0,0,0,0,0,0,0,0,0,0,0,0,0
"2165",30131,"Board of County Commissioners of Calvert County, Maryland","Reduced Reporter","Urban","MB","DO",0,0,0,0,0,0,0,0,0,0,0,0,0,0,56394,0,56394
"2166",30132,"Mountain Empire Older Citizens","Rural Reporter","Rural","DR","DO",0,0,0,0,0,0,0,0,0,0,0,0,0,0,0,0,0
"2167",30132,"Mountain Empire Older Citizens","Rural Reporter","Rural","DR","DO",0,0,0,0,0,0,0,0,0,0,0,0,0,0,0,0,0
"2168",30135,"Potomac Valley Transit Authority","Rural Reporter","Rural","DR","DO",0,0,0,0,0,0,0,0,0,0,0,0,0,0,0,0,0
"2169",30135,"Potomac Valley Transit Authority","Rural Reporter","Rural","DR","DO",0,0,0,0,0,0,0,0,0,0,0,0,0,0,87135,613527,700662
"2170",30135,"Potomac Valley Transit Authority","Rural Reporter","Rural","MB","DO",0,0,0,0,0,0,0,0,0,0,0,0,0,0,0,0,0
"2171",30135,"Potomac Valley Transit Authority","Rural Reporter","Rural","MB","DO",0,0,0,0,0,0,0,0,0,0,0,0,0,0,30620,0,30620
"2172",30137,"Monroe County Transportation Authority","Rural Reporter","Rural","DR","DO",0,0,0,0,0,0,0,0,0,0,0,0,0,0,0,0,0
"2173",30137,"Monroe County Transportation Authority","Rural Reporter","Rural","DR","DO",0,0,0,0,0,0,0,0,0,0,0,0,0,0,137088,1352074,1489162
"2174",30137,"Monroe County Transportation Authority","Rural Reporter","Rural","MB","DO",0,0,0,0,0,0,0,0,0,0,0,0,0,0,0,0,0
"2175",30137,"Monroe County Transportation Authority","Rural Reporter","Rural","MB","DO",0,0,0,0,0,0,0,0,0,0,0,0,0,0,181451,15560,197011
"2176",30138,"Barbour Co. Senior Center","Rural Reporter","Rural","DR","DO",0,0,0,0,0,0,0,0,0,0,0,0,0,0,0,0,0
"2177",30138,"Barbour Co. Senior Center","Rural Reporter","Rural","DR","DO",0,0,0,0,0,0,0,0,0,0,0,0,0,0,21181,0,21181
"2178",30138,"Barbour Co. Senior Center","Rural Reporter","Rural","MB","DO",0,0,0,0,0,0,0,0,0,0,0,0,0,0,0,0,0
"2179",30138,"Barbour Co. Senior Center","Rural Reporter","Rural","MB","DO",0,0,0,0,0,0,0,0,0,0,0,0,0,0,8482,0,8482
"2180",30140,"Mountain Transit Authority","Rural Reporter","Rural","DR","DO",0,0,0,0,0,0,0,0,0,0,0,0,0,0,0,0,0
"2181",30140,"Mountain Transit Authority","Rural Reporter","Rural","DR","DO",0,0,0,0,0,0,0,0,0,0,0,0,0,0,4069,134621,138690
"2182",30140,"Mountain Transit Authority","Rural Reporter","Rural","MB","DO",0,0,0,0,0,0,0,0,0,0,0,0,0,0,0,0,0
"2183",30140,"Mountain Transit Authority","Rural Reporter","Rural","MB","DO",0,0,0,0,0,0,0,0,0,0,0,0,0,0,53220,18427,71647
"2184",30141,"Butler Transit Authority","Reduced Reporter","Urban","CB","PT",0,0,0,0,0,0,0,0,0,0,0,0,0,0,0,0,0
"2185",30141,"Butler Transit Authority","Reduced Reporter","Urban","CB","PT",0,0,0,0,0,0,0,0,0,0,0,0,0,0,50960,0,50960
"2186",30141,"Butler Transit Authority","Reduced Reporter","Urban","DR","PT",0,0,0,0,0,0,0,0,0,0,0,0,0,0,0,0,0
"2187",30141,"Butler Transit Authority","Reduced Reporter","Urban","DR","PT",0,0,0,0,0,0,0,0,0,0,0,0,0,0,9272,0,9272
"2188",30141,"Butler Transit Authority","Reduced Reporter","Urban","MB","PT",0,0,0,0,0,0,0,0,0,0,0,0,0,0,0,0,0
"2189",30141,"Butler Transit Authority","Reduced Reporter","Urban","MB","PT",0,0,0,0,0,0,0,0,0,0,0,0,0,0,136818,4769,141587
"2190",30142,"Lake Country Area Agency on Aging","Rural Reporter","Rural","DR","DO",0,0,0,0,0,0,0,0,0,0,0,0,0,0,0,0,0
"2191",30142,"Lake Country Area Agency on Aging","Rural Reporter","Rural","DR","DO",0,0,0,0,0,0,0,0,0,0,0,0,0,0,19718,0,19718
"2192",30147,"Town of Chincoteague","Rural Reporter","Rural","MB","DO",0,0,0,0,0,0,0,0,0,0,0,0,0,0,0,0,0
"2193",30147,"Town of Chincoteague","Rural Reporter","Rural","MB","DO",0,0,0,0,0,0,0,0,0,0,0,0,0,0,1609,0,1609
"2194",30149,"Fairmont Marion County Transit Authority","Rural Reporter","Rural","DR","DO",0,0,0,0,0,0,0,0,0,0,0,0,0,0,0,0,0
"2195",30149,"Fairmont Marion County Transit Authority","Rural Reporter","Rural","DR","DO",0,0,0,0,0,0,0,0,0,0,0,0,0,0,6967,387217,394184
"2196",30149,"Fairmont Marion County Transit Authority","Rural Reporter","Rural","MB","DO",0,0,0,0,0,0,0,0,0,0,0,0,0,0,0,0,0
"2197",30149,"Fairmont Marion County Transit Authority","Rural Reporter","Rural","MB","DO",0,0,0,0,0,0,0,0,0,0,0,0,0,0,82139,0,82139
"2198",30151,"New Castle Area Transit Authority","Rural Reporter","Rural","CB","DO",0,0,0,0,0,0,0,0,0,0,0,0,0,0,0,0,0
"2199",30151,"New Castle Area Transit Authority","Rural Reporter","Rural","CB","DO",0,0,0,0,0,0,0,0,0,0,0,0,0,0,94472,0,94472
"2200",30151,"New Castle Area Transit Authority","Rural Reporter","Rural","DR","PT",0,0,0,0,0,0,0,0,0,0,0,0,0,0,0,0,0
"2201",30151,"New Castle Area Transit Authority","Rural Reporter","Rural","DR","PT",0,0,0,0,0,0,0,0,0,0,0,0,0,0,14657,0,14657
"2202",30151,"New Castle Area Transit Authority","Rural Reporter","Rural","MB","DO",0,0,0,0,0,0,0,0,0,0,0,0,0,0,0,0,0
"2203",30151,"New Castle Area Transit Authority","Rural Reporter","Rural","MB","DO",0,0,0,0,0,0,0,0,0,0,0,0,0,0,186659,30414,217073
"2204",30155,"Mayor and City Council Town of Ocean City","Rural Reporter","Rural","DR","DO",0,0,0,0,0,0,0,0,0,0,0,0,0,0,0,0,0
"2205",30155,"Mayor and City Council Town of Ocean City","Rural Reporter","Rural","DR","DO",0,0,0,0,0,0,0,0,0,0,0,0,0,0,796,0,796
"2206",30155,"Mayor and City Council Town of Ocean City","Rural Reporter","Rural","MB","DO",0,0,0,0,0,0,0,0,0,0,0,0,0,0,0,0,0
"2207",30155,"Mayor and City Council Town of Ocean City","Rural Reporter","Rural","MB","DO",0,0,0,0,0,0,0,0,0,0,0,0,0,0,1899028,0,1899028
"2208",30157,"Town of Altavista","Rural Reporter","Rural","MB","DO",0,0,0,0,0,0,0,0,0,0,0,0,0,0,0,0,0
"2209",30157,"Town of Altavista","Rural Reporter","Rural","MB","DO",0,0,0,0,0,0,0,0,0,0,0,0,0,0,3747,0,3747
"2210",30161,"Dorchester County Council","Rural Reporter","Rural","DR","DO",0,0,0,0,0,0,0,0,0,0,0,0,0,0,0,0,0
"2211",30161,"Dorchester County Council","Rural Reporter","Rural","DR","DO",0,0,0,0,0,0,0,0,0,0,0,0,0,0,15688,0,15688
"2212",30161,"Dorchester County Council","Rural Reporter","Rural","MB","DO",0,0,0,0,0,0,0,0,0,0,0,0,0,0,0,0,0
"2213",30161,"Dorchester County Council","Rural Reporter","Rural","MB","DO",0,0,0,0,0,0,0,0,0,0,0,0,0,0,98484,0,98484
"2214",30162,"Little Kanawha Transit Authority","Rural Reporter","Rural","DR","DO",0,0,0,0,0,0,0,0,0,0,0,0,0,0,0,0,0
"2215",30162,"Little Kanawha Transit Authority","Rural Reporter","Rural","DR","DO",0,0,0,0,0,0,0,0,0,0,0,0,0,0,18312,0,18312
"2216",30164,"Town of Bluefield","Rural Reporter","Rural","MB","DO",0,0,0,0,0,0,0,0,0,0,0,0,0,0,0,0,0
"2217",30164,"Town of Bluefield","Rural Reporter","Rural","MB","DO",0,0,0,0,0,0,0,0,0,0,0,0,0,0,7793,0,7793
"2218",30165,"Town of Farmville","Rural Reporter","Rural","DR","DO",0,0,0,0,0,0,0,0,0,0,0,0,0,0,0,0,0
"2219",30165,"Town of Farmville","Rural Reporter","Rural","DR","DO",0,0,0,0,0,0,0,0,0,0,0,0,0,0,2248,0,2248
"2220",30165,"Town of Farmville","Rural Reporter","Rural","MB","DO",0,0,0,0,0,0,0,0,0,0,0,0,0,0,0,0,0
"2221",30165,"Town of Farmville","Rural Reporter","Rural","MB","DO",0,0,0,0,0,0,0,0,0,0,0,0,0,0,7406,143050,150456
"2222",30170,"Endless Mountains Transportation Authority","Rural Reporter","Rural","DR","DO",0,0,0,0,0,0,0,0,0,0,0,0,0,0,0,0,0
"2223",30170,"Endless Mountains Transportation Authority","Rural Reporter","Rural","DR","DO",0,0,0,0,0,0,0,0,0,0,0,0,0,0,62151,2783571,2845722
"2224",30170,"Endless Mountains Transportation Authority","Rural Reporter","Rural","MB","DO",0,0,0,0,0,0,0,0,0,0,0,0,0,0,0,0,0
"2225",30170,"Endless Mountains Transportation Authority","Rural Reporter","Rural","MB","DO",0,0,0,0,0,0,0,0,0,0,0,0,0,0,35028,76138,111166
"2226",30172,"Bay Aging","Rural Reporter","Rural","DR","DO",0,0,0,0,0,0,0,0,0,0,0,0,0,0,0,0,0
"2227",30172,"Bay Aging","Rural Reporter","Rural","DR","DO",0,0,0,0,0,0,0,0,0,0,0,0,0,0,130455,0,130455
"2228",30172,"Bay Aging","Rural Reporter","Rural","MB","DO",0,0,0,0,0,0,0,0,0,0,0,0,0,0,0,0,0
"2229",30172,"Bay Aging","Rural Reporter","Rural","MB","DO",0,0,0,0,0,0,0,0,0,0,0,0,0,0,1952,0,1952
"2230",30174,"Appalachian Agency for Senior Citizens","Rural Reporter","Rural","MB","DO",0,0,0,0,0,0,0,0,0,0,0,0,0,0,0,0,0
"2231",30174,"Appalachian Agency for Senior Citizens","Rural Reporter","Rural","MB","DO",0,0,0,0,0,0,0,0,0,0,0,0,0,0,0,0,0
"2232",30177,"Indiana County Transit Authority","Rural Reporter","Rural","DR","DO",0,0,0,0,0,0,0,0,0,0,0,0,0,0,0,0,0
"2233",30177,"Indiana County Transit Authority","Rural Reporter","Rural","DR","DO",0,0,0,0,0,0,0,0,0,0,0,0,0,0,24196,704493,728689
"2234",30177,"Indiana County Transit Authority","Rural Reporter","Rural","MB","DO",0,0,0,0,0,0,0,0,0,0,0,0,0,0,0,0,0
"2235",30177,"Indiana County Transit Authority","Rural Reporter","Rural","MB","DO",0,0,0,0,0,0,0,0,0,0,0,0,0,0,75000,400003,475003
"2236",30178,"Unified Human Services Transportation Systems, Inc","Rural Reporter","Rural","MB","DO",0,0,0,0,0,0,0,0,0,0,0,0,0,0,0,0,0
"2237",30178,"Unified Human Services Transportation Systems, Inc","Rural Reporter","Rural","MB","DO",0,0,0,0,0,0,0,0,0,0,0,0,0,0,13238,0,13238
"2238",30183,"Tri River Transit","Rural Reporter","Rural","DR","DO",0,0,0,0,0,0,0,0,0,0,0,0,0,0,0,0,0
"2239",30183,"Tri River Transit","Rural Reporter","Rural","DR","DO",0,0,0,0,0,0,0,0,0,0,0,0,0,0,9421,14340,23761
"2240",30183,"Tri River Transit","Rural Reporter","Rural","MB","DO",0,0,0,0,0,0,0,0,0,0,0,0,0,0,0,0,0
"2241",30183,"Tri River Transit","Rural Reporter","Rural","MB","DO",0,0,0,0,0,0,0,0,0,0,0,0,0,0,44847,0,44847
"2242",30184,"Town of Blackstone","Rural Reporter","Rural","MB","DO",0,0,0,0,0,0,0,0,0,0,0,0,0,0,0,0,0
"2243",30184,"Town of Blackstone","Rural Reporter","Rural","MB","DO",0,0,0,0,0,0,0,0,0,0,0,0,0,0,29530,0,29530
"2244",30185,"Crawford Area Transportation Authority","Rural Reporter","Rural","DR","DO",0,0,0,0,0,0,0,0,0,0,0,0,0,0,0,0,0
"2245",30185,"Crawford Area Transportation Authority","Rural Reporter","Rural","DR","DO",0,0,0,0,0,0,0,0,0,0,0,0,0,0,49897,1033623,1083520
"2246",30185,"Crawford Area Transportation Authority","Rural Reporter","Rural","MB","DO",0,0,0,0,0,0,0,0,0,0,0,0,0,0,0,0,0
"2247",30185,"Crawford Area Transportation Authority","Rural Reporter","Rural","MB","DO",0,0,0,0,0,0,0,0,0,0,0,0,0,0,172211,32172,204383
"2248",30186,"The County Commissioners of Caroline County, Maryland","Rural Reporter","Rural","DR","DO",0,0,0,0,0,0,0,0,0,0,0,0,0,0,0,0,0
"2249",30186,"The County Commissioners of Caroline County, Maryland","Rural Reporter","Rural","DR","DO",0,0,0,0,0,0,0,0,0,0,0,0,0,0,36244,0,36244
"2250",30186,"The County Commissioners of Caroline County, Maryland","Rural Reporter","Rural","MB","DO",0,0,0,0,0,0,0,0,0,0,0,0,0,0,0,0,0
"2251",30186,"The County Commissioners of Caroline County, Maryland","Rural Reporter","Rural","MB","DO",0,0,0,0,0,0,0,0,0,0,0,0,0,0,57680,0,57680
"2252",30190,"Preston County Sr. Cit, Inc.","Rural Reporter","Rural","DR","DO",0,0,0,0,0,0,0,0,0,0,0,0,0,0,0,0,0
"2253",30190,"Preston County Sr. Cit, Inc.","Rural Reporter","Rural","DR","DO",0,0,0,0,0,0,0,0,0,0,0,0,0,0,2158,0,2158
"2254",30190,"Preston County Sr. Cit, Inc.","Rural Reporter","Rural","MB","DO",0,0,0,0,0,0,0,0,0,0,0,0,0,0,0,0,0
"2255",30190,"Preston County Sr. Cit, Inc.","Rural Reporter","Rural","MB","DO",0,0,0,0,0,0,0,0,0,0,0,0,0,0,2981,0,2981
"2256",30192,"Queen Anne's County","Reduced Reporter","Urban","DR","DO",0,0,0,0,0,0,0,0,0,0,0,0,0,0,0,0,0
"2257",30192,"Queen Anne's County","Reduced Reporter","Urban","DR","DO",0,0,0,0,0,0,0,0,0,0,0,0,0,0,8486,0,8486
"2258",30192,"Queen Anne's County","Reduced Reporter","Urban","MB","DO",0,0,0,0,0,0,0,0,0,0,0,0,0,0,0,0,0
"2259",30192,"Queen Anne's County","Reduced Reporter","Urban","MB","DO",0,0,0,0,0,0,0,0,0,0,0,0,0,0,20798,0,20798
"2260",30194,"Mid-County Transit Authority","Rural Reporter","Rural","DR","DO",0,0,0,0,0,0,0,0,0,0,0,0,0,0,0,0,0
"2261",30194,"Mid-County Transit Authority","Rural Reporter","Rural","DR","DO",0,0,0,0,0,0,0,0,0,0,0,0,0,0,15317,211789,227106
"2262",30194,"Mid-County Transit Authority","Rural Reporter","Rural","MB","DO",0,0,0,0,0,0,0,0,0,0,0,0,0,0,0,0,0
"2263",30194,"Mid-County Transit Authority","Rural Reporter","Rural","MB","DO",0,0,0,0,0,0,0,0,0,0,0,0,0,0,24238,3445,27683
"2264",30196,"Area Transportation Authority of North Central PA","Rural Reporter","Rural","DR","DO",0,0,0,0,0,0,0,0,0,0,0,0,0,0,0,0,0
"2265",30196,"Area Transportation Authority of North Central PA","Rural Reporter","Rural","DR","DO",0,0,0,0,0,0,0,0,0,0,0,0,0,0,67447,653144,720591
"2266",30196,"Area Transportation Authority of North Central PA","Rural Reporter","Rural","MB","DO",0,0,0,0,0,0,0,0,0,0,0,0,0,0,0,0,0
"2267",30196,"Area Transportation Authority of North Central PA","Rural Reporter","Rural","MB","DO",0,0,0,0,0,0,0,0,0,0,0,0,0,0,132387,252230,384617
"2268",30196,"Area Transportation Authority of North Central PA","Rural Reporter","Rural","VP","DO",0,0,0,0,0,0,0,0,0,0,0,0,0,0,0,0,0
"2269",30196,"Area Transportation Authority of North Central PA","Rural Reporter","Rural","VP","DO",0,0,0,0,0,0,0,0,0,0,0,0,0,0,34539,0,34539
"2270",30198,"City of Suffolk","Reduced Reporter","Urban","DR","PT",0,0,0,0,0,0,0,0,0,0,0,0,0,0,0,0,0
"2271",30198,"City of Suffolk","Reduced Reporter","Urban","DR","PT",0,0,0,0,0,0,0,0,0,0,0,0,0,0,7505,0,7505
"2272",30198,"City of Suffolk","Reduced Reporter","Urban","MB","PT",0,0,0,0,0,0,0,0,0,0,0,0,0,0,0,0,0
"2273",30198,"City of Suffolk","Reduced Reporter","Urban","MB","PT",0,0,0,0,0,0,0,0,0,0,0,0,0,0,54821,3000,57821
"2274",30199,"New River Transit Authority","Reduced Reporter","Urban","DR","PT",0,0,0,0,0,0,0,0,0,0,0,0,0,0,0,0,0
"2275",30199,"New River Transit Authority","Reduced Reporter","Urban","DR","PT",0,0,0,0,0,0,0,0,0,0,0,0,0,0,38884,0,38884
"2276",30199,"New River Transit Authority","Reduced Reporter","Urban","MB","PT",0,0,0,0,0,0,0,0,0,0,0,0,0,0,0,0,0
"2277",30199,"New River Transit Authority","Reduced Reporter","Urban","MB","PT",0,0,0,0,0,0,0,0,0,0,0,0,0,0,31516,0,31516
"2278",30200,"City of Radford","Reduced Reporter","Urban","MB","PT",0,0,0,0,0,0,0,0,0,0,0,0,0,0,0,0,0
"2279",30200,"City of Radford","Reduced Reporter","Urban","MB","PT",0,0,0,0,0,0,0,0,0,0,0,0,0,0,0,0,0
"2280",30203,"York County","Reduced Reporter","Urban","MB","DO",0,0,0,0,0,0,0,0,0,0,0,0,0,0,0,0,0
"2281",30203,"York County","Reduced Reporter","Urban","MB","DO",0,0,0,0,0,0,0,0,0,0,0,0,0,0,0,0,0
"2282",30204,"Colonial Williamsburg Foundation","Reduced Reporter","Urban","MB","DO",0,0,0,0,0,0,0,0,0,0,0,0,0,0,0,0,0
"2283",30204,"Colonial Williamsburg Foundation","Reduced Reporter","Urban","MB","DO",0,0,0,0,0,0,0,0,0,0,0,0,0,0,25765,0,25765
"2284",30205,"Transit Management of Central Maryland, Inc.","Full Reporter","Urban","DR","TX",0,0,0,0,0,0,0,0,0,0,0,0,0,0,53185,0,53185
"2285",30206,"Susquehanna Regional Transportation Authority","Full Reporter","Urban","DR","TX",0,0,0,0,0,0,0,0,0,0,0,0,0,0,837,83721,84558
"2286",30989,"Central Shenandoah Planning District Commission","Reduced Reporter","Urban","DR","PT",0,0,0,0,0,0,0,0,0,0,0,0,0,0,0,0,0
"2287",30989,"Central Shenandoah Planning District Commission","Reduced Reporter","Urban","DR","PT",0,0,0,0,0,0,0,0,0,0,0,0,0,0,2792,0,2792
"2288",30989,"Central Shenandoah Planning District Commission","Reduced Reporter","Urban","MB","PT",0,0,0,0,0,0,0,0,0,0,0,0,0,0,0,0,0
"2289",30989,"Central Shenandoah Planning District Commission","Reduced Reporter","Urban","MB","PT",0,0,0,0,0,0,0,0,0,0,0,0,0,0,93018,0,93018
"2290",30990,"Airport Corridor Transportation Association","Reduced Reporter","Urban","DR","PT",0,0,0,0,0,0,0,0,0,0,0,0,0,0,0,0,0
"2291",30990,"Airport Corridor Transportation Association","Reduced Reporter","Urban","DR","PT",0,0,0,0,0,0,0,0,0,0,0,0,0,0,6948,671,7619
"2292",31025,"County of Greensville","Rural Reporter","Rural","MB","DO",0,0,0,0,0,0,0,0,0,0,0,0,0,0,0,0,0
"2293",31025,"County of Greensville","Rural Reporter","Rural","MB","DO",0,0,0,0,0,0,0,0,0,0,0,0,0,0,474,6000,6474
"2294",31028,"Allied Coordinated Transportation Services, Inc.","Rural Reporter","Rural","DR","DO",0,0,0,0,0,0,0,0,0,0,0,0,0,0,0,0,0
"2295",31028,"Allied Coordinated Transportation Services, Inc.","Rural Reporter","Rural","DR","DO",0,0,0,0,0,0,0,0,0,0,0,0,0,0,54008,1250739,1304747
"2296",31029,"Blair Senior Services, Inc.","Reduced Reporter","Urban","DR","DO",0,0,0,0,0,0,0,0,0,0,0,0,0,0,0,0,0
"2297",31029,"Blair Senior Services, Inc.","Reduced Reporter","Urban","DR","DO",0,0,0,0,0,0,0,0,0,0,0,0,0,0,487515,1548724,2036239
"2298",31031,"Call-A-Ride Service, Inc.","Rural Reporter","Rural","DR","DO",0,0,0,0,0,0,0,0,0,0,0,0,0,0,0,0,0
"2299",31031,"Call-A-Ride Service, Inc.","Rural Reporter","Rural","DR","DO",0,0,0,0,0,0,0,0,0,0,0,0,0,0,38529,776295,814824
"2300",31032,"Clarion County","Rural Reporter","Rural","DR","PT",0,0,0,0,0,0,0,0,0,0,0,0,0,0,0,0,0
"2301",31032,"Clarion County","Rural Reporter","Rural","DR","PT",0,0,0,0,0,0,0,0,0,0,0,0,0,0,8309,1015364,1023673
"2302",31034,"Forest County","Rural Reporter","Rural","DR","DO",0,0,0,0,0,0,0,0,0,0,0,0,0,0,0,0,0
"2303",31034,"Forest County","Rural Reporter","Rural","DR","DO",0,0,0,0,0,0,0,0,0,0,0,0,0,0,10465,365883,376348
"2304",31035,"Wayne County","Rural Reporter","Rural","DR","DO",0,0,0,0,0,0,0,0,0,0,0,0,0,0,0,0,0
"2305",31035,"Wayne County","Rural Reporter","Rural","DR","DO",0,0,0,0,0,0,0,0,0,0,0,0,0,0,63621,1944831,2008452
"2306",31036,"STEP, Inc.","Reduced Reporter","Urban","DR","DO",0,0,0,0,0,0,0,0,0,0,0,0,0,0,0,0,0
"2307",31036,"STEP, Inc.","Reduced Reporter","Urban","DR","DO",0,0,0,0,0,0,0,0,0,0,0,0,0,0,61859,1761873,1823732
"2308",31036,"STEP, Inc.","Reduced Reporter","Urban","DR","TX",0,0,0,0,0,0,0,0,0,0,0,0,0,0,0,0,0
"2309",31036,"STEP, Inc.","Reduced Reporter","Urban","DR","TX",0,0,0,0,0,0,0,0,0,0,0,0,0,0,75,1743,1818
"2310",31038,"Pike County","Rural Reporter","Rural","DR","DO",0,0,0,0,0,0,0,0,0,0,0,0,0,0,0,0,0
"2311",31038,"Pike County","Rural Reporter","Rural","DR","DO",0,0,0,0,0,0,0,0,0,0,0,0,0,0,33684,509635,543319
"2312",31039,"Huntingdon-Bedford-Fulton Area Agency on Aging","Rural Reporter","Rural","DR","DO",0,0,0,0,0,0,0,0,0,0,0,0,0,0,0,0,0
"2313",31039,"Huntingdon-Bedford-Fulton Area Agency on Aging","Rural Reporter","Rural","DR","DO",0,0,0,0,0,0,0,0,0,0,0,0,0,0,86001,1208838,1294839
"2314",31040,"Greene County - PA","Rural Reporter","Rural","DR","DO",0,0,0,0,0,0,0,0,0,0,0,0,0,0,0,0,0
"2315",31040,"Greene County - PA","Rural Reporter","Rural","DR","DO",0,0,0,0,0,0,0,0,0,0,0,0,0,0,21723,891356,913079
"2316",31041,"County of Butler","Rural Reporter","Rural","DR","PT",0,0,0,0,0,0,0,0,0,0,0,0,0,0,0,0,0
"2317",31041,"County of Butler","Rural Reporter","Rural","DR","PT",0,0,0,0,0,0,0,0,0,0,0,0,0,0,14145,366160,380305
"2318",31042,"Centre County","Reduced Reporter","Urban","DR","DO",0,0,0,0,0,0,0,0,0,0,0,0,0,0,0,0,0
"2319",31042,"Centre County","Reduced Reporter","Urban","DR","DO",0,0,0,0,0,0,0,0,0,0,0,0,0,0,18585,894784,913369
"2320",31044,"Somerset County","Rural Reporter","Rural","DR","PT",0,0,0,0,0,0,0,0,0,0,0,0,0,0,0,0,0
"2321",31044,"Somerset County","Rural Reporter","Rural","DR","PT",0,0,0,0,0,0,0,0,0,0,0,0,0,0,26570,532895,559465
"2322",31045,"Susquehanna County","Rural Reporter","Rural","DR","PT",0,0,0,0,0,0,0,0,0,0,0,0,0,0,0,0,0
"2323",31045,"Susquehanna County","Rural Reporter","Rural","DR","PT",0,0,0,0,0,0,0,0,0,0,0,0,0,0,52809,1163420,1216229
"2324",40004,"Metropolitan Transit Authority","Full Reporter","Urban","DR","TX",0,0,0,0,0,0,0,0,0,0,0,0,0,0,611139,36097,647236
"2325",40007,"City of Raleigh","Full Reporter","Urban","DR","TX",0,0,0,0,0,0,0,0,0,0,0,0,0,0,87951,0,87951
"2326",40010,"City of Gastonia","Reduced Reporter","Urban","DR","DO",0,0,0,0,0,0,0,0,0,0,0,0,0,0,0,0,0
"2327",40010,"City of Gastonia","Reduced Reporter","Urban","DR","DO",0,0,0,0,0,0,0,0,0,0,0,0,0,0,10434,0,10434
"2328",40010,"City of Gastonia","Reduced Reporter","Urban","MB","DO",0,0,0,0,0,0,0,0,0,0,0,0,0,0,0,0,0
"2329",40010,"City of Gastonia","Reduced Reporter","Urban","MB","DO",0,0,0,0,0,0,0,0,0,0,0,0,0,0,92206,0,92206
"2330",40011,"City of High Point","Reduced Reporter","Urban","DR","DO",0,0,0,0,0,0,0,0,0,0,0,0,0,0,0,0,0
"2331",40011,"City of High Point","Reduced Reporter","Urban","DR","DO",0,0,0,0,0,0,0,0,0,0,0,0,0,0,37472,0,37472
"2332",40011,"City of High Point","Reduced Reporter","Urban","MB","DO",0,0,0,0,0,0,0,0,0,0,0,0,0,0,0,0,0
"2333",40011,"City of High Point","Reduced Reporter","Urban","MB","DO",0,0,0,0,0,0,0,0,0,0,0,0,0,0,265674,0,265674
"2334",40016,"City of Ashland","Reduced Reporter","Urban","DR","DO",0,0,0,0,0,0,0,0,0,0,0,0,0,0,0,0,0
"2335",40016,"City of Ashland","Reduced Reporter","Urban","DR","DO",0,0,0,0,0,0,0,0,0,0,0,0,0,0,9587,0,9587
"2336",40016,"City of Ashland","Reduced Reporter","Urban","MB","DO",0,0,0,0,0,0,0,0,0,0,0,0,0,0,0,0,0
"2337",40016,"City of Ashland","Reduced Reporter","Urban","MB","DO",0,0,0,0,0,0,0,0,0,0,0,0,0,0,13491,0,13491
"2338",40018,"Transit Authority of River City","Full Reporter","Urban","DR","TX",0,0,0,0,0,0,0,0,0,0,0,0,0,0,283849,0,283849
"2339",40020,"City of Owensboro","Reduced Reporter","Urban","MB","DO",0,0,0,0,0,0,0,0,0,0,0,0,0,0,0,0,0
"2340",40020,"City of Owensboro","Reduced Reporter","Urban","MB","DO",0,0,0,0,0,0,0,0,0,0,0,0,0,0,93645,3696,97341
"2341",40024,"Columbus Consolidated Government","Reduced Reporter","Urban","DR","DO",0,0,0,0,0,0,0,0,0,0,0,0,0,0,0,0,0
"2342",40024,"Columbus Consolidated Government","Reduced Reporter","Urban","DR","DO",0,0,0,0,0,0,0,0,0,0,0,0,0,0,75506,0,75506
"2343",40024,"Columbus Consolidated Government","Reduced Reporter","Urban","MB","DO",0,0,0,0,0,0,0,0,0,0,0,0,0,0,0,0,0
"2344",40024,"Columbus Consolidated Government","Reduced Reporter","Urban","MB","DO",0,0,0,0,0,0,0,0,0,0,0,0,0,0,568060,0,568060
"2345",40027,"Pinellas Suncoast Transit Authority","Full Reporter","Urban","DR","TN",0,0,0,0,0,0,0,0,0,0,0,0,0,0,241675,0,241675
"2346",40027,"Pinellas Suncoast Transit Authority","Full Reporter","Urban","DR","TX",0,0,0,0,0,0,0,0,0,0,0,0,0,0,225183,0,225183
"2347",40032,"County of Volusia","Full Reporter","Urban","DR","TX",0,0,0,0,0,0,0,0,0,0,0,0,0,0,79555,0,79555
"2348",40035,"Central Florida Regional Transportation Authority","Full Reporter","Urban","MB","PT",0,0,0,0,0,0,0,0,0,0,0,0,0,0,43021,0,43021
"2349",40036,"City of Tallahassee","Full Reporter","Urban","DR","TX",0,0,0,0,0,0,0,0,0,0,0,0,0,0,137070,0,137070
"2350",40041,"Hillsborough Area Regional Transit Authority","Full Reporter","Urban","DR","TX",0,0,0,0,0,0,0,0,0,0,0,0,0,0,121884,0,121884
"2351",40045,"Tuscaloosa County Parking and Transit Authority","Reduced Reporter","Urban","DR","DO",0,0,0,0,0,0,0,0,0,0,0,0,0,0,0,0,0
"2352",40045,"Tuscaloosa County Parking and Transit Authority","Reduced Reporter","Urban","DR","DO",0,0,0,0,0,0,0,0,0,0,0,0,0,0,31490,0,31490
"2353",40045,"Tuscaloosa County Parking and Transit Authority","Reduced Reporter","Urban","MB","DO",0,0,0,0,0,0,0,0,0,0,0,0,0,0,0,0,0
"2354",40045,"Tuscaloosa County Parking and Transit Authority","Reduced Reporter","Urban","MB","DO",0,0,0,0,0,0,0,0,0,0,0,0,0,0,111824,0,111824
"2355",40049,"City of Gadsden","Reduced Reporter","Urban","DR","DO",0,0,0,0,0,0,0,0,0,0,0,0,0,0,0,0,0
"2356",40049,"City of Gadsden","Reduced Reporter","Urban","DR","DO",0,0,0,0,0,0,0,0,0,0,0,0,0,0,0,0,0
"2357",40049,"City of Gadsden","Reduced Reporter","Urban","MB","DO",0,0,0,0,0,0,0,0,0,0,0,0,0,0,0,0,0
"2358",40049,"City of Gadsden","Reduced Reporter","Urban","MB","DO",0,0,0,0,0,0,0,0,0,0,0,0,0,0,0,0,0
"2359",40051,"Town of Chapel Hill","Full Reporter","Urban","MB","PT",0,0,0,0,0,0,0,0,0,0,0,0,0,0,0,0,0
"2360",40054,"City of Johnson City","Reduced Reporter","Urban","DR","DO",0,0,0,0,0,0,0,0,0,0,0,0,0,0,0,0,0
"2361",40054,"City of Johnson City","Reduced Reporter","Urban","DR","DO",0,0,0,0,0,0,0,0,0,0,0,0,0,0,70679,0,70679
"2362",40054,"City of Johnson City","Reduced Reporter","Urban","MB","DO",0,0,0,0,0,0,0,0,0,0,0,0,0,0,0,0,0
"2363",40054,"City of Johnson City","Reduced Reporter","Urban","MB","DO",0,0,0,0,0,0,0,0,0,0,0,0,0,0,120715,182976,303691
"2364",40055,"City of Bristol Tennessee","Reduced Reporter","Urban","DR","DO",0,0,0,0,0,0,0,0,0,0,0,0,0,0,0,0,0
"2365",40055,"City of Bristol Tennessee","Reduced Reporter","Urban","DR","DO",0,0,0,0,0,0,0,0,0,0,0,0,0,0,796,0,796
"2366",40055,"City of Bristol Tennessee","Reduced Reporter","Urban","MB","DO",0,0,0,0,0,0,0,0,0,0,0,0,0,0,0,0,0
"2367",40055,"City of Bristol Tennessee","Reduced Reporter","Urban","MB","DO",0,0,0,0,0,0,0,0,0,0,0,0,0,0,11659,0,11659
"2368",40056,"Pee Dee Regional Transportation Authority","Reduced Reporter","Urban","DR","DO",0,0,0,0,0,0,0,0,0,0,0,0,0,0,0,0,0
"2369",40056,"Pee Dee Regional Transportation Authority","Reduced Reporter","Urban","DR","DO",0,0,0,0,0,0,0,0,0,0,0,0,0,0,2641,570,3211
"2370",40056,"Pee Dee Regional Transportation Authority","Reduced Reporter","Urban","MB","DO",0,0,0,0,0,0,0,0,0,0,0,0,0,0,0,0,0
"2371",40056,"Pee Dee Regional Transportation Authority","Reduced Reporter","Urban","MB","DO",0,0,0,0,0,0,0,0,0,0,0,0,0,0,208102,43150,251252
"2372",40060,"City of Hattiesburg","Reduced Reporter","Urban","DR","DO",0,0,0,0,0,0,0,0,0,0,0,0,0,0,0,0,0
"2373",40060,"City of Hattiesburg","Reduced Reporter","Urban","DR","DO",0,0,0,0,0,0,0,0,0,0,0,0,0,0,1589,0,1589
"2374",40060,"City of Hattiesburg","Reduced Reporter","Urban","MB","DO",0,0,0,0,0,0,0,0,0,0,0,0,0,0,0,0,0
"2375",40060,"City of Hattiesburg","Reduced Reporter","Urban","MB","DO",0,0,0,0,0,0,0,0,0,0,0,0,0,0,24960,121000,145960
"2376",40064,"East Alabama Regional Planning and Development Commission","Reduced Reporter","Urban","DR","PT",0,0,0,0,0,0,0,0,0,0,0,0,0,0,0,0,0
"2377",40064,"East Alabama Regional Planning and Development Commission","Reduced Reporter","Urban","DR","PT",0,0,0,0,0,0,0,0,0,0,0,0,0,0,122225,0,122225
"2378",40064,"East Alabama Regional Planning and Development Commission","Reduced Reporter","Urban","MB","PT",0,0,0,0,0,0,0,0,0,0,0,0,0,0,0,0,0
"2379",40064,"East Alabama Regional Planning and Development Commission","Reduced Reporter","Urban","MB","PT",0,0,0,0,0,0,0,0,0,0,0,0,0,0,38151,2313,40464
"2380",40068,"Northwest Alabama Council of Local Governments","Reduced Reporter","Urban","DR","DO",0,0,0,0,0,0,0,0,0,0,0,0,0,0,0,0,0
"2381",40068,"Northwest Alabama Council of Local Governments","Reduced Reporter","Urban","DR","DO",0,0,0,0,0,0,0,0,0,0,0,0,0,0,82610,0,82610
"2382",40068,"Northwest Alabama Council of Local Governments","Reduced Reporter","Urban","DR","TX",0,0,0,0,0,0,0,0,0,0,0,0,0,0,0,0,0
"2383",40068,"Northwest Alabama Council of Local Governments","Reduced Reporter","Urban","DR","TX",0,0,0,0,0,0,0,0,0,0,0,0,0,0,0,0,0
"2384",40073,"Lee-Russell Council of Governments","Reduced Reporter","Urban","DR","DO",0,0,0,0,0,0,0,0,0,0,0,0,0,0,0,0,0
"2385",40073,"Lee-Russell Council of Governments","Reduced Reporter","Urban","DR","DO",0,0,0,0,0,0,0,0,0,0,0,0,0,0,0,0,0
"2386",40073,"Lee-Russell Council of Governments","Reduced Reporter","Urban","MB","DO",0,0,0,0,0,0,0,0,0,0,0,0,0,0,0,0,0
"2387",40073,"Lee-Russell Council of Governments","Reduced Reporter","Urban","MB","DO",0,0,0,0,0,0,0,0,0,0,0,0,0,0,0,0,0
"2388",40080,"City of Kingsport","Reduced Reporter","Urban","DR","DO",0,0,0,0,0,0,0,0,0,0,0,0,0,0,0,0,0
"2389",40080,"City of Kingsport","Reduced Reporter","Urban","DR","DO",0,0,0,0,0,0,0,0,0,0,0,0,0,0,26155,0,26155
"2390",40080,"City of Kingsport","Reduced Reporter","Urban","MB","DO",0,0,0,0,0,0,0,0,0,0,0,0,0,0,0,0,0
"2391",40080,"City of Kingsport","Reduced Reporter","Urban","MB","DO",0,0,0,0,0,0,0,0,0,0,0,0,0,0,31393,480,31873
"2392",40081,"City of Anderson","Reduced Reporter","Urban","MB","DO",0,0,0,0,0,0,0,0,0,0,0,0,0,0,0,0,0
"2393",40081,"City of Anderson","Reduced Reporter","Urban","MB","DO",0,0,0,0,0,0,0,0,0,0,0,0,0,0,49576,0,49576
"2394",40087,"City of Durham","Full Reporter","Urban","DR","TN",0,0,0,0,0,0,0,0,0,0,0,0,0,0,0,0,0
"2395",40092,"City of Clarksville","Reduced Reporter","Urban","DR","DO",0,0,0,0,0,0,0,0,0,0,0,0,0,0,0,0,0
"2396",40092,"City of Clarksville","Reduced Reporter","Urban","DR","DO",0,0,0,0,0,0,0,0,0,0,0,0,0,0,92892,5050,97942
"2397",40092,"City of Clarksville","Reduced Reporter","Urban","MB","DO",0,0,0,0,0,0,0,0,0,0,0,0,0,0,0,0,0
"2398",40092,"City of Clarksville","Reduced Reporter","Urban","MB","DO",0,0,0,0,0,0,0,0,0,0,0,0,0,0,337257,214890,552147
"2399",40095,"City of Greenville","Reduced Reporter","Urban","DR","PT",0,0,0,0,0,0,0,0,0,0,0,0,0,0,0,0,0
"2400",40095,"City of Greenville","Reduced Reporter","Urban","DR","PT",0,0,0,0,0,0,0,0,0,0,0,0,0,0,0,0,0
"2401",40095,"City of Greenville","Reduced Reporter","Urban","MB","DO",0,0,0,0,0,0,0,0,0,0,0,0,0,0,0,0,0
"2402",40095,"City of Greenville","Reduced Reporter","Urban","MB","DO",0,0,0,0,0,0,0,0,0,0,0,0,0,0,0,8262,8262
"2403",40096,"City of Rocky Mount","Reduced Reporter","Urban","DR","PT",0,0,0,0,0,0,0,0,0,0,0,0,0,0,0,0,0
"2404",40096,"City of Rocky Mount","Reduced Reporter","Urban","DR","PT",0,0,0,0,0,0,0,0,0,0,0,0,0,0,162754,2048858,2211612
"2405",40096,"City of Rocky Mount","Reduced Reporter","Urban","MB","PT",0,0,0,0,0,0,0,0,0,0,0,0,0,0,0,0,0
"2406",40096,"City of Rocky Mount","Reduced Reporter","Urban","MB","PT",0,0,0,0,0,0,0,0,0,0,0,0,0,0,176623,0,176623
"2407",40097,"Council on Aging of St. Lucie, Inc.","Reduced Reporter","Urban","DR","DO",0,0,0,0,0,0,0,0,0,0,0,0,0,0,0,0,0
"2408",40097,"Council on Aging of St. Lucie, Inc.","Reduced Reporter","Urban","DR","DO",0,0,0,0,0,0,0,0,0,0,0,0,0,0,0,0,0
"2409",40101,"City of Spartanburg South Carolina","Reduced Reporter","Urban","MB","DO",0,0,0,0,0,0,0,0,0,0,0,0,0,0,0,0,0
"2410",40101,"City of Spartanburg South Carolina","Reduced Reporter","Urban","MB","DO",0,0,0,0,0,0,0,0,0,0,0,0,0,0,124626,0,124626
"2411",40102,"Waccamaw Regional Transportation Authority","Reduced Reporter","Urban","DR","DO",0,0,0,0,0,0,0,0,0,0,0,0,0,0,0,0,0
"2412",40102,"Waccamaw Regional Transportation Authority","Reduced Reporter","Urban","DR","DO",0,0,0,0,0,0,0,0,0,0,0,0,0,0,43496,0,43496
"2413",40102,"Waccamaw Regional Transportation Authority","Reduced Reporter","Urban","MB","DO",0,0,0,0,0,0,0,0,0,0,0,0,0,0,0,0,0
"2414",40102,"Waccamaw Regional Transportation Authority","Reduced Reporter","Urban","MB","DO",0,0,0,0,0,0,0,0,0,0,0,0,0,0,371482,0,371482
"2415",40103,"Southeast Alabama Regional Planning and Development Commission","Reduced Reporter","Urban","DR","DO",0,0,0,0,0,0,0,0,0,0,0,0,0,0,0,0,0
"2416",40103,"Southeast Alabama Regional Planning and Development Commission","Reduced Reporter","Urban","DR","DO",0,0,0,0,0,0,0,0,0,0,0,0,0,0,69048,0,69048
"2417",40103,"Southeast Alabama Regional Planning and Development Commission","Reduced Reporter","Urban","DR","PT",0,0,0,0,0,0,0,0,0,0,0,0,0,0,0,0,0
"2418",40103,"Southeast Alabama Regional Planning and Development Commission","Reduced Reporter","Urban","DR","PT",0,0,0,0,0,0,0,0,0,0,0,0,0,0,0,0,0
"2419",40103,"Southeast Alabama Regional Planning and Development Commission","Reduced Reporter","Urban","DR","TX",0,0,0,0,0,0,0,0,0,0,0,0,0,0,0,0,0
"2420",40103,"Southeast Alabama Regional Planning and Development Commission","Reduced Reporter","Urban","DR","TX",0,0,0,0,0,0,0,0,0,0,0,0,0,0,0,0,0
"2421",40110,"Charleston Area Regional Transportation Authority","Full Reporter","Urban","DR","TN",0,0,0,0,0,0,0,0,0,0,0,0,0,0,36304,0,36304
"2422",40112,"City of San Juan","Reduced Reporter","Urban","MB","DO",0,0,0,0,0,0,0,0,0,0,0,0,0,0,0,0,0
"2423",40112,"City of San Juan","Reduced Reporter","Urban","MB","DO",0,0,0,0,0,0,0,0,0,0,0,0,0,0,0,0,0
"2424",40114,"Municipality of Aguada","Reduced Reporter","Urban","DR","DO",0,0,0,0,0,0,0,0,0,0,0,0,0,0,0,0,0
"2425",40114,"Municipality of Aguada","Reduced Reporter","Urban","DR","DO",0,0,0,0,0,0,0,0,0,0,0,0,0,0,0,0,0
"2426",40114,"Municipality of Aguada","Reduced Reporter","Urban","MB","DO",0,0,0,0,0,0,0,0,0,0,0,0,0,0,0,0,0
"2427",40114,"Municipality of Aguada","Reduced Reporter","Urban","MB","DO",0,0,0,0,0,0,0,0,0,0,0,0,0,0,0,0,0
"2428",40115,"Municipality of Caguas","Reduced Reporter","Urban","DR","DO",0,0,0,0,0,0,0,0,0,0,0,0,0,0,0,0,0
"2429",40115,"Municipality of Caguas","Reduced Reporter","Urban","DR","DO",0,0,0,0,0,0,0,0,0,0,0,0,0,0,0,0,0
"2430",40115,"Municipality of Caguas","Reduced Reporter","Urban","MB","DO",0,0,0,0,0,0,0,0,0,0,0,0,0,0,0,0,0
"2431",40115,"Municipality of Caguas","Reduced Reporter","Urban","MB","DO",0,0,0,0,0,0,0,0,0,0,0,0,0,0,0,0,0
"2432",40117,"Municipality of Vega Baja","Reduced Reporter","Urban","DR","DO",0,0,0,0,0,0,0,0,0,0,0,0,0,0,0,0,0
"2433",40117,"Municipality of Vega Baja","Reduced Reporter","Urban","DR","DO",0,0,0,0,0,0,0,0,0,0,0,0,0,0,0,0,0
"2434",40117,"Municipality of Vega Baja","Reduced Reporter","Urban","MB","DO",0,0,0,0,0,0,0,0,0,0,0,0,0,0,0,0,0
"2435",40117,"Municipality of Vega Baja","Reduced Reporter","Urban","MB","DO",0,0,0,0,0,0,0,0,0,0,0,0,0,0,0,0,0
"2436",40120,"City of Ocala, Florida","Reduced Reporter","Urban","MB","PT",0,0,0,0,0,0,0,0,0,0,0,0,0,0,0,0,0
"2437",40120,"City of Ocala, Florida","Reduced Reporter","Urban","MB","PT",0,0,0,0,0,0,0,0,0,0,0,0,0,0,174506,0,174506
"2438",40121,"Municipality of Hormigueros","Reduced Reporter","Urban","DR","DO",0,0,0,0,0,0,0,0,0,0,0,0,0,0,0,0,0
"2439",40121,"Municipality of Hormigueros","Reduced Reporter","Urban","DR","DO",0,0,0,0,0,0,0,0,0,0,0,0,0,0,0,0,0
"2440",40121,"Municipality of Hormigueros","Reduced Reporter","Urban","MB","DO",0,0,0,0,0,0,0,0,0,0,0,0,0,0,0,0,0
"2441",40121,"Municipality of Hormigueros","Reduced Reporter","Urban","MB","DO",0,0,0,0,0,0,0,0,0,0,0,0,0,0,0,0,0
"2442",40122,"Municipality of Cayey","Reduced Reporter","Urban","DR","DO",0,0,0,0,0,0,0,0,0,0,0,0,0,0,0,0,0
"2443",40122,"Municipality of Cayey","Reduced Reporter","Urban","DR","DO",0,0,0,0,0,0,0,0,0,0,0,0,0,0,0,0,0
"2444",40122,"Municipality of Cayey","Reduced Reporter","Urban","MB","DO",0,0,0,0,0,0,0,0,0,0,0,0,0,0,0,0,0
"2445",40122,"Municipality of Cayey","Reduced Reporter","Urban","MB","DO",0,0,0,0,0,0,0,0,0,0,0,0,0,0,0,0,0
"2446",40123,"Municipality of Gurabo","Reduced Reporter","Urban","DR","DO",0,0,0,0,0,0,0,0,0,0,0,0,0,0,0,0,0
"2447",40123,"Municipality of Gurabo","Reduced Reporter","Urban","DR","DO",0,0,0,0,0,0,0,0,0,0,0,0,0,0,0,0,0
"2448",40123,"Municipality of Gurabo","Reduced Reporter","Urban","MB","DO",0,0,0,0,0,0,0,0,0,0,0,0,0,0,0,0,0
"2449",40123,"Municipality of Gurabo","Reduced Reporter","Urban","MB","DO",0,0,0,0,0,0,0,0,0,0,0,0,0,0,0,0,0
"2450",40124,"Municipality of Cidra","Reduced Reporter","Urban","DR","DO",0,0,0,0,0,0,0,0,0,0,0,0,0,0,0,0,0
"2451",40124,"Municipality of Cidra","Reduced Reporter","Urban","DR","DO",0,0,0,0,0,0,0,0,0,0,0,0,0,0,0,0,0
"2452",40124,"Municipality of Cidra","Reduced Reporter","Urban","MB","DO",0,0,0,0,0,0,0,0,0,0,0,0,0,0,0,0,0
"2453",40124,"Municipality of Cidra","Reduced Reporter","Urban","MB","DO",0,0,0,0,0,0,0,0,0,0,0,0,0,0,0,0,0
"2454",40125,"Municipality of Carolina","Reduced Reporter","Urban","DR","DO",0,0,0,0,0,0,0,0,0,0,0,0,0,0,0,0,0
"2455",40125,"Municipality of Carolina","Reduced Reporter","Urban","DR","DO",0,0,0,0,0,0,0,0,0,0,0,0,0,0,0,0,0
"2456",40125,"Municipality of Carolina","Reduced Reporter","Urban","MB","DO",0,0,0,0,0,0,0,0,0,0,0,0,0,0,0,0,0
"2457",40125,"Municipality of Carolina","Reduced Reporter","Urban","MB","DO",0,0,0,0,0,0,0,0,0,0,0,0,0,0,0,0,0
"2458",40126,"Municipality of Humacao","Reduced Reporter","Urban","DR","DO",0,0,0,0,0,0,0,0,0,0,0,0,0,0,0,0,0
"2459",40126,"Municipality of Humacao","Reduced Reporter","Urban","DR","DO",0,0,0,0,0,0,0,0,0,0,0,0,0,0,0,0,0
"2460",40126,"Municipality of Humacao","Reduced Reporter","Urban","MB","DO",0,0,0,0,0,0,0,0,0,0,0,0,0,0,0,0,0
"2461",40126,"Municipality of Humacao","Reduced Reporter","Urban","MB","DO",0,0,0,0,0,0,0,0,0,0,0,0,0,0,0,0,0
"2462",40130,"Macon-Bibb County Transit Authority","Reduced Reporter","Urban","DR","DO",0,0,0,0,0,0,0,0,0,0,0,0,0,0,0,0,0
"2463",40130,"Macon-Bibb County Transit Authority","Reduced Reporter","Urban","DR","DO",0,0,0,0,0,0,0,0,0,0,0,0,0,0,110648,0,110648
"2464",40130,"Macon-Bibb County Transit Authority","Reduced Reporter","Urban","MB","DO",0,0,0,0,0,0,0,0,0,0,0,0,0,0,0,0,0
"2465",40130,"Macon-Bibb County Transit Authority","Reduced Reporter","Urban","MB","DO",0,0,0,0,0,0,0,0,0,0,0,0,0,0,487144,0,487144
"2466",40131,"Davidson County","Reduced Reporter","Urban","DR","PT",0,0,0,0,0,0,0,0,0,0,0,0,0,0,0,0,0
"2467",40131,"Davidson County","Reduced Reporter","Urban","DR","PT",0,0,0,0,0,0,0,0,0,0,0,0,0,0,0,0,0
"2468",40131,"Davidson County","Reduced Reporter","Urban","MB","DO",0,0,0,0,0,0,0,0,0,0,0,0,0,0,0,0,0
"2469",40131,"Davidson County","Reduced Reporter","Urban","MB","DO",0,0,0,0,0,0,0,0,0,0,0,0,0,0,0,0,0
"2470",40132,"Goldsboro-Wayne Transportation Authority","Reduced Reporter","Urban","DR","DO",0,0,0,0,0,0,0,0,0,0,0,0,0,0,0,0,0
"2471",40132,"Goldsboro-Wayne Transportation Authority","Reduced Reporter","Urban","DR","DO",0,0,0,0,0,0,0,0,0,0,0,0,0,0,62078,222571,284649
"2472",40132,"Goldsboro-Wayne Transportation Authority","Reduced Reporter","Urban","MB","DO",0,0,0,0,0,0,0,0,0,0,0,0,0,0,0,0,0
"2473",40132,"Goldsboro-Wayne Transportation Authority","Reduced Reporter","Urban","MB","DO",0,0,0,0,0,0,0,0,0,0,0,0,0,0,96452,2931,99383
"2474",40133,"Guilford County","Reduced Reporter","Urban","DR","DO",0,0,0,0,0,0,0,0,0,0,0,0,0,0,0,0,0
"2475",40133,"Guilford County","Reduced Reporter","Urban","DR","DO",0,0,0,0,0,0,0,0,0,0,0,0,0,0,11930,0,11930
"2476",40137,"Municipality of Bayamon","Reduced Reporter","Urban","DR","DO",0,0,0,0,0,0,0,0,0,0,0,0,0,0,0,0,0
"2477",40137,"Municipality of Bayamon","Reduced Reporter","Urban","DR","DO",0,0,0,0,0,0,0,0,0,0,0,0,0,0,0,0,0
"2478",40137,"Municipality of Bayamon","Reduced Reporter","Urban","MB","DO",0,0,0,0,0,0,0,0,0,0,0,0,0,0,0,0,0
"2479",40137,"Municipality of Bayamon","Reduced Reporter","Urban","MB","DO",0,0,0,0,0,0,0,0,0,0,0,0,0,0,0,0,0
"2480",40141,"Central Midlands Regional Transportation Authority","Full Reporter","Urban","DR","TN",0,0,0,0,0,0,0,0,0,0,0,0,0,0,669450,0,669450
"2481",40143,"Town of Cary","Reduced Reporter","Urban","DR","PT",0,0,0,0,0,0,0,0,0,0,0,0,0,0,0,0,0
"2482",40143,"Town of Cary","Reduced Reporter","Urban","DR","PT",0,0,0,0,0,0,0,0,0,0,0,0,0,0,63346,7133,70479
"2483",40143,"Town of Cary","Reduced Reporter","Urban","MB","PT",0,0,0,0,0,0,0,0,0,0,0,0,0,0,0,0,0
"2484",40143,"Town of Cary","Reduced Reporter","Urban","MB","PT",0,0,0,0,0,0,0,0,0,0,0,0,0,0,5,0,5
"2485",40144,"City of Gainesville","Reduced Reporter","Urban","DR","DO",0,0,0,0,0,0,0,0,0,0,0,0,0,0,0,0,0
"2486",40144,"City of Gainesville","Reduced Reporter","Urban","DR","DO",0,0,0,0,0,0,0,0,0,0,0,0,0,0,217264,0,217264
"2487",40144,"City of Gainesville","Reduced Reporter","Urban","MB","DO",0,0,0,0,0,0,0,0,0,0,0,0,0,0,0,0,0
"2488",40144,"City of Gainesville","Reduced Reporter","Urban","MB","DO",0,0,0,0,0,0,0,0,0,0,0,0,0,0,0,0,0
"2489",40145,"Municipality of Manati","Reduced Reporter","Urban","DR","DO",0,0,0,0,0,0,0,0,0,0,0,0,0,0,0,0,0
"2490",40145,"Municipality of Manati","Reduced Reporter","Urban","DR","DO",0,0,0,0,0,0,0,0,0,0,0,0,0,0,0,0,0
"2491",40145,"Municipality of Manati","Reduced Reporter","Urban","MB","DO",0,0,0,0,0,0,0,0,0,0,0,0,0,0,0,0,0
"2492",40145,"Municipality of Manati","Reduced Reporter","Urban","MB","DO",0,0,0,0,0,0,0,0,0,0,0,0,0,0,0,0,0
"2493",40146,"Hernando County Board of County Commissioners","Reduced Reporter","Urban","DR","PT",0,0,0,0,0,0,0,0,0,0,0,0,0,0,0,0,0
"2494",40146,"Hernando County Board of County Commissioners","Reduced Reporter","Urban","DR","PT",0,0,0,0,0,0,0,0,0,0,0,0,0,0,16558,0,16558
"2495",40146,"Hernando County Board of County Commissioners","Reduced Reporter","Urban","MB","PT",0,0,0,0,0,0,0,0,0,0,0,0,0,0,0,0,0
"2496",40146,"Hernando County Board of County Commissioners","Reduced Reporter","Urban","MB","PT",0,0,0,0,0,0,0,0,0,0,0,0,0,0,115916,630,116546
"2497",40150,"Municipality of Barceloneta","Reduced Reporter","Urban","DR","DO",0,0,0,0,0,0,0,0,0,0,0,0,0,0,0,0,0
"2498",40150,"Municipality of Barceloneta","Reduced Reporter","Urban","DR","DO",0,0,0,0,0,0,0,0,0,0,0,0,0,0,0,0,0
"2499",40150,"Municipality of Barceloneta","Reduced Reporter","Urban","MB","DO",0,0,0,0,0,0,0,0,0,0,0,0,0,0,0,0,0
"2500",40150,"Municipality of Barceloneta","Reduced Reporter","Urban","MB","DO",0,0,0,0,0,0,0,0,0,0,0,0,0,0,0,0,0
"2501",40151,"Municipality of Hatillo","Reduced Reporter","Urban","DR","DO",0,0,0,0,0,0,0,0,0,0,0,0,0,0,0,0,0
"2502",40151,"Municipality of Hatillo","Reduced Reporter","Urban","DR","DO",0,0,0,0,0,0,0,0,0,0,0,0,0,0,0,0,0
"2503",40151,"Municipality of Hatillo","Reduced Reporter","Urban","MB","DO",0,0,0,0,0,0,0,0,0,0,0,0,0,0,0,0,0
"2504",40151,"Municipality of Hatillo","Reduced Reporter","Urban","MB","DO",0,0,0,0,0,0,0,0,0,0,0,0,0,0,0,0,0
"2505",40155,"St Johns County, Florida","Reduced Reporter","Urban","DR","DO",0,0,0,0,0,0,0,0,0,0,0,0,0,0,0,0,0
"2506",40155,"St Johns County, Florida","Reduced Reporter","Urban","DR","DO",0,0,0,0,0,0,0,0,0,0,0,0,0,0,32866,68053,100919
"2507",40155,"St Johns County, Florida","Reduced Reporter","Urban","MB","DO",0,0,0,0,0,0,0,0,0,0,0,0,0,0,0,0,0
"2508",40155,"St Johns County, Florida","Reduced Reporter","Urban","MB","DO",0,0,0,0,0,0,0,0,0,0,0,0,0,0,56698,0,56698
"2509",40156,"Lower Savannah COG","Reduced Reporter","Urban","DR","PT",0,0,0,0,0,0,0,0,0,0,0,0,0,0,0,0,0
"2510",40156,"Lower Savannah COG","Reduced Reporter","Urban","DR","PT",0,0,0,0,0,0,0,0,0,0,0,0,0,0,9768,0,9768
"2511",40156,"Lower Savannah COG","Reduced Reporter","Urban","MB","PT",0,0,0,0,0,0,0,0,0,0,0,0,0,0,0,0,0
"2512",40156,"Lower Savannah COG","Reduced Reporter","Urban","MB","PT",0,0,0,0,0,0,0,0,0,0,0,0,0,0,22104,0,22104
"2513",40159,"Regional Transportation Authority","Full Reporter","Urban","MB","PT",0,0,0,0,0,0,0,0,0,0,0,0,0,0,50552,33076,83628
"2514",40160,"Municipality of Camuy","Reduced Reporter","Urban","DR","DO",0,0,0,0,0,0,0,0,0,0,0,0,0,0,0,0,0
"2515",40160,"Municipality of Camuy","Reduced Reporter","Urban","DR","DO",0,0,0,0,0,0,0,0,0,0,0,0,0,0,0,0,0
"2516",40160,"Municipality of Camuy","Reduced Reporter","Urban","MB","PT",0,0,0,0,0,0,0,0,0,0,0,0,0,0,0,0,0
"2517",40160,"Municipality of Camuy","Reduced Reporter","Urban","MB","PT",0,0,0,0,0,0,0,0,0,0,0,0,0,0,0,0,0
"2518",40161,"Cherokee County Board of Commissioners","Reduced Reporter","Urban","DR","DO",0,0,0,0,0,0,0,0,0,0,0,0,0,0,0,0,0
"2519",40161,"Cherokee County Board of Commissioners","Reduced Reporter","Urban","DR","DO",0,0,0,0,0,0,0,0,0,0,0,0,0,0,36898,103491,140389
"2520",40161,"Cherokee County Board of Commissioners","Reduced Reporter","Urban","MB","DO",0,0,0,0,0,0,0,0,0,0,0,0,0,0,0,0,0
"2521",40161,"Cherokee County Board of Commissioners","Reduced Reporter","Urban","MB","DO",0,0,0,0,0,0,0,0,0,0,0,0,0,0,8624,125,8749
"2522",40162,"Franklin Transit Authority","Reduced Reporter","Urban","DR","PT",0,0,0,0,0,0,0,0,0,0,0,0,0,0,0,0,0
"2523",40162,"Franklin Transit Authority","Reduced Reporter","Urban","DR","PT",0,0,0,0,0,0,0,0,0,0,0,0,0,0,40423,0,40423
"2524",40162,"Franklin Transit Authority","Reduced Reporter","Urban","MB","PT",0,0,0,0,0,0,0,0,0,0,0,0,0,0,0,0,0
"2525",40162,"Franklin Transit Authority","Reduced Reporter","Urban","MB","PT",0,0,0,0,0,0,0,0,0,0,0,0,0,0,44026,0,44026
"2526",40163,"Municipality of Catano","Reduced Reporter","Urban","DR","DO",0,0,0,0,0,0,0,0,0,0,0,0,0,0,0,0,0
"2527",40163,"Municipality of Catano","Reduced Reporter","Urban","DR","DO",0,0,0,0,0,0,0,0,0,0,0,0,0,0,0,0,0
"2528",40163,"Municipality of Catano","Reduced Reporter","Urban","MB","DO",0,0,0,0,0,0,0,0,0,0,0,0,0,0,0,0,0
"2529",40163,"Municipality of Catano","Reduced Reporter","Urban","MB","DO",0,0,0,0,0,0,0,0,0,0,0,0,0,0,0,0,0
"2530",40164,"Municipality of Fajardo","Reduced Reporter","Urban","DR","DO",0,0,0,0,0,0,0,0,0,0,0,0,0,0,0,0,0
"2531",40164,"Municipality of Fajardo","Reduced Reporter","Urban","DR","DO",0,0,0,0,0,0,0,0,0,0,0,0,0,0,0,0,0
"2532",40164,"Municipality of Fajardo","Reduced Reporter","Urban","MB","DO",0,0,0,0,0,0,0,0,0,0,0,0,0,0,0,0,0
"2533",40164,"Municipality of Fajardo","Reduced Reporter","Urban","MB","DO",0,0,0,0,0,0,0,0,0,0,0,0,0,0,0,0,0
"2534",40165,"Municipality of Juncos","Reduced Reporter","Urban","DR","DO",0,0,0,0,0,0,0,0,0,0,0,0,0,0,0,0,0
"2535",40165,"Municipality of Juncos","Reduced Reporter","Urban","DR","DO",0,0,0,0,0,0,0,0,0,0,0,0,0,0,0,0,0
"2536",40165,"Municipality of Juncos","Reduced Reporter","Urban","MB","DO",0,0,0,0,0,0,0,0,0,0,0,0,0,0,0,0,0
"2537",40165,"Municipality of Juncos","Reduced Reporter","Urban","MB","DO",0,0,0,0,0,0,0,0,0,0,0,0,0,0,0,0,0
"2538",40166,"City of Jacksonville","Reduced Reporter","Urban","MB","DO",0,0,0,0,0,0,0,0,0,0,0,0,0,0,0,0,0
"2539",40166,"City of Jacksonville","Reduced Reporter","Urban","MB","DO",0,0,0,0,0,0,0,0,0,0,0,0,0,0,182052,0,182052
"2540",40167,"City of Concord","Reduced Reporter","Urban","DR","PT",0,0,0,0,0,0,0,0,0,0,0,0,0,0,0,0,0
"2541",40167,"City of Concord","Reduced Reporter","Urban","DR","PT",0,0,0,0,0,0,0,0,0,0,0,0,0,0,23330,0,23330
"2542",40167,"City of Concord","Reduced Reporter","Urban","MB","PT",0,0,0,0,0,0,0,0,0,0,0,0,0,0,0,0,0
"2543",40167,"City of Concord","Reduced Reporter","Urban","MB","PT",0,0,0,0,0,0,0,0,0,0,0,0,0,0,195161,0,195161
"2544",40170,"Southeast Tennessee Human Resource Agency","Reduced Reporter","Urban","DR","DO",0,0,0,0,0,0,0,0,0,0,0,0,0,0,0,0,0
"2545",40170,"Southeast Tennessee Human Resource Agency","Reduced Reporter","Urban","DR","DO",0,0,0,0,0,0,0,0,0,0,0,0,0,0,9653,0,9653
"2546",40170,"Southeast Tennessee Human Resource Agency","Reduced Reporter","Urban","MB","DO",0,0,0,0,0,0,0,0,0,0,0,0,0,0,0,0,0
"2547",40170,"Southeast Tennessee Human Resource Agency","Reduced Reporter","Urban","MB","DO",0,0,0,0,0,0,0,0,0,0,0,0,0,0,16752,0,16752
"2548",40174,"Municipality of Yauco","Reduced Reporter","Urban","DR","DO",0,0,0,0,0,0,0,0,0,0,0,0,0,0,0,0,0
"2549",40174,"Municipality of Yauco","Reduced Reporter","Urban","DR","DO",0,0,0,0,0,0,0,0,0,0,0,0,0,0,0,0,0
"2550",40174,"Municipality of Yauco","Reduced Reporter","Urban","MB","DO",0,0,0,0,0,0,0,0,0,0,0,0,0,0,0,0,0
"2551",40174,"Municipality of Yauco","Reduced Reporter","Urban","MB","DO",0,0,0,0,0,0,0,0,0,0,0,0,0,0,0,0,0
"2552",40178,"The Transportation Management Association Group","Full Reporter","Urban","DR","PT",0,0,0,0,0,0,0,0,0,0,0,0,0,0,40423,0,40423
"2553",40178,"The Transportation Management Association Group","Full Reporter","Urban","MB","PT",0,0,0,0,0,0,0,0,0,0,0,0,0,0,44026,0,44026
"2554",40178,"The Transportation Management Association Group","Full Reporter","Urban","VP","PT",0,0,0,0,0,0,0,0,0,0,0,0,0,0,109794,0,109794
"2555",40181,"Henry County","Reduced Reporter","Urban","DR","DO",0,0,0,0,0,0,0,0,0,0,0,0,0,0,0,0,0
"2556",40181,"Henry County","Reduced Reporter","Urban","DR","DO",0,0,0,0,0,0,0,0,0,0,0,0,0,0,81143,0,81143
"2557",40182,"Municipality of Toa Baja","Reduced Reporter","Urban","DR","DO",0,0,0,0,0,0,0,0,0,0,0,0,0,0,0,0,0
"2558",40182,"Municipality of Toa Baja","Reduced Reporter","Urban","DR","DO",0,0,0,0,0,0,0,0,0,0,0,0,0,0,0,0,0
"2559",40182,"Municipality of Toa Baja","Reduced Reporter","Urban","MB","DO",0,0,0,0,0,0,0,0,0,0,0,0,0,0,0,0,0
"2560",40182,"Municipality of Toa Baja","Reduced Reporter","Urban","MB","DO",0,0,0,0,0,0,0,0,0,0,0,0,0,0,0,0,0
"2561",40183,"Municipality of San Sebastian","Reduced Reporter","Urban","DR","DO",0,0,0,0,0,0,0,0,0,0,0,0,0,0,0,0,0
"2562",40183,"Municipality of San Sebastian","Reduced Reporter","Urban","DR","DO",0,0,0,0,0,0,0,0,0,0,0,0,0,0,0,0,0
"2563",40183,"Municipality of San Sebastian","Reduced Reporter","Urban","MB","DO",0,0,0,0,0,0,0,0,0,0,0,0,0,0,0,0,0
"2564",40183,"Municipality of San Sebastian","Reduced Reporter","Urban","MB","DO",0,0,0,0,0,0,0,0,0,0,0,0,0,0,0,0,0
"2565",40184,"City of Bowling Green","Reduced Reporter","Urban","DR","PT",0,0,0,0,0,0,0,0,0,0,0,0,0,0,1670,0,1670
"2566",40184,"City of Bowling Green","Reduced Reporter","Urban","DR","PT",0,0,0,0,0,0,0,0,0,0,0,0,0,0,1670,0,1670
"2567",40184,"City of Bowling Green","Reduced Reporter","Urban","MB","PT",0,0,0,0,0,0,0,0,0,0,0,0,0,0,798,0,798
"2568",40184,"City of Bowling Green","Reduced Reporter","Urban","MB","PT",0,0,0,0,0,0,0,0,0,0,0,0,0,0,798,0,798
"2569",40186,"City of Murfreesboro","Reduced Reporter","Urban","MB","DO",0,0,0,0,0,0,0,0,0,0,0,0,0,0,0,0,0
"2570",40186,"City of Murfreesboro","Reduced Reporter","Urban","MB","DO",0,0,0,0,0,0,0,0,0,0,0,0,0,0,53201,0,53201
"2571",40187,"York County Council on Aging","Reduced Reporter","Urban","DR","DO",0,0,0,0,0,0,0,0,0,0,0,0,0,0,0,0,0
"2572",40187,"York County Council on Aging","Reduced Reporter","Urban","DR","DO",0,0,0,0,0,0,0,0,0,0,0,0,0,0,69932,0,69932
"2573",40188,"Government of the Virgin Islands","Reduced Reporter","Urban","DR","DO",0,0,0,0,0,0,0,0,0,0,0,0,0,0,0,0,0
"2574",40188,"Government of the Virgin Islands","Reduced Reporter","Urban","DR","DO",0,0,0,0,0,0,0,0,0,0,0,0,0,0,45609,0,45609
"2575",40188,"Government of the Virgin Islands","Reduced Reporter","Urban","MB","DO",0,0,0,0,0,0,0,0,0,0,0,0,0,0,0,0,0
"2576",40188,"Government of the Virgin Islands","Reduced Reporter","Urban","MB","DO",0,0,0,0,0,0,0,0,0,0,0,0,0,0,54391,0,54391
"2577",40190,"East Tennessee Human Resource Agency, Inc.","Reduced Reporter","Urban","DR","DO",0,0,0,0,0,0,0,0,0,0,0,0,0,0,0,0,0
"2578",40190,"East Tennessee Human Resource Agency, Inc.","Reduced Reporter","Urban","DR","DO",0,0,0,0,0,0,0,0,0,0,0,0,0,0,287305,1671918,1959223
"2579",40190,"East Tennessee Human Resource Agency, Inc.","Reduced Reporter","Urban","MB","DO",0,0,0,0,0,0,0,0,0,0,0,0,0,0,0,0,0
"2580",40190,"East Tennessee Human Resource Agency, Inc.","Reduced Reporter","Urban","MB","DO",0,0,0,0,0,0,0,0,0,0,0,0,0,0,23997,0,23997
"2581",40193,"City of Hinesville, Georgia","Reduced Reporter","Urban","DR","PT",0,0,0,0,0,0,0,0,0,0,0,0,0,0,0,0,0
"2582",40193,"City of Hinesville, Georgia","Reduced Reporter","Urban","DR","PT",0,0,0,0,0,0,0,0,0,0,0,0,0,0,5415,1600,7015
"2583",40193,"City of Hinesville, Georgia","Reduced Reporter","Urban","MB","PT",0,0,0,0,0,0,0,0,0,0,0,0,0,0,0,0,0
"2584",40193,"City of Hinesville, Georgia","Reduced Reporter","Urban","MB","PT",0,0,0,0,0,0,0,0,0,0,0,0,0,0,11509,0,11509
"2585",40194,"Municipality of Mayaguez","Reduced Reporter","Urban","DR","DO",0,0,0,0,0,0,0,0,0,0,0,0,0,0,0,0,0
"2586",40194,"Municipality of Mayaguez","Reduced Reporter","Urban","DR","DO",0,0,0,0,0,0,0,0,0,0,0,0,0,0,0,0,0
"2587",40194,"Municipality of Mayaguez","Reduced Reporter","Urban","MB","DO",0,0,0,0,0,0,0,0,0,0,0,0,0,0,0,0,0
"2588",40194,"Municipality of Mayaguez","Reduced Reporter","Urban","MB","DO",0,0,0,0,0,0,0,0,0,0,0,0,0,0,0,0,0
"2589",40194,"Municipality of Mayaguez","Reduced Reporter","Urban","MB","PT",0,0,0,0,0,0,0,0,0,0,0,0,0,0,0,0,0
"2590",40194,"Municipality of Mayaguez","Reduced Reporter","Urban","MB","PT",0,0,0,0,0,0,0,0,0,0,0,0,0,0,0,0,0
"2591",40195,"Municipality of San Lorenzo","Reduced Reporter","Urban","DR","DO",0,0,0,0,0,0,0,0,0,0,0,0,0,0,0,0,0
"2592",40195,"Municipality of San Lorenzo","Reduced Reporter","Urban","DR","DO",0,0,0,0,0,0,0,0,0,0,0,0,0,0,0,0,0
"2593",40195,"Municipality of San Lorenzo","Reduced Reporter","Urban","MB","DO",0,0,0,0,0,0,0,0,0,0,0,0,0,0,0,0,0
"2594",40195,"Municipality of San Lorenzo","Reduced Reporter","Urban","MB","DO",0,0,0,0,0,0,0,0,0,0,0,0,0,0,0,0,0
"2595",40197,"Municipality of Lares","Reduced Reporter","Urban","DR","DO",0,0,0,0,0,0,0,0,0,0,0,0,0,0,0,0,0
"2596",40197,"Municipality of Lares","Reduced Reporter","Urban","DR","DO",0,0,0,0,0,0,0,0,0,0,0,0,0,0,0,0,0
"2597",40197,"Municipality of Lares","Reduced Reporter","Urban","MB","DO",0,0,0,0,0,0,0,0,0,0,0,0,0,0,0,0,0
"2598",40197,"Municipality of Lares","Reduced Reporter","Urban","MB","DO",0,0,0,0,0,0,0,0,0,0,0,0,0,0,0,0,0
"2599",40198,"Municipality of Dorado","Reduced Reporter","Urban","DR","DO",0,0,0,0,0,0,0,0,0,0,0,0,0,0,0,0,0
"2600",40198,"Municipality of Dorado","Reduced Reporter","Urban","DR","DO",0,0,0,0,0,0,0,0,0,0,0,0,0,0,0,0,0
"2601",40198,"Municipality of Dorado","Reduced Reporter","Urban","MB","PT",0,0,0,0,0,0,0,0,0,0,0,0,0,0,0,0,0
"2602",40198,"Municipality of Dorado","Reduced Reporter","Urban","MB","PT",0,0,0,0,0,0,0,0,0,0,0,0,0,0,0,0,0
"2603",40199,"Autonomous Municipality of Vega Alta","Reduced Reporter","Urban","DR","DO",0,0,0,0,0,0,0,0,0,0,0,0,0,0,0,0,0
"2604",40199,"Autonomous Municipality of Vega Alta","Reduced Reporter","Urban","DR","DO",0,0,0,0,0,0,0,0,0,0,0,0,0,0,0,0,0
"2605",40199,"Autonomous Municipality of Vega Alta","Reduced Reporter","Urban","MB","DO",0,0,0,0,0,0,0,0,0,0,0,0,0,0,0,0,0
"2606",40199,"Autonomous Municipality of Vega Alta","Reduced Reporter","Urban","MB","DO",0,0,0,0,0,0,0,0,0,0,0,0,0,0,0,0,0
"2607",40201,"Municipality of Guaynabo","Reduced Reporter","Urban","DR","DO",0,0,0,0,0,0,0,0,0,0,0,0,0,0,0,0,0
"2608",40201,"Municipality of Guaynabo","Reduced Reporter","Urban","DR","DO",0,0,0,0,0,0,0,0,0,0,0,0,0,0,0,0,0
"2609",40201,"Municipality of Guaynabo","Reduced Reporter","Urban","MB","DO",0,0,0,0,0,0,0,0,0,0,0,0,0,0,0,0,0
"2610",40201,"Municipality of Guaynabo","Reduced Reporter","Urban","MB","DO",0,0,0,0,0,0,0,0,0,0,0,0,0,0,0,0,0
"2611",40204,"Mid-Cumberland Human Resource Agency","Reduced Reporter","Urban","DR","DO",0,0,0,0,0,0,0,0,0,0,0,0,0,0,0,0,0
"2612",40204,"Mid-Cumberland Human Resource Agency","Reduced Reporter","Urban","DR","DO",0,0,0,0,0,0,0,0,0,0,0,0,0,0,166338,43793,210131
"2613",40204,"Mid-Cumberland Human Resource Agency","Reduced Reporter","Urban","DR","PT",0,0,0,0,0,0,0,0,0,0,0,0,0,0,0,0,0
"2614",40204,"Mid-Cumberland Human Resource Agency","Reduced Reporter","Urban","DR","PT",0,0,0,0,0,0,0,0,0,0,0,0,0,0,0,0,0
"2615",40205,"The County of Iredell","Reduced Reporter","Urban","DR","DO",0,0,0,0,0,0,0,0,0,0,0,0,0,0,0,0,0
"2616",40205,"The County of Iredell","Reduced Reporter","Urban","DR","DO",0,0,0,0,0,0,0,0,0,0,0,0,0,0,40319,1032215,1072534
"2617",40205,"The County of Iredell","Reduced Reporter","Urban","MB","DO",0,0,0,0,0,0,0,0,0,0,0,0,0,0,0,0,0
"2618",40205,"The County of Iredell","Reduced Reporter","Urban","MB","DO",0,0,0,0,0,0,0,0,0,0,0,0,0,0,10079,164100,174179
"2619",40206,"Berkeley Charleston Dorchester RTMA","Reduced Reporter","Urban","MB","DO",0,0,0,0,0,0,0,0,0,0,0,0,0,0,0,0,0
"2620",40206,"Berkeley Charleston Dorchester RTMA","Reduced Reporter","Urban","MB","DO",0,0,0,0,0,0,0,0,0,0,0,0,0,0,79634,0,79634
"2621",40208,"City of Clemson","Reduced Reporter","Urban","MB","DO",0,0,0,0,0,0,0,0,0,0,0,0,0,0,0,0,0
"2622",40208,"City of Clemson","Reduced Reporter","Urban","MB","DO",0,0,0,0,0,0,0,0,0,0,0,0,0,0,0,0,0
"2623",40209,"Hoke County","Reduced Reporter","Urban","DR","DO",0,0,0,0,0,0,0,0,0,0,0,0,0,0,0,0,0
"2624",40209,"Hoke County","Reduced Reporter","Urban","DR","DO",0,0,0,0,0,0,0,0,0,0,0,0,0,0,54742,331326,386068
"2625",40210,"Craven County","Rural Reporter","Rural","DR","DO",0,0,0,0,0,0,0,0,0,0,0,0,0,0,0,0,0
"2626",40210,"Craven County","Rural Reporter","Rural","DR","DO",0,0,0,0,0,0,0,0,0,0,0,0,0,0,34459,0,34459
"2627",40210,"Craven County","Rural Reporter","Rural","MB","DO",0,0,0,0,0,0,0,0,0,0,0,0,0,0,0,0,0
"2628",40210,"Craven County","Rural Reporter","Rural","MB","DO",0,0,0,0,0,0,0,0,0,0,0,0,0,0,3981,0,3981
"2629",40213,"Autauga County","Reduced Reporter","Urban","DR","DO",0,0,0,0,0,0,0,0,0,0,0,0,0,0,0,0,0
"2630",40213,"Autauga County","Reduced Reporter","Urban","DR","DO",0,0,0,0,0,0,0,0,0,0,0,0,0,0,31158,21690,52848
"2631",40214,"Cabarrus County","Reduced Reporter","Urban","DR","DO",0,0,0,0,0,0,0,0,0,0,0,0,0,0,0,0,0
"2632",40214,"Cabarrus County","Reduced Reporter","Urban","DR","DO",0,0,0,0,0,0,0,0,0,0,0,0,0,0,1500,0,1500
"2633",40215,"Union County","Reduced Reporter","Urban","DR","DO",0,0,0,0,0,0,0,0,0,0,0,0,0,0,0,0,0
"2634",40215,"Union County","Reduced Reporter","Urban","DR","DO",0,0,0,0,0,0,0,0,0,0,0,0,0,0,4503,0,4503
"2635",40217,"Rowan County","Reduced Reporter","Urban","DR","DO",0,0,0,0,0,0,0,0,0,0,0,0,0,0,0,0,0
"2636",40217,"Rowan County","Reduced Reporter","Urban","DR","DO",0,0,0,0,0,0,0,0,0,0,0,0,0,0,5356,0,5356
"2637",40218,"City of La Grange","Rural Reporter","Rural","MB","DO",0,0,0,0,0,0,0,0,0,0,0,0,0,0,0,0,0
"2638",40218,"City of La Grange","Rural Reporter","Rural","MB","DO",0,0,0,0,0,0,0,0,0,0,0,0,0,0,3345,0,3345
"2639",40220,"Pitt County","Reduced Reporter","Urban","DR","DO",0,0,0,0,0,0,0,0,0,0,0,0,0,0,0,0,0
"2640",40220,"Pitt County","Reduced Reporter","Urban","DR","DO",0,0,0,0,0,0,0,0,0,0,0,0,0,0,77590,263577,341167
"2641",40221,"Gaston County","Reduced Reporter","Urban","DR","DO",0,0,0,0,0,0,0,0,0,0,0,0,0,0,0,0,0
"2642",40221,"Gaston County","Reduced Reporter","Urban","DR","DO",0,0,0,0,0,0,0,0,0,0,0,0,0,0,3802,205686,209488
"2643",40221,"Gaston County","Reduced Reporter","Urban","MB","DO",0,0,0,0,0,0,0,0,0,0,0,0,0,0,0,0,0
"2644",40221,"Gaston County","Reduced Reporter","Urban","MB","DO",0,0,0,0,0,0,0,0,0,0,0,0,0,0,423,0,423
"2645",40223,"Cumberland County","Reduced Reporter","Urban","DR","PT",0,0,0,0,0,0,0,0,0,0,0,0,0,0,0,0,0
"2646",40223,"Cumberland County","Reduced Reporter","Urban","DR","PT",0,0,0,0,0,0,0,0,0,0,0,0,0,0,35970,0,35970
"2647",40225,"Alamance County Transportation Authority","Reduced Reporter","Urban","DR","DO",0,0,0,0,0,0,0,0,0,0,0,0,0,0,0,0,0
"2648",40225,"Alamance County Transportation Authority","Reduced Reporter","Urban","DR","DO",0,0,0,0,0,0,0,0,0,0,0,0,0,0,0,0,0
"2649",40226,"Mountain Projects, Inc.","Rural Reporter","Rural","DR","DO",0,0,0,0,0,0,0,0,0,0,0,0,0,0,0,0,0
"2650",40226,"Mountain Projects, Inc.","Rural Reporter","Rural","DR","DO",0,0,0,0,0,0,0,0,0,0,0,0,0,0,8665,0,8665
"2651",40226,"Mountain Projects, Inc.","Rural Reporter","Rural","MB","DO",0,0,0,0,0,0,0,0,0,0,0,0,0,0,0,0,0
"2652",40226,"Mountain Projects, Inc.","Rural Reporter","Rural","MB","DO",0,0,0,0,0,0,0,0,0,0,0,0,0,0,8357,0,8357
"2653",40227,"Onslow United Transit System","Reduced Reporter","Urban","DR","DO",0,0,0,0,0,0,0,0,0,0,0,0,0,0,0,0,0
"2654",40227,"Onslow United Transit System","Reduced Reporter","Urban","DR","DO",0,0,0,0,0,0,0,0,0,0,0,0,0,0,22117,1046700,1068817
"2655",40228,"Mecklenburg County","Full Reporter","Urban","DR","TX",0,0,0,0,0,0,0,0,0,0,0,0,0,0,0,0,0
"2656",40229,"Henderson County","Reduced Reporter","Urban","DR","PT",0,0,0,0,0,0,0,0,0,0,0,0,0,0,0,0,0
"2657",40229,"Henderson County","Reduced Reporter","Urban","DR","PT",0,0,0,0,0,0,0,0,0,0,0,0,0,0,4291,0,4291
"2658",40229,"Henderson County","Reduced Reporter","Urban","MB","PT",0,0,0,0,0,0,0,0,0,0,0,0,0,0,0,0,0
"2659",40229,"Henderson County","Reduced Reporter","Urban","MB","PT",0,0,0,0,0,0,0,0,0,0,0,0,0,0,31296,0,31296
"2660",40231,"Orange County","Reduced Reporter","Urban","DR","DO",0,0,0,0,0,0,0,0,0,0,0,0,0,0,0,0,0
"2661",40231,"Orange County","Reduced Reporter","Urban","DR","DO",0,0,0,0,0,0,0,0,0,0,0,0,0,0,13521,37327,50848
"2662",40231,"Orange County","Reduced Reporter","Urban","MB","DO",0,0,0,0,0,0,0,0,0,0,0,0,0,0,0,0,0
"2663",40231,"Orange County","Reduced Reporter","Urban","MB","DO",0,0,0,0,0,0,0,0,0,0,0,0,0,0,14166,0,14166
"2664",40233,"City of Salisbury","Reduced Reporter","Urban","DR","DO",0,0,0,0,0,0,0,0,0,0,0,0,0,0,0,0,0
"2665",40233,"City of Salisbury","Reduced Reporter","Urban","DR","DO",0,0,0,0,0,0,0,0,0,0,0,0,0,0,11437,0,11437
"2666",40233,"City of Salisbury","Reduced Reporter","Urban","MB","DO",0,0,0,0,0,0,0,0,0,0,0,0,0,0,0,0,0
"2667",40233,"City of Salisbury","Reduced Reporter","Urban","MB","DO",0,0,0,0,0,0,0,0,0,0,0,0,0,0,39028,0,39028
"2668",40234,"Autonomous Municipality of Ponce","Reduced Reporter","Urban","DR","DO",0,0,0,0,0,0,0,0,0,0,0,0,0,0,0,0,0
"2669",40234,"Autonomous Municipality of Ponce","Reduced Reporter","Urban","DR","DO",0,0,0,0,0,0,0,0,0,0,0,0,0,0,0,0,0
"2670",40234,"Autonomous Municipality of Ponce","Reduced Reporter","Urban","MB","DO",0,0,0,0,0,0,0,0,0,0,0,0,0,0,0,0,0
"2671",40234,"Autonomous Municipality of Ponce","Reduced Reporter","Urban","MB","DO",0,0,0,0,0,0,0,0,0,0,0,0,0,0,0,0,0
"2672",40235,"Aiken Area Council on Aging, Inc.","Rural Reporter","Rural","DR","DO",0,0,0,0,0,0,0,0,0,0,0,0,0,0,0,0,0
"2673",40235,"Aiken Area Council on Aging, Inc.","Rural Reporter","Rural","DR","DO",0,0,0,0,0,0,0,0,0,0,0,0,0,0,0,583249,583249
"2674",40237,"Lancaster County Council on Aging","Reduced Reporter","Urban","DR","DO",0,0,0,0,0,0,0,0,0,0,0,0,0,0,0,0,0
"2675",40237,"Lancaster County Council on Aging","Reduced Reporter","Urban","DR","DO",0,0,0,0,0,0,0,0,0,0,0,0,0,0,53512,0,53512
"2676",40238,"City of Coconut Creek","Reduced Reporter","Urban","MB","DO",0,0,0,0,0,0,0,0,0,0,0,0,0,0,0,0,0
"2677",40238,"City of Coconut Creek","Reduced Reporter","Urban","MB","DO",0,0,0,0,0,0,0,0,0,0,0,0,0,0,0,0,0
"2678",40239,"City of Deerfield Beach","Reduced Reporter","Urban","MB","DO",0,0,0,0,0,0,0,0,0,0,0,0,0,0,0,0,0
"2679",40239,"City of Deerfield Beach","Reduced Reporter","Urban","MB","DO",0,0,0,0,0,0,0,0,0,0,0,0,0,0,0,0,0
"2680",40240,"City of Lighthouse Point","Reduced Reporter","Urban","MB","DO",0,0,0,0,0,0,0,0,0,0,0,0,0,0,0,0,0
"2681",40240,"City of Lighthouse Point","Reduced Reporter","Urban","MB","DO",0,0,0,0,0,0,0,0,0,0,0,0,0,0,0,0,0
"2682",40241,"City of Miramar","Reduced Reporter","Urban","DR","DO",0,0,0,0,0,0,0,0,0,0,0,0,0,0,0,0,0
"2683",40241,"City of Miramar","Reduced Reporter","Urban","DR","DO",0,0,0,0,0,0,0,0,0,0,0,0,0,0,0,0,0
"2684",40241,"City of Miramar","Reduced Reporter","Urban","MB","DO",0,0,0,0,0,0,0,0,0,0,0,0,0,0,0,0,0
"2685",40241,"City of Miramar","Reduced Reporter","Urban","MB","DO",0,0,0,0,0,0,0,0,0,0,0,0,0,0,0,0,0
"2686",40246,"Center for Pan Asian Community Services, Inc.","Reduced Reporter","Urban","DR","DO",0,0,0,0,0,0,0,0,0,0,0,0,0,0,0,0,0
"2687",40246,"Center for Pan Asian Community Services, Inc.","Reduced Reporter","Urban","DR","DO",0,0,0,0,0,0,0,0,0,0,0,0,0,0,0,0,0
"2688",40246,"Center for Pan Asian Community Services, Inc.","Reduced Reporter","Urban","MB","DO",0,0,0,0,0,0,0,0,0,0,0,0,0,0,0,0,0
"2689",40246,"Center for Pan Asian Community Services, Inc.","Reduced Reporter","Urban","MB","DO",0,0,0,0,0,0,0,0,0,0,0,0,0,0,0,0,0
"2690",40248,"Town of Hillsboro Beach","Reduced Reporter","Urban","MB","PT",0,0,0,0,0,0,0,0,0,0,0,0,0,0,0,0,0
"2691",40248,"Town of Hillsboro Beach","Reduced Reporter","Urban","MB","PT",0,0,0,0,0,0,0,0,0,0,0,0,0,0,0,0,0
"2692",40249,"City of Hallandale Beach","Reduced Reporter","Urban","MB","PT",0,0,0,0,0,0,0,0,0,0,0,0,0,0,0,0,0
"2693",40249,"City of Hallandale Beach","Reduced Reporter","Urban","MB","PT",0,0,0,0,0,0,0,0,0,0,0,0,0,0,0,0,0
"2694",40250,"City of Lauderdale Lakes","Reduced Reporter","Urban","MB","PT",0,0,0,0,0,0,0,0,0,0,0,0,0,0,0,0,0
"2695",40250,"City of Lauderdale Lakes","Reduced Reporter","Urban","MB","PT",0,0,0,0,0,0,0,0,0,0,0,0,0,0,0,0,0
"2696",40251,"City of Pembroke Pines","Reduced Reporter","Urban","MB","PT",0,0,0,0,0,0,0,0,0,0,0,0,0,0,0,0,0
"2697",40251,"City of Pembroke Pines","Reduced Reporter","Urban","MB","PT",0,0,0,0,0,0,0,0,0,0,0,0,0,0,0,0,0
"2698",40252,"City Of Burlington","Reduced Reporter","Urban","DR","PT",0,0,0,0,0,0,0,0,0,0,0,0,0,0,0,0,0
"2699",40252,"City Of Burlington","Reduced Reporter","Urban","DR","PT",0,0,0,0,0,0,0,0,0,0,0,0,0,0,0,0,0
"2700",40252,"City Of Burlington","Reduced Reporter","Urban","MB","PT",0,0,0,0,0,0,0,0,0,0,0,0,0,0,0,0,0
"2701",40252,"City Of Burlington","Reduced Reporter","Urban","MB","PT",0,0,0,0,0,0,0,0,0,0,0,0,0,0,0,0,0
"2702",40253,"City of Coral Springs","Reduced Reporter","Urban","MB","PT",0,0,0,0,0,0,0,0,0,0,0,0,0,0,0,0,0
"2703",40253,"City of Coral Springs","Reduced Reporter","Urban","MB","PT",0,0,0,0,0,0,0,0,0,0,0,0,0,0,0,0,0
"2704",40254,"City of Lauderhill","Reduced Reporter","Urban","MB","PT",0,0,0,0,0,0,0,0,0,0,0,0,0,0,0,0,0
"2705",40254,"City of Lauderhill","Reduced Reporter","Urban","MB","PT",0,0,0,0,0,0,0,0,0,0,0,0,0,0,0,0,0
"2706",40256,"City of Margate","Reduced Reporter","Urban","DR","DO",0,0,0,0,0,0,0,0,0,0,0,0,0,0,0,0,0
"2707",40256,"City of Margate","Reduced Reporter","Urban","DR","DO",0,0,0,0,0,0,0,0,0,0,0,0,0,0,0,0,0
"2708",40256,"City of Margate","Reduced Reporter","Urban","MB","PT",0,0,0,0,0,0,0,0,0,0,0,0,0,0,0,0,0
"2709",40256,"City of Margate","Reduced Reporter","Urban","MB","PT",0,0,0,0,0,0,0,0,0,0,0,0,0,0,0,0,0
"2710",40257,"City of Pompano Beach","Reduced Reporter","Urban","MB","PT",0,0,0,0,0,0,0,0,0,0,0,0,0,0,0,0,0
"2711",40257,"City of Pompano Beach","Reduced Reporter","Urban","MB","PT",0,0,0,0,0,0,0,0,0,0,0,0,0,0,0,0,0
"2712",40261,"City of Dania Beach","Reduced Reporter","Urban","MB","PT",0,0,0,0,0,0,0,0,0,0,0,0,0,0,0,0,0
"2713",40261,"City of Dania Beach","Reduced Reporter","Urban","MB","PT",0,0,0,0,0,0,0,0,0,0,0,0,0,0,0,0,0
"2714",40262,"Town of Davie","Reduced Reporter","Urban","MB","PT",0,0,0,0,0,0,0,0,0,0,0,0,0,0,0,0,0
"2715",40262,"Town of Davie","Reduced Reporter","Urban","MB","PT",0,0,0,0,0,0,0,0,0,0,0,0,0,0,0,0,0
"2716",40268,"Municipality of Ciales","Reduced Reporter","Urban","DR","DO",0,0,0,0,0,0,0,0,0,0,0,0,0,0,0,0,0
"2717",40268,"Municipality of Ciales","Reduced Reporter","Urban","DR","DO",0,0,0,0,0,0,0,0,0,0,0,0,0,0,0,0,0
"2718",40269,"Municipality of Añasco","Reduced Reporter","Urban","DR","DO",0,0,0,0,0,0,0,0,0,0,0,0,0,0,0,0,0
"2719",40269,"Municipality of Añasco","Reduced Reporter","Urban","DR","DO",0,0,0,0,0,0,0,0,0,0,0,0,0,0,0,0,0
"2720",40269,"Municipality of Añasco","Reduced Reporter","Urban","MB","DO",0,0,0,0,0,0,0,0,0,0,0,0,0,0,0,0,0
"2721",40269,"Municipality of Añasco","Reduced Reporter","Urban","MB","DO",0,0,0,0,0,0,0,0,0,0,0,0,0,0,0,0,0
"2722",40270,"City of Rock Hill","Reduced Reporter","Urban","DR","DO",0,0,0,0,0,0,0,0,0,0,0,0,0,0,0,0,0
"2723",40270,"City of Rock Hill","Reduced Reporter","Urban","DR","DO",0,0,0,0,0,0,0,0,0,0,0,0,0,0,0,0,0
"2724",40270,"City of Rock Hill","Reduced Reporter","Urban","DR","PT",0,0,0,0,0,0,0,0,0,0,0,0,0,0,0,0,0
"2725",40270,"City of Rock Hill","Reduced Reporter","Urban","DR","PT",0,0,0,0,0,0,0,0,0,0,0,0,0,0,0,0,0
"2726",40270,"City of Rock Hill","Reduced Reporter","Urban","MB","DO",0,0,0,0,0,0,0,0,0,0,0,0,0,0,0,0,0
"2727",40270,"City of Rock Hill","Reduced Reporter","Urban","MB","DO",0,0,0,0,0,0,0,0,0,0,0,0,0,0,0,0,0
"2728",40271,"Florida Department of Transportation, District 1 Office","Reduced Reporter","Urban","VP","PT",0,0,0,0,0,0,0,0,0,0,0,0,0,0,0,0,0
"2729",40271,"Florida Department of Transportation, District 1 Office","Reduced Reporter","Urban","VP","PT",0,0,0,0,0,0,0,0,0,0,0,0,0,0,291584,0,291584
"2730",40273,"Brevard Alzheimer's Foundation Inc.","Reduced Reporter","Urban","DR","DO",0,0,0,0,0,0,0,0,0,0,0,0,0,0,0,0,0
"2731",40273,"Brevard Alzheimer's Foundation Inc.","Reduced Reporter","Urban","DR","DO",0,0,0,0,0,0,0,0,0,0,0,0,0,0,28156,33543,61699
"2732",40274,"Town of Morrisville","Reduced Reporter","Urban","DR","PT",0,0,0,0,0,0,0,0,0,0,0,0,0,0,0,0,0
"2733",40274,"Town of Morrisville","Reduced Reporter","Urban","DR","PT",0,0,0,0,0,0,0,0,0,0,0,0,0,0,0,0,0
"2734",40275,"City of North Lauderdale","Reduced Reporter","Urban","MB","PT",0,0,0,0,0,0,0,0,0,0,0,0,0,0,0,0,0
"2735",40275,"City of North Lauderdale","Reduced Reporter","Urban","MB","PT",0,0,0,0,0,0,0,0,0,0,0,0,0,0,0,0,0
"2736",40276,"City of Valdosta","Reduced Reporter","Urban","DR","PT",0,0,0,0,0,0,0,0,0,0,0,0,0,0,0,0,0
"2737",40276,"City of Valdosta","Reduced Reporter","Urban","DR","PT",0,0,0,0,0,0,0,0,0,0,0,0,0,0,137291,0,137291
"2738",40277,"Town of Apex","Reduced Reporter","Urban","DR","PT",0,0,0,0,0,0,0,0,0,0,0,0,0,0,0,0,0
"2739",40277,"Town of Apex","Reduced Reporter","Urban","DR","PT",0,0,0,0,0,0,0,0,0,0,0,0,0,0,0,0,0
"2740",40277,"Town of Apex","Reduced Reporter","Urban","MB","PT",0,0,0,0,0,0,0,0,0,0,0,0,0,0,0,0,0
"2741",40277,"Town of Apex","Reduced Reporter","Urban","MB","PT",0,0,0,0,0,0,0,0,0,0,0,0,0,0,0,0,0
"2742",40903,"Macon County","Rural Reporter","Rural","DR","PT",0,0,0,0,0,0,0,0,0,0,0,0,0,0,0,0,0
"2743",40903,"Macon County","Rural Reporter","Rural","DR","PT",0,0,0,0,0,0,0,0,0,0,0,0,0,0,4936,0,4936
"2744",40904,"Rabun County","Rural Reporter","Rural","DR","DO",0,0,0,0,0,0,0,0,0,0,0,0,0,0,0,0,0
"2745",40904,"Rabun County","Rural Reporter","Rural","DR","DO",0,0,0,0,0,0,0,0,0,0,0,0,0,0,9501,0,9501
"2746",40905,"Three Rivers Regional Commission","Rural Reporter","Rural","DR","PT",0,0,0,0,0,0,0,0,0,0,0,0,0,0,0,0,0
"2747",40905,"Three Rivers Regional Commission","Rural Reporter","Rural","DR","PT",0,0,0,0,0,0,0,0,0,0,0,0,0,0,66516,0,66516
"2748",40907,"Blount County Commission","Rural Reporter","Rural","DR","DO",0,0,0,0,0,0,0,0,0,0,0,0,0,0,0,0,0
"2749",40907,"Blount County Commission","Rural Reporter","Rural","DR","DO",0,0,0,0,0,0,0,0,0,0,0,0,0,0,41787,0,41787
"2750",40908,"Heard County","Rural Reporter","Rural","DR","DO",0,0,0,0,0,0,0,0,0,0,0,0,0,0,0,0,0
"2751",40908,"Heard County","Rural Reporter","Rural","DR","DO",0,0,0,0,0,0,0,0,0,0,0,0,0,0,2426,0,2426
"2752",40909,"Middle Kentucky River Area Development Council, Inc.","Rural Reporter","Rural","DR","DO",0,0,0,0,0,0,0,0,0,0,0,0,0,0,0,0,0
"2753",40909,"Middle Kentucky River Area Development Council, Inc.","Rural Reporter","Rural","DR","DO",0,0,0,0,0,0,0,0,0,0,0,0,0,0,5297,0,5297
"2754",40910,"Peach County","Rural Reporter","Rural","DR","PT",0,0,0,0,0,0,0,0,0,0,0,0,0,0,0,0,0
"2755",40910,"Peach County","Rural Reporter","Rural","DR","PT",0,0,0,0,0,0,0,0,0,0,0,0,0,0,4685,0,4685
"2756",40912,"Crisp County","Rural Reporter","Rural","DR","PT",0,0,0,0,0,0,0,0,0,0,0,0,0,0,0,0,0
"2757",40912,"Crisp County","Rural Reporter","Rural","DR","PT",0,0,0,0,0,0,0,0,0,0,0,0,0,0,5580,0,5580
"2758",40913,"Graham County","Rural Reporter","Rural","DR","DO",0,0,0,0,0,0,0,0,0,0,0,0,0,0,0,0,0
"2759",40913,"Graham County","Rural Reporter","Rural","DR","DO",0,0,0,0,0,0,0,0,0,0,0,0,0,0,0,0,0
"2760",40915,"Duplin County","Rural Reporter","Rural","DR","DO",0,0,0,0,0,0,0,0,0,0,0,0,0,0,0,0,0
"2761",40915,"Duplin County","Rural Reporter","Rural","DR","DO",0,0,0,0,0,0,0,0,0,0,0,0,0,0,3872,0,3872
"2762",40918,"Wilkes Transportation Authority","Rural Reporter","Rural","DR","DO",0,0,0,0,0,0,0,0,0,0,0,0,0,0,0,0,0
"2763",40918,"Wilkes Transportation Authority","Rural Reporter","Rural","DR","DO",0,0,0,0,0,0,0,0,0,0,0,0,0,0,96912,0,96912
"2764",40918,"Wilkes Transportation Authority","Rural Reporter","Rural","MB","DO",0,0,0,0,0,0,0,0,0,0,0,0,0,0,0,0,0
"2765",40918,"Wilkes Transportation Authority","Rural Reporter","Rural","MB","DO",0,0,0,0,0,0,0,0,0,0,0,0,0,0,11525,0,11525
"2766",40920,"Ride Solution","Rural Reporter","Rural","DR","DO",0,0,0,0,0,0,0,0,0,0,0,0,0,0,0,0,0
"2767",40920,"Ride Solution","Rural Reporter","Rural","DR","DO",0,0,0,0,0,0,0,0,0,0,0,0,0,0,8778,164985,173763
"2768",40920,"Ride Solution","Rural Reporter","Rural","MB","DO",0,0,0,0,0,0,0,0,0,0,0,0,0,0,0,0,0
"2769",40920,"Ride Solution","Rural Reporter","Rural","MB","DO",0,0,0,0,0,0,0,0,0,0,0,0,0,0,0,0,0
"2770",40921,"Randolph County Senior Adult Association Inc.","Rural Reporter","Rural","DR","DO",0,0,0,0,0,0,0,0,0,0,0,0,0,0,0,0,0
"2771",40921,"Randolph County Senior Adult Association Inc.","Rural Reporter","Rural","DR","DO",0,0,0,0,0,0,0,0,0,0,0,0,0,0,20843,0,20843
"2772",40921,"Randolph County Senior Adult Association Inc.","Rural Reporter","Rural","DR","TX",0,0,0,0,0,0,0,0,0,0,0,0,0,0,0,0,0
"2773",40921,"Randolph County Senior Adult Association Inc.","Rural Reporter","Rural","DR","TX",0,0,0,0,0,0,0,0,0,0,0,0,0,0,0,0,0
"2774",40922,"South Central Community Action Agency, Inc.","Rural Reporter","Rural","DR","DO",0,0,0,0,0,0,0,0,0,0,0,0,0,0,0,0,0
"2775",40922,"South Central Community Action Agency, Inc.","Rural Reporter","Rural","DR","DO",0,0,0,0,0,0,0,0,0,0,0,0,0,0,7364,57712,65076
"2776",40923,"Liberty County Board of County Commissioners","Rural Reporter","Rural","DR","DO",0,0,0,0,0,0,0,0,0,0,0,0,0,0,0,0,0
"2777",40923,"Liberty County Board of County Commissioners","Rural Reporter","Rural","DR","DO",0,0,0,0,0,0,0,0,0,0,0,0,0,0,0,80679,80679
"2778",40924,"Warren County Commission","Rural Reporter","Rural","DR","DO",0,0,0,0,0,0,0,0,0,0,0,0,0,0,0,0,0
"2779",40924,"Warren County Commission","Rural Reporter","Rural","DR","DO",0,0,0,0,0,0,0,0,0,0,0,0,0,0,3554,0,3554
"2780",40925,"Pulaski County","Rural Reporter","Rural","DR","DO",0,0,0,0,0,0,0,0,0,0,0,0,0,0,0,0,0
"2781",40925,"Pulaski County","Rural Reporter","Rural","DR","DO",0,0,0,0,0,0,0,0,0,0,0,0,0,0,2950,0,2950
"2782",40926,"Escambia County Commission","Rural Reporter","Rural","DR","DO",0,0,0,0,0,0,0,0,0,0,0,0,0,0,0,0,0
"2783",40926,"Escambia County Commission","Rural Reporter","Rural","DR","DO",0,0,0,0,0,0,0,0,0,0,0,0,0,0,22983,0,22983
"2784",40929,"Rockingham County Council on Aging","Rural Reporter","Rural","DR","DO",0,0,0,0,0,0,0,0,0,0,0,0,0,0,0,0,0
"2785",40929,"Rockingham County Council on Aging","Rural Reporter","Rural","DR","DO",0,0,0,0,0,0,0,0,0,0,0,0,0,0,0,0,0
"2786",40929,"Rockingham County Council on Aging","Rural Reporter","Rural","MB","DO",0,0,0,0,0,0,0,0,0,0,0,0,0,0,0,0,0
"2787",40929,"Rockingham County Council on Aging","Rural Reporter","Rural","MB","DO",0,0,0,0,0,0,0,0,0,0,0,0,0,0,20645,0,20645
"2788",40931,"Baldwin County","Rural Reporter","Rural","DR","DO",0,0,0,0,0,0,0,0,0,0,0,0,0,0,0,0,0
"2789",40931,"Baldwin County","Rural Reporter","Rural","DR","DO",0,0,0,0,0,0,0,0,0,0,0,0,0,0,20058,0,20058
"2790",40933,"Sampson County","Rural Reporter","Rural","DR","DO",0,0,0,0,0,0,0,0,0,0,0,0,0,0,0,0,0
"2791",40933,"Sampson County","Rural Reporter","Rural","DR","DO",0,0,0,0,0,0,0,0,0,0,0,0,0,0,42615,0,42615
"2792",40934,"Polk County Transportation Authority","Rural Reporter","Rural","DR","DO",0,0,0,0,0,0,0,0,0,0,0,0,0,0,0,0,0
"2793",40934,"Polk County Transportation Authority","Rural Reporter","Rural","DR","DO",0,0,0,0,0,0,0,0,0,0,0,0,0,0,15816,0,15816
"2794",40936,"Wilkinson County Commission","Rural Reporter","Rural","DR","DO",0,0,0,0,0,0,0,0,0,0,0,0,0,0,0,0,0
"2795",40936,"Wilkinson County Commission","Rural Reporter","Rural","DR","DO",0,0,0,0,0,0,0,0,0,0,0,0,0,0,6708,0,6708
"2796",40938,"Pender Adult Services, Inc.","Rural Reporter","Rural","DR","DO",0,0,0,0,0,0,0,0,0,0,0,0,0,0,0,0,0
"2797",40938,"Pender Adult Services, Inc.","Rural Reporter","Rural","DR","DO",0,0,0,0,0,0,0,0,0,0,0,0,0,0,28479,0,28479
"2798",40941,"Rural Transit Enterprises Coordinated, Inc.","Rural Reporter","Rural","DR","DO",0,0,0,0,0,0,0,0,0,0,0,0,0,0,0,0,0
"2799",40941,"Rural Transit Enterprises Coordinated, Inc.","Rural Reporter","Rural","DR","DO",0,0,0,0,0,0,0,0,0,0,0,0,0,0,284487,0,284487
"2800",40942,"Lincoln County","Rural Reporter","Rural","DR","DO",0,0,0,0,0,0,0,0,0,0,0,0,0,0,0,0,0
"2801",40942,"Lincoln County","Rural Reporter","Rural","DR","DO",0,0,0,0,0,0,0,0,0,0,0,0,0,0,0,0,0
"2802",40943,"Community and Senior Services of Johnston County Inc.","Reduced Reporter","Urban","DR","DO",0,0,0,0,0,0,0,0,0,0,0,0,0,0,0,0,0
"2803",40943,"Community and Senior Services of Johnston County Inc.","Reduced Reporter","Urban","DR","DO",0,0,0,0,0,0,0,0,0,0,0,0,0,0,44763,2190317,2235080
"2804",40944,"Carteret County","Rural Reporter","Rural","DR","DO",0,0,0,0,0,0,0,0,0,0,0,0,0,0,0,0,0
"2805",40944,"Carteret County","Rural Reporter","Rural","DR","DO",0,0,0,0,0,0,0,0,0,0,0,0,0,0,75958,0,75958
"2806",40945,"Putnam County Commission","Rural Reporter","Rural","DR","DO",0,0,0,0,0,0,0,0,0,0,0,0,0,0,0,0,0
"2807",40945,"Putnam County Commission","Rural Reporter","Rural","DR","DO",0,0,0,0,0,0,0,0,0,0,0,0,0,0,22935,0,22935
"2808",40946,"Jones County","Rural Reporter","Rural","DR","PT",0,0,0,0,0,0,0,0,0,0,0,0,0,0,0,0,0
"2809",40946,"Jones County","Rural Reporter","Rural","DR","PT",0,0,0,0,0,0,0,0,0,0,0,0,0,0,5986,0,5986
"2810",40947,"Gates County","Rural Reporter","Rural","DR","DO",0,0,0,0,0,0,0,0,0,0,0,0,0,0,0,0,0
"2811",40947,"Gates County","Rural Reporter","Rural","DR","DO",0,0,0,0,0,0,0,0,0,0,0,0,0,0,4725,0,4725
"2812",40948,"Bluegrass Community Action Agency","Rural Reporter","Rural","DR","DO",0,0,0,0,0,0,0,0,0,0,0,0,0,0,0,0,0
"2813",40948,"Bluegrass Community Action Agency","Rural Reporter","Rural","DR","DO",0,0,0,0,0,0,0,0,0,0,0,0,0,0,159028,0,159028
"2814",40948,"Bluegrass Community Action Agency","Rural Reporter","Rural","MB","DO",0,0,0,0,0,0,0,0,0,0,0,0,0,0,0,0,0
"2815",40948,"Bluegrass Community Action Agency","Rural Reporter","Rural","MB","DO",0,0,0,0,0,0,0,0,0,0,0,0,0,0,0,0,0
"2816",40951,"Burke County","Rural Reporter","Rural","DR","DO",0,0,0,0,0,0,0,0,0,0,0,0,0,0,0,0,0
"2817",40951,"Burke County","Rural Reporter","Rural","DR","DO",0,0,0,0,0,0,0,0,0,0,0,0,0,0,21555,0,21555
"2818",40952,"Williamsburg County","Rural Reporter","Rural","CB","DO",0,0,0,0,0,0,0,0,0,0,0,0,0,0,0,0,0
"2819",40952,"Williamsburg County","Rural Reporter","Rural","CB","DO",0,0,0,0,0,0,0,0,0,0,0,0,0,0,88492,0,88492
"2820",40952,"Williamsburg County","Rural Reporter","Rural","DR","DO",0,0,0,0,0,0,0,0,0,0,0,0,0,0,0,0,0
"2821",40952,"Williamsburg County","Rural Reporter","Rural","DR","DO",0,0,0,0,0,0,0,0,0,0,0,0,0,0,8861,318724,327585
"2822",40953,"Pennyrile Allied Community Services, Inc.","Rural Reporter","Rural","DR","DO",0,0,0,0,0,0,0,0,0,0,0,0,0,0,0,0,0
"2823",40953,"Pennyrile Allied Community Services, Inc.","Rural Reporter","Rural","DR","DO",0,0,0,0,0,0,0,0,0,0,0,0,0,0,167358,0,167358
"2824",40953,"Pennyrile Allied Community Services, Inc.","Rural Reporter","Rural","MB","DO",0,0,0,0,0,0,0,0,0,0,0,0,0,0,0,0,0
"2825",40953,"Pennyrile Allied Community Services, Inc.","Rural Reporter","Rural","MB","DO",0,0,0,0,0,0,0,0,0,0,0,0,0,0,48067,0,48067
"2826",40954,"South Central Tennessee Development District","Reduced Reporter","Urban","DR","DO",0,0,0,0,0,0,0,0,0,0,0,0,0,0,0,0,0
"2827",40954,"South Central Tennessee Development District","Reduced Reporter","Urban","DR","DO",0,0,0,0,0,0,0,0,0,0,0,0,0,0,282610,1473699,1756309
"2828",40954,"South Central Tennessee Development District","Reduced Reporter","Urban","MB","DO",0,0,0,0,0,0,0,0,0,0,0,0,0,0,0,0,0
"2829",40954,"South Central Tennessee Development District","Reduced Reporter","Urban","MB","DO",0,0,0,0,0,0,0,0,0,0,0,0,0,0,35000,307934,342934
"2830",40955,"Hinds County Human Resource Agency","Rural Reporter","Rural","DR","DO",0,0,0,0,0,0,0,0,0,0,0,0,0,0,0,0,0
"2831",40955,"Hinds County Human Resource Agency","Rural Reporter","Rural","DR","DO",0,0,0,0,0,0,0,0,0,0,0,0,0,0,16857,0,16857
"2832",40956,"Dodge County","Rural Reporter","Rural","DR","DO",0,0,0,0,0,0,0,0,0,0,0,0,0,0,0,0,0
"2833",40956,"Dodge County","Rural Reporter","Rural","DR","DO",0,0,0,0,0,0,0,0,0,0,0,0,0,0,6569,0,6569
"2834",40957,"N-Route","Rural Reporter","Rural","DR","DO",0,0,0,0,0,0,0,0,0,0,0,0,0,0,0,0,0
"2835",40957,"N-Route","Rural Reporter","Rural","DR","DO",0,0,0,0,0,0,0,0,0,0,0,0,0,0,16871,0,16871
"2836",40958,"Municipality of Orocovis","Reduced Reporter","Urban","MB","DO",0,0,0,0,0,0,0,0,0,0,0,0,0,0,0,0,0
"2837",40958,"Municipality of Orocovis","Reduced Reporter","Urban","MB","DO",0,0,0,0,0,0,0,0,0,0,0,0,0,0,0,0,0
"2838",40959,"Washington County","Rural Reporter","Rural","DR","DO",0,0,0,0,0,0,0,0,0,0,0,0,0,0,0,0,0
"2839",40959,"Washington County","Rural Reporter","Rural","DR","DO",0,0,0,0,0,0,0,0,0,0,0,0,0,0,455,0,455
"2840",40960,"Etowah County Commission","Rural Reporter","Rural","DR","DO",0,0,0,0,0,0,0,0,0,0,0,0,0,0,0,0,0
"2841",40960,"Etowah County Commission","Rural Reporter","Rural","DR","DO",0,0,0,0,0,0,0,0,0,0,0,0,0,0,45236,0,45236
"2842",40961,"Lincoln County","Rural Reporter","Rural","DR","DO",0,0,0,0,0,0,0,0,0,0,0,0,0,0,0,0,0
"2843",40961,"Lincoln County","Rural Reporter","Rural","DR","DO",0,0,0,0,0,0,0,0,0,0,0,0,0,0,3222,0,3222
"2844",40963,"Madison County Commission","Rural Reporter","Rural","DR","DO",0,0,0,0,0,0,0,0,0,0,0,0,0,0,0,0,0
"2845",40963,"Madison County Commission","Rural Reporter","Rural","DR","DO",0,0,0,0,0,0,0,0,0,0,0,0,0,0,43800,0,43800
"2846",40965,"Cullman County Commission","Rural Reporter","Rural","DR","DO",0,0,0,0,0,0,0,0,0,0,0,0,0,0,0,0,0
"2847",40965,"Cullman County Commission","Rural Reporter","Rural","DR","DO",0,0,0,0,0,0,0,0,0,0,0,0,0,0,39600,0,39600
"2848",40968,"Gulf County ARC","Rural Reporter","Rural","DR","DO",0,0,0,0,0,0,0,0,0,0,0,0,0,0,0,0,0
"2849",40968,"Gulf County ARC","Rural Reporter","Rural","DR","DO",0,0,0,0,0,0,0,0,0,0,0,0,0,0,5816,0,5816
"2850",40969,"Madison County Citizens Services Agency","Rural Reporter","Rural","DR","DO",0,0,0,0,0,0,0,0,0,0,0,0,0,0,0,0,0
"2851",40969,"Madison County Citizens Services Agency","Rural Reporter","Rural","DR","DO",0,0,0,0,0,0,0,0,0,0,0,0,0,0,28140,8713,36853
"2852",40971,"Licking Valley CAP","Rural Reporter","Rural","DR","DO",0,0,0,0,0,0,0,0,0,0,0,0,0,0,0,0,0
"2853",40971,"Licking Valley CAP","Rural Reporter","Rural","DR","DO",0,0,0,0,0,0,0,0,0,0,0,0,0,0,107068,0,107068
"2854",40972,"Gateway Community Services Organization","Rural Reporter","Rural","DR","DO",0,0,0,0,0,0,0,0,0,0,0,0,0,0,0,0,0
"2855",40972,"Gateway Community Services Organization","Rural Reporter","Rural","DR","DO",0,0,0,0,0,0,0,0,0,0,0,0,0,0,3987,0,3987
"2856",40974,"Bamberg County Office On Aging","Rural Reporter","Rural","DR","DO",0,0,0,0,0,0,0,0,0,0,0,0,0,0,0,0,0
"2857",40974,"Bamberg County Office On Aging","Rural Reporter","Rural","DR","DO",0,0,0,0,0,0,0,0,0,0,0,0,0,0,57116,901059,958175
"2858",40976,"Madison County Transportation Authority","Rural Reporter","Rural","DR","DO",0,0,0,0,0,0,0,0,0,0,0,0,0,0,0,0,0
"2859",40976,"Madison County Transportation Authority","Rural Reporter","Rural","DR","DO",0,0,0,0,0,0,0,0,0,0,0,0,0,0,568,0,568
"2860",40977,"Jefferson County","Rural Reporter","Rural","DR","DO",0,0,0,0,0,0,0,0,0,0,0,0,0,0,0,0,0
"2861",40977,"Jefferson County","Rural Reporter","Rural","DR","DO",0,0,0,0,0,0,0,0,0,0,0,0,0,0,49732,0,49732
"2862",40978,"Upper-Cumberland Human Resource Agency","Rural Reporter","Rural","DR","DO",0,0,0,0,0,0,0,0,0,0,0,0,0,0,0,0,0
"2863",40978,"Upper-Cumberland Human Resource Agency","Rural Reporter","Rural","DR","DO",0,0,0,0,0,0,0,0,0,0,0,0,0,0,305966,0,305966
"2864",40978,"Upper-Cumberland Human Resource Agency","Rural Reporter","Rural","MB","DO",0,0,0,0,0,0,0,0,0,0,0,0,0,0,0,0,0
"2865",40978,"Upper-Cumberland Human Resource Agency","Rural Reporter","Rural","MB","DO",0,0,0,0,0,0,0,0,0,0,0,0,0,0,24751,0,24751
"2866",40979,"KY River Foothills Development Council, Inc.","Rural Reporter","Rural","DR","DO",0,0,0,0,0,0,0,0,0,0,0,0,0,0,0,0,0
"2867",40979,"KY River Foothills Development Council, Inc.","Rural Reporter","Rural","DR","DO",0,0,0,0,0,0,0,0,0,0,0,0,0,0,49006,0,49006
"2868",40979,"KY River Foothills Development Council, Inc.","Rural Reporter","Rural","MB","DO",0,0,0,0,0,0,0,0,0,0,0,0,0,0,0,0,0
"2869",40979,"KY River Foothills Development Council, Inc.","Rural Reporter","Rural","MB","DO",0,0,0,0,0,0,0,0,0,0,0,0,0,0,9275,0,9275
"2870",40982,"H.EL.P., Inc.","Rural Reporter","Rural","DR","DO",0,0,0,0,0,0,0,0,0,0,0,0,0,0,0,0,0
"2871",40982,"H.EL.P., Inc.","Rural Reporter","Rural","DR","DO",0,0,0,0,0,0,0,0,0,0,0,0,0,0,8627,0,8627
"2872",40983,"Rutherford County","Rural Reporter","Rural","DR","DO",0,0,0,0,0,0,0,0,0,0,0,0,0,0,0,0,0
"2873",40983,"Rutherford County","Rural Reporter","Rural","DR","DO",0,0,0,0,0,0,0,0,0,0,0,0,0,0,0,0,0
"2874",40983,"Rutherford County","Rural Reporter","Rural","MB","DO",0,0,0,0,0,0,0,0,0,0,0,0,0,0,0,0,0
"2875",40983,"Rutherford County","Rural Reporter","Rural","MB","DO",0,0,0,0,0,0,0,0,0,0,0,0,0,0,0,0,0
"2876",40984,"Western Carolina Community Action","Rural Reporter","Rural","DR","DO",0,0,0,0,0,0,0,0,0,0,0,0,0,0,0,0,0
"2877",40984,"Western Carolina Community Action","Rural Reporter","Rural","DR","DO",0,0,0,0,0,0,0,0,0,0,0,0,0,0,6135,0,6135
"2878",40985,"Banks County","Rural Reporter","Rural","DR","DO",0,0,0,0,0,0,0,0,0,0,0,0,0,0,0,0,0
"2879",40985,"Banks County","Rural Reporter","Rural","DR","DO",0,0,0,0,0,0,0,0,0,0,0,0,0,0,3145,0,3145
"2880",40986,"Dekalb County Commission","Rural Reporter","Rural","DR","DO",0,0,0,0,0,0,0,0,0,0,0,0,0,0,0,0,0
"2881",40986,"Dekalb County Commission","Rural Reporter","Rural","DR","DO",0,0,0,0,0,0,0,0,0,0,0,0,0,0,0,0,0
"2882",40987,"Copiah County Human Resource Agency","Rural Reporter","Rural","DR","DO",0,0,0,0,0,0,0,0,0,0,0,0,0,0,0,0,0
"2883",40987,"Copiah County Human Resource Agency","Rural Reporter","Rural","DR","DO",0,0,0,0,0,0,0,0,0,0,0,0,0,0,405,0,405
"2884",40988,"Edgefield County Senior Citizens Council","Rural Reporter","Rural","DR","DO",0,0,0,0,0,0,0,0,0,0,0,0,0,0,0,0,0
"2885",40988,"Edgefield County Senior Citizens Council","Rural Reporter","Rural","DR","DO",0,0,0,0,0,0,0,0,0,0,0,0,0,0,17570,260632,278202
"2886",40989,"Southeast Tennessee Human Resource Agency-Rural Division","Rural Reporter","Rural","DR","DO",0,0,0,0,0,0,0,0,0,0,0,0,0,0,0,0,0
"2887",40989,"Southeast Tennessee Human Resource Agency-Rural Division","Rural Reporter","Rural","DR","DO",0,0,0,0,0,0,0,0,0,0,0,0,0,0,180171,0,180171
"2888",40989,"Southeast Tennessee Human Resource Agency-Rural Division","Rural Reporter","Rural","MB","DO",0,0,0,0,0,0,0,0,0,0,0,0,0,0,0,0,0
"2889",40989,"Southeast Tennessee Human Resource Agency-Rural Division","Rural Reporter","Rural","MB","DO",0,0,0,0,0,0,0,0,0,0,0,0,0,0,4865,0,4865
"2890",40990,"Martin County","Rural Reporter","Rural","DR","DO",0,0,0,0,0,0,0,0,0,0,0,0,0,0,0,0,0
"2891",40990,"Martin County","Rural Reporter","Rural","DR","DO",0,0,0,0,0,0,0,0,0,0,0,0,0,0,11309,0,11309
"2892",40991,"Municipality of Utuado","Rural Reporter","Rural","MB","DO",0,0,0,0,0,0,0,0,0,0,0,0,0,0,0,0,0
"2893",40991,"Municipality of Utuado","Rural Reporter","Rural","MB","DO",0,0,0,0,0,0,0,0,0,0,0,0,0,0,0,0,0
"2894",40993,"Wilson County","Rural Reporter","Rural","DR","PT",0,0,0,0,0,0,0,0,0,0,0,0,0,0,0,0,0
"2895",40993,"Wilson County","Rural Reporter","Rural","DR","PT",0,0,0,0,0,0,0,0,0,0,0,0,0,0,54,0,54
"2896",40994,"Habersham County","Rural Reporter","Rural","DR","DO",0,0,0,0,0,0,0,0,0,0,0,0,0,0,0,0,0
"2897",40994,"Habersham County","Rural Reporter","Rural","DR","DO",0,0,0,0,0,0,0,0,0,0,0,0,0,0,7911,0,7911
"2898",40996,"Caswell County","Rural Reporter","Rural","DR","DO",0,0,0,0,0,0,0,0,0,0,0,0,0,0,1948,0,1948
"2899",40996,"Caswell County","Rural Reporter","Rural","DR","DO",0,0,0,0,0,0,0,0,0,0,0,0,0,0,0,0,0
"2900",40997,"Owen County Fiscal Court","Rural Reporter","Rural","DR","DO",0,0,0,0,0,0,0,0,0,0,0,0,0,0,0,0,0
"2901",40997,"Owen County Fiscal Court","Rural Reporter","Rural","DR","DO",0,0,0,0,0,0,0,0,0,0,0,0,0,0,13096,0,13096
"2902",40999,"Sumter County Board of County Commissioners","Reduced Reporter","Urban","DR","PT",0,0,0,0,0,0,0,0,0,0,0,0,0,0,0,0,0
"2903",40999,"Sumter County Board of County Commissioners","Reduced Reporter","Urban","DR","PT",0,0,0,0,0,0,0,0,0,0,0,0,0,0,16915,0,16915
"2904",40999,"Sumter County Board of County Commissioners","Reduced Reporter","Urban","MB","PT",0,0,0,0,0,0,0,0,0,0,0,0,0,0,0,0,0
"2905",40999,"Sumter County Board of County Commissioners","Reduced Reporter","Urban","MB","PT",0,0,0,0,0,0,0,0,0,0,0,0,0,0,732,0,732
"2906",41000,"Educational Center for Independence","Rural Reporter","Rural","DR","DO",0,0,0,0,0,0,0,0,0,0,0,0,0,0,0,0,0
"2907",41000,"Educational Center for Independence","Rural Reporter","Rural","DR","DO",0,0,0,0,0,0,0,0,0,0,0,0,0,0,13943,0,13943
"2908",41002,"Generations Unlimited","Rural Reporter","Rural","DR","DO",0,0,0,0,0,0,0,0,0,0,0,0,0,0,0,0,0
"2909",41002,"Generations Unlimited","Rural Reporter","Rural","DR","DO",0,0,0,0,0,0,0,0,0,0,0,0,0,0,48906,289245,338151
"2910",41003,"Fairfield County Transit System","Rural Reporter","Rural","DR","DO",0,0,0,0,0,0,0,0,0,0,0,0,0,0,0,0,0
"2911",41003,"Fairfield County Transit System","Rural Reporter","Rural","DR","DO",0,0,0,0,0,0,0,0,0,0,0,0,0,0,0,71150,71150
"2912",41003,"Fairfield County Transit System","Rural Reporter","Rural","MB","DO",0,0,0,0,0,0,0,0,0,0,0,0,0,0,0,0,0
"2913",41003,"Fairfield County Transit System","Rural Reporter","Rural","MB","DO",0,0,0,0,0,0,0,0,0,0,0,0,0,0,33136,0,33136
"2914",41004,"Chatham Transit Network","Rural Reporter","Rural","DR","DO",0,0,0,0,0,0,0,0,0,0,0,0,0,0,0,0,0
"2915",41004,"Chatham Transit Network","Rural Reporter","Rural","DR","DO",0,0,0,0,0,0,0,0,0,0,0,0,0,0,92876,0,92876
"2916",41006,"Sandy Valley Transportation Services","Rural Reporter","Rural","DR","DO",0,0,0,0,0,0,0,0,0,0,0,0,0,0,0,0,0
"2917",41006,"Sandy Valley Transportation Services","Rural Reporter","Rural","DR","DO",0,0,0,0,0,0,0,0,0,0,0,0,0,0,95680,0,95680
"2918",41007,"Dade County","Rural Reporter","Rural","DR","DO",0,0,0,0,0,0,0,0,0,0,0,0,0,0,0,0,0
"2919",41007,"Dade County","Rural Reporter","Rural","DR","DO",0,0,0,0,0,0,0,0,0,0,0,0,0,0,1844,0,1844
"2920",41008,"Jenkins County","Rural Reporter","Rural","DR","DO",0,0,0,0,0,0,0,0,0,0,0,0,0,0,0,0,0
"2921",41008,"Jenkins County","Rural Reporter","Rural","DR","DO",0,0,0,0,0,0,0,0,0,0,0,0,0,0,1480,0,1480
"2922",41009,"City of Guntersville","Rural Reporter","Rural","DR","DO",0,0,0,0,0,0,0,0,0,0,0,0,0,0,0,0,0
"2923",41009,"City of Guntersville","Rural Reporter","Rural","DR","DO",0,0,0,0,0,0,0,0,0,0,0,0,0,0,9440,0,9440
"2924",41010,"Person County","Rural Reporter","Rural","DR","DO",0,0,0,0,0,0,0,0,0,0,0,0,0,0,0,0,0
"2925",41010,"Person County","Rural Reporter","Rural","DR","DO",0,0,0,0,0,0,0,0,0,0,0,0,0,0,59114,0,59114
"2926",41010,"Person County","Rural Reporter","Rural","MB","DO",0,0,0,0,0,0,0,0,0,0,0,0,0,0,0,0,0
"2927",41010,"Person County","Rural Reporter","Rural","MB","DO",0,0,0,0,0,0,0,0,0,0,0,0,0,0,0,0,0
"2928",41012,"Chattooga County","Rural Reporter","Rural","DR","DO",0,0,0,0,0,0,0,0,0,0,0,0,0,0,0,0,0
"2929",41012,"Chattooga County","Rural Reporter","Rural","DR","DO",0,0,0,0,0,0,0,0,0,0,0,0,0,0,28713,0,28713
"2930",41013,"Paducah Transit Authority","Reduced Reporter","Urban","DR","DO",0,0,0,0,0,0,0,0,0,0,0,0,0,0,0,0,0
"2931",41013,"Paducah Transit Authority","Reduced Reporter","Urban","DR","DO",0,0,0,0,0,0,0,0,0,0,0,0,0,0,117207,891949,1009156
"2932",41013,"Paducah Transit Authority","Reduced Reporter","Urban","MB","DO",0,0,0,0,0,0,0,0,0,0,0,0,0,0,0,0,0
"2933",41013,"Paducah Transit Authority","Reduced Reporter","Urban","MB","DO",0,0,0,0,0,0,0,0,0,0,0,0,0,0,80898,0,80898
"2934",41017,"Dooly County","Rural Reporter","Rural","DR","PT",0,0,0,0,0,0,0,0,0,0,0,0,0,0,0,0,0
"2935",41017,"Dooly County","Rural Reporter","Rural","DR","PT",0,0,0,0,0,0,0,0,0,0,0,0,0,0,12317,0,12317
"2936",41019,"Troup County","Rural Reporter","Rural","DR","DO",0,0,0,0,0,0,0,0,0,0,0,0,0,0,0,0,0
"2937",41019,"Troup County","Rural Reporter","Rural","DR","DO",0,0,0,0,0,0,0,0,0,0,0,0,0,0,8935,0,8935
"2938",41020,"Delta Human Resource Agency","Rural Reporter","Rural","DR","DO",0,0,0,0,0,0,0,0,0,0,0,0,0,0,0,0,0
"2939",41020,"Delta Human Resource Agency","Rural Reporter","Rural","DR","DO",0,0,0,0,0,0,0,0,0,0,0,0,0,0,56093,0,56093
"2940",41021,"Elbert County","Rural Reporter","Rural","DR","DO",0,0,0,0,0,0,0,0,0,0,0,0,0,0,0,0,0
"2941",41021,"Elbert County","Rural Reporter","Rural","DR","DO",0,0,0,0,0,0,0,0,0,0,0,0,0,0,18285,0,18285
"2942",41022,"Newberry County Council on Aging","Rural Reporter","Rural","DR","DO",0,0,0,0,0,0,0,0,0,0,0,0,0,0,0,0,0
"2943",41022,"Newberry County Council on Aging","Rural Reporter","Rural","DR","DO",0,0,0,0,0,0,0,0,0,0,0,0,0,0,0,497362,497362
"2944",41023,"Daniel Boone Development Council","Rural Reporter","Rural","DR","DO",0,0,0,0,0,0,0,0,0,0,0,0,0,0,0,0,0
"2945",41023,"Daniel Boone Development Council","Rural Reporter","Rural","DR","DO",0,0,0,0,0,0,0,0,0,0,0,0,0,0,102717,0,102717
"2946",41024,"Mississippi Valley State University","Rural Reporter","Rural","DR","DO",0,0,0,0,0,0,0,0,0,0,0,0,0,0,0,0,0
"2947",41024,"Mississippi Valley State University","Rural Reporter","Rural","DR","DO",0,0,0,0,0,0,0,0,0,0,0,0,0,0,2069,0,2069
"2948",41027,"Bartow County","Reduced Reporter","Urban","DR","DO",0,0,0,0,0,0,0,0,0,0,0,0,0,0,0,0,0
"2949",41027,"Bartow County","Reduced Reporter","Urban","DR","DO",0,0,0,0,0,0,0,0,0,0,0,0,0,0,1627,0,1627
"2950",41028,"Scotland County","Rural Reporter","Rural","DR","DO",0,0,0,0,0,0,0,0,0,0,0,0,0,0,0,0,0
"2951",41028,"Scotland County","Rural Reporter","Rural","DR","DO",0,0,0,0,0,0,0,0,0,0,0,0,0,0,0,0,0
"2952",41028,"Scotland County","Rural Reporter","Rural","MB","DO",0,0,0,0,0,0,0,0,0,0,0,0,0,0,0,0,0
"2953",41028,"Scotland County","Rural Reporter","Rural","MB","DO",0,0,0,0,0,0,0,0,0,0,0,0,0,0,0,0,0
"2954",41029,"Ashe County Transportation Authority Inc","Rural Reporter","Rural","DR","DO",0,0,0,0,0,0,0,0,0,0,0,0,0,0,0,0,0
"2955",41029,"Ashe County Transportation Authority Inc","Rural Reporter","Rural","DR","DO",0,0,0,0,0,0,0,0,0,0,0,0,0,0,175722,0,175722
"2956",41029,"Ashe County Transportation Authority Inc","Rural Reporter","Rural","MB","DO",0,0,0,0,0,0,0,0,0,0,0,0,0,0,0,0,0
"2957",41029,"Ashe County Transportation Authority Inc","Rural Reporter","Rural","MB","DO",0,0,0,0,0,0,0,0,0,0,0,0,0,0,12436,0,12436
"2958",41030,"Mississippi State University","Rural Reporter","Rural","DR","DO",0,0,0,0,0,0,0,0,0,0,0,0,0,0,0,0,0
"2959",41030,"Mississippi State University","Rural Reporter","Rural","DR","DO",0,0,0,0,0,0,0,0,0,0,0,0,0,0,0,0,0
"2960",41030,"Mississippi State University","Rural Reporter","Rural","MB","DO",0,0,0,0,0,0,0,0,0,0,0,0,0,0,0,0,0
"2961",41030,"Mississippi State University","Rural Reporter","Rural","MB","DO",0,0,0,0,0,0,0,0,0,0,0,0,0,0,0,0,0
"2962",41031,"Greene County","Rural Reporter","Rural","DR","DO",0,0,0,0,0,0,0,0,0,0,0,0,0,0,0,0,0
"2963",41031,"Greene County","Rural Reporter","Rural","DR","DO",0,0,0,0,0,0,0,0,0,0,0,0,0,0,0,0,0
"2964",41032,"City of Maysville","Rural Reporter","Rural","MB","DO",0,0,0,0,0,0,0,0,0,0,0,0,0,0,0,0,0
"2965",41032,"City of Maysville","Rural Reporter","Rural","MB","DO",0,0,0,0,0,0,0,0,0,0,0,0,0,0,1867,0,1867
"2966",41033,"Towns County","Rural Reporter","Rural","DR","DO",0,0,0,0,0,0,0,0,0,0,0,0,0,0,0,0,0
"2967",41033,"Towns County","Rural Reporter","Rural","DR","DO",0,0,0,0,0,0,0,0,0,0,0,0,0,0,10820,0,10820
"2968",41034,"Beaufort County Developmental Center, Inc.","Rural Reporter","Rural","DR","DO",0,0,0,0,0,0,0,0,0,0,0,0,0,0,0,0,0
"2969",41034,"Beaufort County Developmental Center, Inc.","Rural Reporter","Rural","DR","DO",0,0,0,0,0,0,0,0,0,0,0,0,0,0,55502,0,55502
"2970",41035,"City of Cedartown","Rural Reporter","Rural","DR","DO",0,0,0,0,0,0,0,0,0,0,0,0,0,0,0,0,0
"2971",41035,"City of Cedartown","Rural Reporter","Rural","DR","DO",0,0,0,0,0,0,0,0,0,0,0,0,0,0,1662,0,1662
"2972",41037,"Suwannee River Economic Council, Inc.","Rural Reporter","Rural","DR","DO",0,0,0,0,0,0,0,0,0,0,0,0,0,0,0,0,0
"2973",41037,"Suwannee River Economic Council, Inc.","Rural Reporter","Rural","DR","DO",0,0,0,0,0,0,0,0,0,0,0,0,0,0,0,609291,609291
"2974",41038,"Hyde County Private Non-Profit Transp. Corp. Inc.","Rural Reporter","Rural","DR","DO",0,0,0,0,0,0,0,0,0,0,0,0,0,0,0,0,0
"2975",41038,"Hyde County Private Non-Profit Transp. Corp. Inc.","Rural Reporter","Rural","DR","DO",0,0,0,0,0,0,0,0,0,0,0,0,0,0,7964,0,7964
"2976",41039,"Northeast Mississippi Community Services","Rural Reporter","Rural","DR","DO",0,0,0,0,0,0,0,0,0,0,0,0,0,0,0,0,0
"2977",41039,"Northeast Mississippi Community Services","Rural Reporter","Rural","DR","DO",0,0,0,0,0,0,0,0,0,0,0,0,0,0,48614,0,48614
"2978",41041,"Greene County Commission","Rural Reporter","Rural","DR","PT",0,0,0,0,0,0,0,0,0,0,0,0,0,0,0,0,0
"2979",41041,"Greene County Commission","Rural Reporter","Rural","DR","PT",0,0,0,0,0,0,0,0,0,0,0,0,0,0,16521,0,16521
"2980",41042,"McCormick County Senior Center","Rural Reporter","Rural","DR","DO",0,0,0,0,0,0,0,0,0,0,0,0,0,0,0,0,0
"2981",41042,"McCormick County Senior Center","Rural Reporter","Rural","DR","DO",0,0,0,0,0,0,0,0,0,0,0,0,0,0,12864,585789,598653
"2982",41043,"Mitchell County Transportation Authority","Rural Reporter","Rural","DR","DO",0,0,0,0,0,0,0,0,0,0,0,0,0,0,0,0,0
"2983",41043,"Mitchell County Transportation Authority","Rural Reporter","Rural","DR","DO",0,0,0,0,0,0,0,0,0,0,0,0,0,0,35278,0,35278
"2984",41043,"Mitchell County Transportation Authority","Rural Reporter","Rural","MB","DO",0,0,0,0,0,0,0,0,0,0,0,0,0,0,0,0,0
"2985",41043,"Mitchell County Transportation Authority","Rural Reporter","Rural","MB","DO",0,0,0,0,0,0,0,0,0,0,0,0,0,0,0,0,0
"2986",41044,"Community Development Inc.","Rural Reporter","Rural","DR","DO",0,0,0,0,0,0,0,0,0,0,0,0,0,0,0,0,0
"2987",41044,"Community Development Inc.","Rural Reporter","Rural","DR","DO",0,0,0,0,0,0,0,0,0,0,0,0,0,0,1990,0,1990
"2988",41045,"Dare County","Rural Reporter","Rural","DR","DO",0,0,0,0,0,0,0,0,0,0,0,0,0,0,0,0,0
"2989",41045,"Dare County","Rural Reporter","Rural","DR","DO",0,0,0,0,0,0,0,0,0,0,0,0,0,0,34614,0,34614
"2990",41046,"Taliaferro County Board of Commissioners","Rural Reporter","Rural","DR","DO",0,0,0,0,0,0,0,0,0,0,0,0,0,0,0,0,0
"2991",41046,"Taliaferro County Board of Commissioners","Rural Reporter","Rural","DR","DO",0,0,0,0,0,0,0,0,0,0,0,0,0,0,3469,0,3469
"2992",41048,"Kerr Area Transportation Authority","Rural Reporter","Rural","DR","DO",0,0,0,0,0,0,0,0,0,0,0,0,0,0,0,0,0
"2993",41048,"Kerr Area Transportation Authority","Rural Reporter","Rural","DR","DO",0,0,0,0,0,0,0,0,0,0,0,0,0,0,203861,0,203861
"2994",41048,"Kerr Area Transportation Authority","Rural Reporter","Rural","MB","DO",0,0,0,0,0,0,0,0,0,0,0,0,0,0,0,0,0
"2995",41048,"Kerr Area Transportation Authority","Rural Reporter","Rural","MB","DO",0,0,0,0,0,0,0,0,0,0,0,0,0,0,5715,0,5715
"2996",41050,"Suwannee Valley Transit Authority","Rural Reporter","Rural","DR","DO",0,0,0,0,0,0,0,0,0,0,0,0,0,0,0,0,0
"2997",41050,"Suwannee Valley Transit Authority","Rural Reporter","Rural","DR","DO",0,0,0,0,0,0,0,0,0,0,0,0,0,0,26198,113402,139600
"2998",41050,"Suwannee Valley Transit Authority","Rural Reporter","Rural","MB","DO",0,0,0,0,0,0,0,0,0,0,0,0,0,0,0,0,0
"2999",41050,"Suwannee Valley Transit Authority","Rural Reporter","Rural","MB","DO",0,0,0,0,0,0,0,0,0,0,0,0,0,0,20,27330,27350
"3000",41051,"Five County Child Development Program, Inc.","Rural Reporter","Rural","DR","DO",0,0,0,0,0,0,0,0,0,0,0,0,0,0,0,0,0
"3001",41051,"Five County Child Development Program, Inc.","Rural Reporter","Rural","DR","DO",0,0,0,0,0,0,0,0,0,0,0,0,0,0,21815,0,21815
"3002",41052,"City of Oxford","Rural Reporter","Rural","DR","DO",0,0,0,0,0,0,0,0,0,0,0,0,0,0,0,0,0
"3003",41052,"City of Oxford","Rural Reporter","Rural","DR","DO",0,0,0,0,0,0,0,0,0,0,0,0,0,0,0,0,0
"3004",41052,"City of Oxford","Rural Reporter","Rural","MB","DO",0,0,0,0,0,0,0,0,0,0,0,0,0,0,0,0,0
"3005",41052,"City of Oxford","Rural Reporter","Rural","MB","DO",0,0,0,0,0,0,0,0,0,0,0,0,0,0,0,0,0
"3006",41053,"Murray-Calloway County Transit Authority","Rural Reporter","Rural","DR","DO",0,0,0,0,0,0,0,0,0,0,0,0,0,0,0,0,0
"3007",41053,"Murray-Calloway County Transit Authority","Rural Reporter","Rural","DR","DO",0,0,0,0,0,0,0,0,0,0,0,0,0,0,34217,0,34217
"3008",41053,"Murray-Calloway County Transit Authority","Rural Reporter","Rural","MB","DO",0,0,0,0,0,0,0,0,0,0,0,0,0,0,0,0,0
"3009",41053,"Murray-Calloway County Transit Authority","Rural Reporter","Rural","MB","DO",0,0,0,0,0,0,0,0,0,0,0,0,0,0,998,0,998
"3010",41055,"McDuffie County Commission","Rural Reporter","Rural","DR","DO",0,0,0,0,0,0,0,0,0,0,0,0,0,0,0,0,0
"3011",41055,"McDuffie County Commission","Rural Reporter","Rural","DR","DO",0,0,0,0,0,0,0,0,0,0,0,0,0,0,12133,0,12133
"3012",41057,"Dawson County","Rural Reporter","Rural","DR","DO",0,0,0,0,0,0,0,0,0,0,0,0,0,0,0,0,0
"3013",41057,"Dawson County","Rural Reporter","Rural","DR","DO",0,0,0,0,0,0,0,0,0,0,0,0,0,0,10842,0,10842
"3014",41058,"Brunswick Transit System Inc.","Rural Reporter","Rural","DR","DO",0,0,0,0,0,0,0,0,0,0,0,0,0,0,0,0,0
"3015",41058,"Brunswick Transit System Inc.","Rural Reporter","Rural","DR","DO",0,0,0,0,0,0,0,0,0,0,0,0,0,0,6016,0,6016
"3016",41060,"City of Key West","Rural Reporter","Rural","MB","DO",0,0,0,0,0,0,0,0,0,0,0,0,0,0,0,0,0
"3017",41060,"City of Key West","Rural Reporter","Rural","MB","DO",0,0,0,0,0,0,0,0,0,0,0,0,0,0,397590,0,397590
"3018",41062,"Hancock County","Rural Reporter","Rural","DR","DO",0,0,0,0,0,0,0,0,0,0,0,0,0,0,0,0,0
"3019",41062,"Hancock County","Rural Reporter","Rural","DR","DO",0,0,0,0,0,0,0,0,0,0,0,0,0,0,18131,0,18131
"3020",41064,"Moore County","Reduced Reporter","Urban","DR","DO",0,0,0,0,0,0,0,0,0,0,0,0,0,0,0,0,0
"3021",41064,"Moore County","Reduced Reporter","Urban","DR","DO",0,0,0,0,0,0,0,0,0,0,0,0,0,0,40737,136355,177092
"3022",41065,"Twiggs County","Rural Reporter","Rural","DR","PT",0,0,0,0,0,0,0,0,0,0,0,0,0,0,0,0,0
"3023",41065,"Twiggs County","Rural Reporter","Rural","DR","PT",0,0,0,0,0,0,0,0,0,0,0,0,0,0,5016,0,5016
"3024",41066,"Swain County Focal Point on Aging Inc","Rural Reporter","Rural","DR","DO",0,0,0,0,0,0,0,0,0,0,0,0,0,0,0,0,0
"3025",41066,"Swain County Focal Point on Aging Inc","Rural Reporter","Rural","DR","DO",0,0,0,0,0,0,0,0,0,0,0,0,0,0,6035,0,6035
"3026",41068,"Flagler County","Reduced Reporter","Urban","DR","DO",0,0,0,0,0,0,0,0,0,0,0,0,0,0,0,0,0
"3027",41068,"Flagler County","Reduced Reporter","Urban","DR","DO",0,0,0,0,0,0,0,0,0,0,0,0,0,0,57876,101487,159363
"3028",41069,"Cherokee County","Rural Reporter","Rural","DR","DO",0,0,0,0,0,0,0,0,0,0,0,0,0,0,0,0,0
"3029",41069,"Cherokee County","Rural Reporter","Rural","DR","DO",0,0,0,0,0,0,0,0,0,0,0,0,0,0,19620,0,19620
"3030",41069,"Cherokee County","Rural Reporter","Rural","MB","DO",0,0,0,0,0,0,0,0,0,0,0,0,0,0,0,0,0
"3031",41069,"Cherokee County","Rural Reporter","Rural","MB","DO",0,0,0,0,0,0,0,0,0,0,0,0,0,0,3382,0,3382
"3032",41074,"Glascock County","Rural Reporter","Rural","DR","DO",0,0,0,0,0,0,0,0,0,0,0,0,0,0,0,0,0
"3033",41074,"Glascock County","Rural Reporter","Rural","DR","DO",0,0,0,0,0,0,0,0,0,0,0,0,0,0,5702,0,5702
"3034",41076,"St. Clair County Commission","Rural Reporter","Rural","DR","DO",0,0,0,0,0,0,0,0,0,0,0,0,0,0,0,0,0
"3035",41076,"St. Clair County Commission","Rural Reporter","Rural","DR","DO",0,0,0,0,0,0,0,0,0,0,0,0,0,0,103174,0,103174
"3036",41077,"Taylor County","Rural Reporter","Rural","DR","DO",0,0,0,0,0,0,0,0,0,0,0,0,0,0,0,0,0
"3037",41077,"Taylor County","Rural Reporter","Rural","DR","DO",0,0,0,0,0,0,0,0,0,0,0,0,0,0,7113,0,7113
"3038",41078,"Morgan County","Rural Reporter","Rural","DR","DO",0,0,0,0,0,0,0,0,0,0,0,0,0,0,0,0,0
"3039",41078,"Morgan County","Rural Reporter","Rural","DR","DO",0,0,0,0,0,0,0,0,0,0,0,0,0,0,26177,0,26177
"3040",41080,"Marion County Senior Services","Reduced Reporter","Urban","DR","DO",0,0,0,0,0,0,0,0,0,0,0,0,0,0,0,0,0
"3041",41080,"Marion County Senior Services","Reduced Reporter","Urban","DR","DO",0,0,0,0,0,0,0,0,0,0,0,0,0,0,78871,4688,83559
"3042",41082,"Transp. Administration of Cleveland County. Inc","Rural Reporter","Rural","DR","DO",0,0,0,0,0,0,0,0,0,0,0,0,0,0,0,0,0
"3043",41082,"Transp. Administration of Cleveland County. Inc","Rural Reporter","Rural","DR","DO",0,0,0,0,0,0,0,0,0,0,0,0,0,0,0,0,0
"3044",41082,"Transp. Administration of Cleveland County. Inc","Rural Reporter","Rural","MB","DO",0,0,0,0,0,0,0,0,0,0,0,0,0,0,0,0,0
"3045",41082,"Transp. Administration of Cleveland County. Inc","Rural Reporter","Rural","MB","DO",0,0,0,0,0,0,0,0,0,0,0,0,0,0,0,0,0
"3046",41083,"City of Glasgow","Rural Reporter","Rural","MB","DO",0,0,0,0,0,0,0,0,0,0,0,0,0,0,0,0,0
"3047",41083,"City of Glasgow","Rural Reporter","Rural","MB","DO",0,0,0,0,0,0,0,0,0,0,0,0,0,0,0,0,0
"3048",41084,"Alabama Tombigbee Regional Planning Commission","Rural Reporter","Rural","DR","DO",0,0,0,0,0,0,0,0,0,0,0,0,0,0,0,0,0
"3049",41084,"Alabama Tombigbee Regional Planning Commission","Rural Reporter","Rural","DR","DO",0,0,0,0,0,0,0,0,0,0,0,0,0,0,21244,0,21244
"3050",41085,"Haralson County","Rural Reporter","Rural","DR","DO",0,0,0,0,0,0,0,0,0,0,0,0,0,0,0,0,0
"3051",41085,"Haralson County","Rural Reporter","Rural","DR","DO",0,0,0,0,0,0,0,0,0,0,0,0,0,0,7768,0,7768
"3052",41086,"Catoosa County","Reduced Reporter","Urban","DR","DO",0,0,0,0,0,0,0,0,0,0,0,0,0,0,0,0,0
"3053",41086,"Catoosa County","Reduced Reporter","Urban","DR","DO",0,0,0,0,0,0,0,0,0,0,0,0,0,0,0,0,0
"3054",41088,"Forsyth County Board of Commissioners","Reduced Reporter","Urban","DR","DO",0,0,0,0,0,0,0,0,0,0,0,0,0,0,321,0,321
"3055",41088,"Forsyth County Board of Commissioners","Reduced Reporter","Urban","DR","DO",0,0,0,0,0,0,0,0,0,0,0,0,0,0,69528,0,69528
"3056",41089,"City of Eufaula","Rural Reporter","Rural","DR","DO",0,0,0,0,0,0,0,0,0,0,0,0,0,0,0,0,0
"3057",41089,"City of Eufaula","Rural Reporter","Rural","DR","DO",0,0,0,0,0,0,0,0,0,0,0,0,0,0,10986,0,10986
"3058",41090,"Louisville WHEELS Transportation, Inc","Reduced Reporter","Urban","DR","DO",0,0,0,0,0,0,0,0,0,0,0,0,0,0,0,0,0
"3059",41090,"Louisville WHEELS Transportation, Inc","Reduced Reporter","Urban","DR","DO",0,0,0,0,0,0,0,0,0,0,0,0,0,0,1885,0,1885
"3060",41091,"Calhoun County Senior Citizens Association, Inc.","Rural Reporter","Rural","DR","DO",0,0,0,0,0,0,0,0,0,0,0,0,0,0,0,0,0
"3061",41091,"Calhoun County Senior Citizens Association, Inc.","Rural Reporter","Rural","DR","DO",0,0,0,0,0,0,0,0,0,0,0,0,0,0,8860,0,8860
"3062",41092,"Lowcountry Regional Transportation Authority","Reduced Reporter","Urban","CB","DO",0,0,0,0,0,0,0,0,0,0,0,0,0,0,0,0,0
"3063",41092,"Lowcountry Regional Transportation Authority","Reduced Reporter","Urban","CB","DO",0,0,0,0,0,0,0,0,0,0,0,0,0,0,172544,0,172544
"3064",41092,"Lowcountry Regional Transportation Authority","Reduced Reporter","Urban","DR","DO",0,0,0,0,0,0,0,0,0,0,0,0,0,0,0,0,0
"3065",41092,"Lowcountry Regional Transportation Authority","Reduced Reporter","Urban","DR","DO",0,0,0,0,0,0,0,0,0,0,0,0,0,0,65202,0,65202
"3066",41092,"Lowcountry Regional Transportation Authority","Reduced Reporter","Urban","MB","DO",0,0,0,0,0,0,0,0,0,0,0,0,0,0,0,0,0
"3067",41092,"Lowcountry Regional Transportation Authority","Reduced Reporter","Urban","MB","DO",0,0,0,0,0,0,0,0,0,0,0,0,0,0,6895,0,6895
"3068",41094,"Northeast KY Area Development Council","Rural Reporter","Rural","DR","DO",0,0,0,0,0,0,0,0,0,0,0,0,0,0,0,0,0
"3069",41094,"Northeast KY Area Development Council","Rural Reporter","Rural","DR","DO",0,0,0,0,0,0,0,0,0,0,0,0,0,0,29014,0,29014
"3070",41095,"Florida Department of Transportation","Rural Reporter","Rural","VP","DO",0,0,0,0,0,0,0,0,0,0,0,0,0,0,0,0,0
"3071",41095,"Florida Department of Transportation","Rural Reporter","Rural","VP","DO",0,0,0,0,0,0,0,0,0,0,0,0,0,0,449235,0,449235
"3072",41096,"Claiborne County Human Resource Agency","Rural Reporter","Rural","DR","DO",0,0,0,0,0,0,0,0,0,0,0,0,0,0,0,0,0
"3073",41096,"Claiborne County Human Resource Agency","Rural Reporter","Rural","DR","DO",0,0,0,0,0,0,0,0,0,0,0,0,0,0,58185,558594,616779
"3074",41098,"Harlan County Community Action Agency, Inc.","Rural Reporter","Rural","DR","DO",0,0,0,0,0,0,0,0,0,0,0,0,0,0,0,0,0
"3075",41098,"Harlan County Community Action Agency, Inc.","Rural Reporter","Rural","DR","DO",0,0,0,0,0,0,0,0,0,0,0,0,0,0,71027,8001,79028
"3076",41099,"Telfair County","Rural Reporter","Rural","DR","PT",0,0,0,0,0,0,0,0,0,0,0,0,0,0,0,0,0
"3077",41099,"Telfair County","Rural Reporter","Rural","DR","PT",0,0,0,0,0,0,0,0,0,0,0,0,0,0,766,0,766
"3078",41102,"City of Gatlinburg","Rural Reporter","Rural","MB","DO",0,0,0,0,0,0,0,0,0,0,0,0,0,0,0,0,0
"3079",41102,"City of Gatlinburg","Rural Reporter","Rural","MB","DO",0,0,0,0,0,0,0,0,0,0,0,0,0,0,9150,0,9150
"3080",41103,"Wheeler County","Rural Reporter","Rural","DR","DO",0,0,0,0,0,0,0,0,0,0,0,0,0,0,0,0,0
"3081",41103,"Wheeler County","Rural Reporter","Rural","DR","DO",0,0,0,0,0,0,0,0,0,0,0,0,0,0,3656,0,3656
"3082",41104,"Talbot County","Rural Reporter","Rural","DR","DO",0,0,0,0,0,0,0,0,0,0,0,0,0,0,0,0,0
"3083",41104,"Talbot County","Rural Reporter","Rural","DR","DO",0,0,0,0,0,0,0,0,0,0,0,0,0,0,1590,0,1590
"3084",41106,"Northwest Tennessee Human Resource Agency","Rural Reporter","Rural","DR","DO",0,0,0,0,0,0,0,0,0,0,0,0,0,0,0,0,0
"3085",41106,"Northwest Tennessee Human Resource Agency","Rural Reporter","Rural","DR","DO",0,0,0,0,0,0,0,0,0,0,0,0,0,0,112377,0,112377
"3086",41107,"Chilton County Commission","Rural Reporter","Rural","DR","DO",0,0,0,0,0,0,0,0,0,0,0,0,0,0,0,0,0
"3087",41107,"Chilton County Commission","Rural Reporter","Rural","DR","DO",0,0,0,0,0,0,0,0,0,0,0,0,0,0,13729,0,13729
"3088",41108,"Lower Chattahoochee Regional Transit Authority","Rural Reporter","Rural","DR","PT",0,0,0,0,0,0,0,0,0,0,0,0,0,0,0,0,0
"3089",41108,"Lower Chattahoochee Regional Transit Authority","Rural Reporter","Rural","DR","PT",0,0,0,0,0,0,0,0,0,0,0,0,0,0,29494,0,29494
"3090",41111,"Albemarle Regional Health Services","Rural Reporter","Rural","DR","DO",0,0,0,0,0,0,0,0,0,0,0,0,0,0,0,0,0
"3091",41111,"Albemarle Regional Health Services","Rural Reporter","Rural","DR","DO",0,0,0,0,0,0,0,0,0,0,0,0,0,0,0,0,0
"3092",41112,"Coastal Regional Commission","Rural Reporter","Rural","DR","DO",0,0,0,0,0,0,0,0,0,0,0,0,0,0,0,0,0
"3093",41112,"Coastal Regional Commission","Rural Reporter","Rural","DR","DO",0,0,0,0,0,0,0,0,0,0,0,0,0,0,82651,0,82651
"3094",41113,"Anson County","Rural Reporter","Rural","DR","DO",0,0,0,0,0,0,0,0,0,0,0,0,0,0,0,0,0
"3095",41113,"Anson County","Rural Reporter","Rural","DR","DO",0,0,0,0,0,0,0,0,0,0,0,0,0,0,18508,0,18508
"3096",41114,"Nassau Council on Aging","Reduced Reporter","Urban","DR","DO",0,0,0,0,0,0,0,0,0,0,0,0,0,0,0,0,0
"3097",41114,"Nassau Council on Aging","Reduced Reporter","Urban","DR","DO",0,0,0,0,0,0,0,0,0,0,0,0,0,0,12214,0,12214
"3098",41115,"Transylvania County","Rural Reporter","Rural","DR","DO",0,0,0,0,0,0,0,0,0,0,0,0,0,0,0,0,0
"3099",41115,"Transylvania County","Rural Reporter","Rural","DR","DO",0,0,0,0,0,0,0,0,0,0,0,0,0,0,1389,0,1389
"3100",41115,"Transylvania County","Rural Reporter","Rural","DR","TX",0,0,0,0,0,0,0,0,0,0,0,0,0,0,0,0,0
"3101",41115,"Transylvania County","Rural Reporter","Rural","DR","TX",0,0,0,0,0,0,0,0,0,0,0,0,0,0,0,0,0
"3102",41115,"Transylvania County","Rural Reporter","Rural","MB","DO",0,0,0,0,0,0,0,0,0,0,0,0,0,0,0,0,0
"3103",41115,"Transylvania County","Rural Reporter","Rural","MB","DO",0,0,0,0,0,0,0,0,0,0,0,0,0,0,2271,0,2271
"3104",41118,"Birmingham Regional Paratransit Consortium","Rural Reporter","Rural","DR","DO",0,0,0,0,0,0,0,0,0,0,0,0,0,0,0,0,0
"3105",41118,"Birmingham Regional Paratransit Consortium","Rural Reporter","Rural","DR","DO",0,0,0,0,0,0,0,0,0,0,0,0,0,0,45993,0,45993
"3106",41119,"Harnett County","Rural Reporter","Rural","DR","DO",0,0,0,0,0,0,0,0,0,0,0,0,0,0,0,0,0
"3107",41119,"Harnett County","Rural Reporter","Rural","DR","DO",0,0,0,0,0,0,0,0,0,0,0,0,0,0,6572,0,6572
"3108",41120,"City of Frankfort","Rural Reporter","Rural","DR","DO",0,0,0,0,0,0,0,0,0,0,0,0,0,0,0,0,0
"3109",41120,"City of Frankfort","Rural Reporter","Rural","DR","DO",0,0,0,0,0,0,0,0,0,0,0,0,0,0,18074,0,18074
"3110",41120,"City of Frankfort","Rural Reporter","Rural","MB","DO",0,0,0,0,0,0,0,0,0,0,0,0,0,0,0,0,0
"3111",41120,"City of Frankfort","Rural Reporter","Rural","MB","DO",0,0,0,0,0,0,0,0,0,0,0,0,0,0,11383,0,11383
"3112",41121,"City of Natchez","Rural Reporter","Rural","DR","DO",0,0,0,0,0,0,0,0,0,0,0,0,0,0,0,0,0
"3113",41121,"City of Natchez","Rural Reporter","Rural","DR","DO",0,0,0,0,0,0,0,0,0,0,0,0,0,0,37064,0,37064
"3114",41123,"Lawrence County Aging-Rural Transit System","Rural Reporter","Rural","DR","DO",0,0,0,0,0,0,0,0,0,0,0,0,0,0,0,0,0
"3115",41123,"Lawrence County Aging-Rural Transit System","Rural Reporter","Rural","DR","DO",0,0,0,0,0,0,0,0,0,0,0,0,0,0,7656,0,7656
"3116",41124,"Richmond Interagency Transportation Inc.","Rural Reporter","Rural","DR","DO",0,0,0,0,0,0,0,0,0,0,0,0,0,0,0,0,0
"3117",41124,"Richmond Interagency Transportation Inc.","Rural Reporter","Rural","DR","DO",0,0,0,0,0,0,0,0,0,0,0,0,0,0,23964,0,23964
"3118",41125,"Covington County","Rural Reporter","Rural","DR","DO",0,0,0,0,0,0,0,0,0,0,0,0,0,0,0,0,0
"3119",41125,"Covington County","Rural Reporter","Rural","DR","DO",0,0,0,0,0,0,0,0,0,0,0,0,0,0,27917,0,27917
"3120",41127,"AppalCart","Rural Reporter","Rural","DR","DO",0,0,0,0,0,0,0,0,0,0,0,0,0,0,0,0,0
"3121",41127,"AppalCart","Rural Reporter","Rural","DR","DO",0,0,0,0,0,0,0,0,0,0,0,0,0,0,5444,0,5444
"3122",41127,"AppalCart","Rural Reporter","Rural","MB","DO",0,0,0,0,0,0,0,0,0,0,0,0,0,0,0,0,0
"3123",41127,"AppalCart","Rural Reporter","Rural","MB","DO",0,0,0,0,0,0,0,0,0,0,0,0,0,0,0,0,0
"3124",41129,"Pike Area Transit System","Rural Reporter","Rural","DR","DO",0,0,0,0,0,0,0,0,0,0,0,0,0,0,0,0,0
"3125",41129,"Pike Area Transit System","Rural Reporter","Rural","DR","DO",0,0,0,0,0,0,0,0,0,0,0,0,0,0,36930,0,36930
"3126",41130,"Avery County Transportation Authority","Rural Reporter","Rural","DR","DO",0,0,0,0,0,0,0,0,0,0,0,0,0,0,0,0,0
"3127",41130,"Avery County Transportation Authority","Rural Reporter","Rural","DR","DO",0,0,0,0,0,0,0,0,0,0,0,0,0,0,23913,0,23913
"3128",41131,"Choanoke Public Transportation Authority","Rural Reporter","Rural","DR","DO",0,0,0,0,0,0,0,0,0,0,0,0,0,0,0,0,0
"3129",41131,"Choanoke Public Transportation Authority","Rural Reporter","Rural","DR","DO",0,0,0,0,0,0,0,0,0,0,0,0,0,0,28737,0,28737
"3130",41133,"Coweta County","Reduced Reporter","Urban","DR","PT",0,0,0,0,0,0,0,0,0,0,0,0,0,0,0,0,0
"3131",41133,"Coweta County","Reduced Reporter","Urban","DR","PT",0,0,0,0,0,0,0,0,0,0,0,0,0,0,43270,370868,414138
"3132",41134,"Yadkin Valley Economic Development District, Inc.","Rural Reporter","Rural","DR","DO",0,0,0,0,0,0,0,0,0,0,0,0,0,0,0,0,0
"3133",41134,"Yadkin Valley Economic Development District, Inc.","Rural Reporter","Rural","DR","DO",0,0,0,0,0,0,0,0,0,0,0,0,0,0,54791,0,54791
"3134",41136,"City of Pigeon Forge","Rural Reporter","Rural","DR","DO",0,0,0,0,0,0,0,0,0,0,0,0,0,0,0,0,0
"3135",41136,"City of Pigeon Forge","Rural Reporter","Rural","DR","DO",0,0,0,0,0,0,0,0,0,0,0,0,0,0,0,0,0
"3136",41136,"City of Pigeon Forge","Rural Reporter","Rural","MB","DO",0,0,0,0,0,0,0,0,0,0,0,0,0,0,0,0,0
"3137",41136,"City of Pigeon Forge","Rural Reporter","Rural","MB","DO",0,0,0,0,0,0,0,0,0,0,0,0,0,0,356798,0,356798
"3138",41137,"Alleghany County","Rural Reporter","Rural","DR","DO",0,0,0,0,0,0,0,0,0,0,0,0,0,0,0,0,0
"3139",41137,"Alleghany County","Rural Reporter","Rural","DR","DO",0,0,0,0,0,0,0,0,0,0,0,0,0,0,17791,0,17791
"3140",41138,"Whitfield County","Reduced Reporter","Urban","DR","DO",0,0,0,0,0,0,0,0,0,0,0,0,0,0,0,0,0
"3141",41138,"Whitfield County","Reduced Reporter","Urban","DR","DO",0,0,0,0,0,0,0,0,0,0,0,0,0,0,25814,30600,56414
"3142",41139,"Columbia County Commission","Rural Reporter","Rural","DR","DO",0,0,0,0,0,0,0,0,0,0,0,0,0,0,0,0,0
"3143",41139,"Columbia County Commission","Rural Reporter","Rural","DR","DO",0,0,0,0,0,0,0,0,0,0,0,0,0,0,26542,0,26542
"3144",41140,"Clay County","Rural Reporter","Rural","DR","PT",0,0,0,0,0,0,0,0,0,0,0,0,0,0,0,0,0
"3145",41140,"Clay County","Rural Reporter","Rural","DR","PT",0,0,0,0,0,0,0,0,0,0,0,0,0,0,7893,0,7893
"3146",41142,"Wayne County","Rural Reporter","Rural","DR","DO",0,0,0,0,0,0,0,0,0,0,0,0,0,0,0,0,0
"3147",41142,"Wayne County","Rural Reporter","Rural","DR","DO",0,0,0,0,0,0,0,0,0,0,0,0,0,0,34557,0,34557
"3148",41143,"Yancey County Transportation Authority","Rural Reporter","Rural","DR","DO",0,0,0,0,0,0,0,0,0,0,0,0,0,0,0,0,0
"3149",41143,"Yancey County Transportation Authority","Rural Reporter","Rural","DR","DO",0,0,0,0,0,0,0,0,0,0,0,0,0,0,10687,0,10687
"3150",41144,"Hart County","Rural Reporter","Rural","DR","DO",0,0,0,0,0,0,0,0,0,0,0,0,0,0,0,0,0
"3151",41144,"Hart County","Rural Reporter","Rural","DR","DO",0,0,0,0,0,0,0,0,0,0,0,0,0,0,8216,0,8216
"3152",41145,"Union County","Rural Reporter","Rural","DR","DO",0,0,0,0,0,0,0,0,0,0,0,0,0,0,0,0,0
"3153",41145,"Union County","Rural Reporter","Rural","DR","DO",0,0,0,0,0,0,0,0,0,0,0,0,0,0,8896,0,8896
"3154",41146,"Senior Services Incorporated of Chester County","Rural Reporter","Rural","DR","DO",0,0,0,0,0,0,0,0,0,0,0,0,0,0,0,0,0
"3155",41146,"Senior Services Incorporated of Chester County","Rural Reporter","Rural","DR","DO",0,0,0,0,0,0,0,0,0,0,0,0,0,0,24915,400302,425217
"3156",41148,"Wakulla Senior Center, Inc.","Rural Reporter","Rural","DR","DO",0,0,0,0,0,0,0,0,0,0,0,0,0,0,0,0,0
"3157",41148,"Wakulla Senior Center, Inc.","Rural Reporter","Rural","DR","DO",0,0,0,0,0,0,0,0,0,0,0,0,0,0,22890,36054,58944
"3158",41149,"City of Americus","Rural Reporter","Rural","DR","PT",0,0,0,0,0,0,0,0,0,0,0,0,0,0,0,0,0
"3159",41149,"City of Americus","Rural Reporter","Rural","DR","PT",0,0,0,0,0,0,0,0,0,0,0,0,0,0,8364,0,8364
"3160",41150,"Lee County","Rural Reporter","Rural","DR","DO",0,0,0,0,0,0,0,0,0,0,0,0,0,0,0,0,0
"3161",41150,"Lee County","Rural Reporter","Rural","DR","DO",0,0,0,0,0,0,0,0,0,0,0,0,0,0,57658,0,57658
"3162",41151,"Southwest Human Resource Agency","Rural Reporter","Rural","DR","DO",0,0,0,0,0,0,0,0,0,0,0,0,0,0,0,0,0
"3163",41151,"Southwest Human Resource Agency","Rural Reporter","Rural","DR","DO",0,0,0,0,0,0,0,0,0,0,0,0,0,0,55853,0,55853
"3164",41153,"Big Bend Transit","Rural Reporter","Rural","DR","DO",0,0,0,0,0,0,0,0,0,0,0,0,0,0,0,0,0
"3165",41153,"Big Bend Transit","Rural Reporter","Rural","DR","DO",0,0,0,0,0,0,0,0,0,0,0,0,0,0,207841,502356,710197
"3166",41153,"Big Bend Transit","Rural Reporter","Rural","MB","DO",0,0,0,0,0,0,0,0,0,0,0,0,0,0,0,0,0
"3167",41153,"Big Bend Transit","Rural Reporter","Rural","MB","DO",0,0,0,0,0,0,0,0,0,0,0,0,0,0,35483,0,35483
"3168",41153,"Big Bend Transit","Rural Reporter","Rural","VP","DO",0,0,0,0,0,0,0,0,0,0,0,0,0,0,0,0,0
"3169",41153,"Big Bend Transit","Rural Reporter","Rural","VP","DO",0,0,0,0,0,0,0,0,0,0,0,0,0,0,18046,9801,27847
"3170",41154,"Jackson County","Rural Reporter","Rural","DR","DO",0,0,0,0,0,0,0,0,0,0,0,0,0,0,0,0,0
"3171",41154,"Jackson County","Rural Reporter","Rural","DR","DO",0,0,0,0,0,0,0,0,0,0,0,0,0,0,19208,0,19208
"3172",41155,"Social Circle Area Transit","Rural Reporter","Rural","DR","DO",0,0,0,0,0,0,0,0,0,0,0,0,0,0,0,0,0
"3173",41155,"Social Circle Area Transit","Rural Reporter","Rural","DR","DO",0,0,0,0,0,0,0,0,0,0,0,0,0,0,462,0,462
"3174",41156,"Wilcox County","Rural Reporter","Rural","DR","PT",0,0,0,0,0,0,0,0,0,0,0,0,0,0,0,0,0
"3175",41156,"Wilcox County","Rural Reporter","Rural","DR","PT",0,0,0,0,0,0,0,0,0,0,0,0,0,0,3077,0,3077
"3176",41157,"County of Citrus","Reduced Reporter","Urban","DR","DO",0,0,0,0,0,0,0,0,0,0,0,0,0,0,0,0,0
"3177",41157,"County of Citrus","Reduced Reporter","Urban","DR","DO",0,0,0,0,0,0,0,0,0,0,0,0,0,0,45152,0,45152
"3178",41157,"County of Citrus","Reduced Reporter","Urban","MB","DO",0,0,0,0,0,0,0,0,0,0,0,0,0,0,0,0,0
"3179",41157,"County of Citrus","Reduced Reporter","Urban","MB","DO",0,0,0,0,0,0,0,0,0,0,0,0,0,0,2209,0,2209
"3180",41158,"Lumpkin County","Rural Reporter","Rural","DR","DO",0,0,0,0,0,0,0,0,0,0,0,0,0,0,0,0,0
"3181",41158,"Lumpkin County","Rural Reporter","Rural","DR","DO",0,0,0,0,0,0,0,0,0,0,0,0,0,0,4040,0,4040
"3182",41160,"Clay County","Rural Reporter","Rural","DR","DO",0,0,0,0,0,0,0,0,0,0,0,0,0,0,0,0,0
"3183",41160,"Clay County","Rural Reporter","Rural","DR","DO",0,0,0,0,0,0,0,0,0,0,0,0,0,0,15862,0,15862
"3184",41162,"Lenoir County","Rural Reporter","Rural","DR","DO",0,0,0,0,0,0,0,0,0,0,0,0,0,0,0,0,0
"3185",41162,"Lenoir County","Rural Reporter","Rural","DR","DO",0,0,0,0,0,0,0,0,0,0,0,0,0,0,173231,0,173231
"3186",41165,"Central Kentucky Community Action Council","Rural Reporter","Rural","DR","DO",0,0,0,0,0,0,0,0,0,0,0,0,0,0,0,0,0
"3187",41165,"Central Kentucky Community Action Council","Rural Reporter","Rural","DR","DO",0,0,0,0,0,0,0,0,0,0,0,0,0,0,272512,0,272512
"3188",41166,"Bladen County","Rural Reporter","Rural","DR","DO",0,0,0,0,0,0,0,0,0,0,0,0,0,0,0,0,0
"3189",41166,"Bladen County","Rural Reporter","Rural","DR","DO",0,0,0,0,0,0,0,0,0,0,0,0,0,0,2893,0,2893
"3190",41167,"Jackson County","Rural Reporter","Rural","DR","DO",0,0,0,0,0,0,0,0,0,0,0,0,0,0,0,0,0
"3191",41167,"Jackson County","Rural Reporter","Rural","DR","DO",0,0,0,0,0,0,0,0,0,0,0,0,0,0,27022,0,27022
"3192",41167,"Jackson County","Rural Reporter","Rural","MB","DO",0,0,0,0,0,0,0,0,0,0,0,0,0,0,0,0,0
"3193",41167,"Jackson County","Rural Reporter","Rural","MB","DO",0,0,0,0,0,0,0,0,0,0,0,0,0,0,5313,0,5313
"3194",41168,"Wilkes County Commission","Rural Reporter","Rural","DR","DO",0,0,0,0,0,0,0,0,0,0,0,0,0,0,0,0,0
"3195",41168,"Wilkes County Commission","Rural Reporter","Rural","DR","DO",0,0,0,0,0,0,0,0,0,0,0,0,0,0,16883,0,16883
"3196",41170,"Baker Council on Aging","Rural Reporter","Rural","DR","DO",0,0,0,0,0,0,0,0,0,0,0,0,0,0,0,0,0
"3197",41170,"Baker Council on Aging","Rural Reporter","Rural","DR","DO",0,0,0,0,0,0,0,0,0,0,0,0,0,0,9990,117236,127226
"3198",41170,"Baker Council on Aging","Rural Reporter","Rural","MB","DO",0,0,0,0,0,0,0,0,0,0,0,0,0,0,0,0,0
"3199",41170,"Baker Council on Aging","Rural Reporter","Rural","MB","DO",0,0,0,0,0,0,0,0,0,0,0,0,0,0,4709,0,4709
"3200",41171,"Walker County","Rural Reporter","Rural","DR","DO",0,0,0,0,0,0,0,0,0,0,0,0,0,0,0,0,0
"3201",41171,"Walker County","Rural Reporter","Rural","DR","DO",0,0,0,0,0,0,0,0,0,0,0,0,0,0,52132,0,52132
"3202",41172,"Columbus County","Rural Reporter","Rural","DR","PT",0,0,0,0,0,0,0,0,0,0,0,0,0,0,0,0,0
"3203",41172,"Columbus County","Rural Reporter","Rural","DR","PT",0,0,0,0,0,0,0,0,0,0,0,0,0,0,18640,0,18640
"3204",41173,"Walker County Commission","Rural Reporter","Rural","DR","DO",0,0,0,0,0,0,0,0,0,0,0,0,0,0,0,0,0
"3205",41173,"Walker County Commission","Rural Reporter","Rural","DR","DO",0,0,0,0,0,0,0,0,0,0,0,0,0,0,19028,8050,27078
"3206",41176,"Crawford County","Rural Reporter","Rural","DR","DO",0,0,0,0,0,0,0,0,0,0,0,0,0,0,0,0,0
"3207",41176,"Crawford County","Rural Reporter","Rural","DR","DO",0,0,0,0,0,0,0,0,0,0,0,0,0,0,7254,0,7254
"3208",41177,"Southwest Georgia RC","Rural Reporter","Rural","DR","PT",0,0,0,0,0,0,0,0,0,0,0,0,0,0,0,0,0
"3209",41177,"Southwest Georgia RC","Rural Reporter","Rural","DR","PT",0,0,0,0,0,0,0,0,0,0,0,0,0,0,73026,0,73026
"3210",41178,"Leslie, Knott, Letcher & Perry Community Action","Rural Reporter","Rural","DR","DO",0,0,0,0,0,0,0,0,0,0,0,0,0,0,0,0,0
"3211",41178,"Leslie, Knott, Letcher & Perry Community Action","Rural Reporter","Rural","DR","DO",0,0,0,0,0,0,0,0,0,0,0,0,0,0,41396,0,41396
"3212",41179,"Fulton County Transit Authority","Rural Reporter","Rural","DR","DO",0,0,0,0,0,0,0,0,0,0,0,0,0,0,0,0,0
"3213",41179,"Fulton County Transit Authority","Rural Reporter","Rural","DR","DO",0,0,0,0,0,0,0,0,0,0,0,0,0,0,234236,0,234236
"3214",41180,"Jackson County","Rural Reporter","Rural","DR","DO",0,0,0,0,0,0,0,0,0,0,0,0,0,0,0,0,0
"3215",41180,"Jackson County","Rural Reporter","Rural","DR","DO",0,0,0,0,0,0,0,0,0,0,0,0,0,0,25479,0,25479
"3216",41181,"Stanly County","Rural Reporter","Rural","DR","DO",0,0,0,0,0,0,0,0,0,0,0,0,0,0,0,0,0
"3217",41181,"Stanly County","Rural Reporter","Rural","DR","DO",0,0,0,0,0,0,0,0,0,0,0,0,0,0,38657,0,38657
"3218",41182,"Municipality of Comerio","Reduced Reporter","Urban","DR","DO",0,0,0,0,0,0,0,0,0,0,0,0,0,0,0,0,0
"3219",41182,"Municipality of Comerio","Reduced Reporter","Urban","DR","DO",0,0,0,0,0,0,0,0,0,0,0,0,0,0,0,0,0
"3220",41182,"Municipality of Comerio","Reduced Reporter","Urban","MB","DO",0,0,0,0,0,0,0,0,0,0,0,0,0,0,0,0,0
"3221",41182,"Municipality of Comerio","Reduced Reporter","Urban","MB","DO",0,0,0,0,0,0,0,0,0,0,0,0,0,0,0,0,0
"3222",41183,"Aaron E. Henry Community Health Services Center, Inc.","Rural Reporter","Rural","DR","DO",0,0,0,0,0,0,0,0,0,0,0,0,0,0,0,0,0
"3223",41183,"Aaron E. Henry Community Health Services Center, Inc.","Rural Reporter","Rural","DR","DO",0,0,0,0,0,0,0,0,0,0,0,0,0,0,159523,89756,249279
"3224",41184,"Levy County","Rural Reporter","Rural","DR","DO",0,0,0,0,0,0,0,0,0,0,0,0,0,0,0,0,0
"3225",41184,"Levy County","Rural Reporter","Rural","DR","DO",0,0,0,0,0,0,0,0,0,0,0,0,0,0,33556,45263,78819
"3226",41185,"Thomas County","Rural Reporter","Rural","DR","DO",0,0,0,0,0,0,0,0,0,0,0,0,0,0,0,0,0
"3227",41185,"Thomas County","Rural Reporter","Rural","DR","DO",0,0,0,0,0,0,0,0,0,0,0,0,0,0,27408,0,27408
"3228",41186,"Tri-County Community Council, Inc","Rural Reporter","Rural","DR","DO",0,0,0,0,0,0,0,0,0,0,0,0,0,0,0,0,0
"3229",41186,"Tri-County Community Council, Inc","Rural Reporter","Rural","DR","DO",0,0,0,0,0,0,0,0,0,0,0,0,0,0,55737,0,55737
"3230",41187,"Robeson County","Rural Reporter","Rural","DR","DO",0,0,0,0,0,0,0,0,0,0,0,0,0,0,0,0,0
"3231",41187,"Robeson County","Rural Reporter","Rural","DR","DO",0,0,0,0,0,0,0,0,0,0,0,0,0,0,8990,0,8990
"3232",41188,"Area Referral & Information Services for the Elderly","Rural Reporter","Rural","DR","DO",0,0,0,0,0,0,0,0,0,0,0,0,0,0,0,0,0
"3233",41188,"Area Referral & Information Services for the Elderly","Rural Reporter","Rural","DR","DO",0,0,0,0,0,0,0,0,0,0,0,0,0,0,13027,14400,27427
"3234",41190,"Paulding County","Rural Reporter","Rural","DR","DO",0,0,0,0,0,0,0,0,0,0,0,0,0,0,0,0,0
"3235",41190,"Paulding County","Rural Reporter","Rural","DR","DO",0,0,0,0,0,0,0,0,0,0,0,0,0,0,0,0,0
"3236",41191,"Macon County","Rural Reporter","Rural","DR","DO",0,0,0,0,0,0,0,0,0,0,0,0,0,0,0,0,0
"3237",41191,"Macon County","Rural Reporter","Rural","DR","DO",0,0,0,0,0,0,0,0,0,0,0,0,0,0,67833,0,67833
"3238",41191,"Macon County","Rural Reporter","Rural","MB","DO",0,0,0,0,0,0,0,0,0,0,0,0,0,0,0,0,0
"3239",41191,"Macon County","Rural Reporter","Rural","MB","DO",0,0,0,0,0,0,0,0,0,0,0,0,0,0,12985,0,12985
"3240",41192,"Bolivar County Council On Aging, Inc.","Rural Reporter","Rural","DR","DO",0,0,0,0,0,0,0,0,0,0,0,0,0,0,0,0,0
"3241",41192,"Bolivar County Council On Aging, Inc.","Rural Reporter","Rural","DR","DO",0,0,0,0,0,0,0,0,0,0,0,0,0,0,34757,331222,365979
"3242",41196,"Bleckley County","Rural Reporter","Rural","DR","PT",0,0,0,0,0,0,0,0,0,0,0,0,0,0,0,0,0
"3243",41196,"Bleckley County","Rural Reporter","Rural","DR","PT",0,0,0,0,0,0,0,0,0,0,0,0,0,0,5624,0,5624
"3244",41198,"Jackson County Transportation, Inc.","Rural Reporter","Rural","DR","DO",0,0,0,0,0,0,0,0,0,0,0,0,0,0,0,0,0
"3245",41198,"Jackson County Transportation, Inc.","Rural Reporter","Rural","DR","DO",0,0,0,0,0,0,0,0,0,0,0,0,0,0,44407,940579,984986
"3246",44907,"Catawba Indian Nation","Reduced Reporter","Tribe","DR","DO",0,0,0,0,0,0,0,0,0,0,0,0,0,0,0,0,0
"3247",44907,"Catawba Indian Nation","Reduced Reporter","Tribe","DR","DO",0,0,0,0,0,0,0,0,0,0,0,0,0,0,0,0,0
"3248",44913,"Eastern Band of Cherokee Indians","Reduced Reporter","Tribe","DR","DO",0,0,0,0,0,0,0,0,0,0,0,0,0,0,0,0,0
"3249",44913,"Eastern Band of Cherokee Indians","Reduced Reporter","Tribe","DR","DO",0,0,0,0,0,0,0,0,0,0,0,0,0,0,0,219226,219226
"3250",44913,"Eastern Band of Cherokee Indians","Reduced Reporter","Tribe","MB","DO",0,0,0,0,0,0,0,0,0,0,0,0,0,0,0,0,0
"3251",44913,"Eastern Band of Cherokee Indians","Reduced Reporter","Tribe","MB","DO",0,0,0,0,0,0,0,0,0,0,0,0,0,0,76090,0,76090
"3252",44919,"Poarch Band of Creek Indians","Reduced Reporter","Tribe","DR","DO",0,0,0,0,0,0,0,0,0,0,0,0,0,0,0,0,0
"3253",44919,"Poarch Band of Creek Indians","Reduced Reporter","Tribe","DR","DO",0,0,0,0,0,0,0,0,0,0,0,0,0,0,0,0,0
"3254",44925,"Mississippi Band of Choctaw Indians","Reduced Reporter","Tribe","DR","DO",0,0,0,0,0,0,0,0,0,0,0,0,0,0,0,0,0
"3255",44925,"Mississippi Band of Choctaw Indians","Reduced Reporter","Tribe","DR","DO",0,0,0,0,0,0,0,0,0,0,0,0,0,0,42676,0,42676
"3256",44926,"West Alabama Rural Public Transportation","Rural Reporter","Rural","DR","DO",0,0,0,0,0,0,0,0,0,0,0,0,0,0,0,0,0
"3257",44926,"West Alabama Rural Public Transportation","Rural Reporter","Rural","DR","DO",0,0,0,0,0,0,0,0,0,0,0,0,0,0,63795,0,63795
"3258",44928,"DJ Transit, Inc.","Rural Reporter","Rural","DR","DO",0,0,0,0,0,0,0,0,0,0,0,0,0,0,0,0,0
"3259",44928,"DJ Transit, Inc.","Rural Reporter","Rural","DR","DO",0,0,0,0,0,0,0,0,0,0,0,0,0,0,22455,126244,148699
"3260",44931,"City of Wilson, NC","Rural Reporter","Rural","DR","PT",0,0,0,0,0,0,0,0,0,0,0,0,0,0,0,0,0
"3261",44931,"City of Wilson, NC","Rural Reporter","Rural","DR","PT",0,0,0,0,0,0,0,0,0,0,0,0,0,0,309993,0,309993
"3262",44932,"City of Tamarac","Reduced Reporter","Urban","MB","DO",0,0,0,0,0,0,0,0,0,0,0,0,0,0,0,0,0
"3263",44932,"City of Tamarac","Reduced Reporter","Urban","MB","DO",0,0,0,0,0,0,0,0,0,0,0,0,0,0,0,0,0
"3264",44938,"Central Florida Regional Planning Council","Rural Reporter","Rural","DR","DO",0,0,0,0,0,0,0,0,0,0,0,0,0,0,0,0,0
"3265",44938,"Central Florida Regional Planning Council","Rural Reporter","Rural","DR","DO",0,0,0,0,0,0,0,0,0,0,0,0,0,0,0,0,0
"3266",44938,"Central Florida Regional Planning Council","Rural Reporter","Rural","MB","DO",0,0,0,0,0,0,0,0,0,0,0,0,0,0,0,0,0
"3267",44938,"Central Florida Regional Planning Council","Rural Reporter","Rural","MB","DO",0,0,0,0,0,0,0,0,0,0,0,0,0,0,0,0,0
"3268",44939,"Carroll County Wellness Transit","Rural Reporter","Rural","DR","DO",0,0,0,0,0,0,0,0,0,0,0,0,0,0,0,0,0
"3269",44939,"Carroll County Wellness Transit","Rural Reporter","Rural","DR","DO",0,0,0,0,0,0,0,0,0,0,0,0,0,0,0,0,0
"3270",44941,"Municipality of Jayuya","Rural Reporter","Rural","MB","DO",0,0,0,0,0,0,0,0,0,0,0,0,0,0,0,0,0
"3271",44941,"Municipality of Jayuya","Rural Reporter","Rural","MB","DO",0,0,0,0,0,0,0,0,0,0,0,0,0,0,0,0,0
"3272",44942,"Municipality of Coamo","Rural Reporter","Rural","DR","DO",0,0,0,0,0,0,0,0,0,0,0,0,0,0,0,0,0
"3273",44942,"Municipality of Coamo","Rural Reporter","Rural","DR","DO",0,0,0,0,0,0,0,0,0,0,0,0,0,0,0,0,0
"3274",44942,"Municipality of Coamo","Rural Reporter","Rural","MB","DO",0,0,0,0,0,0,0,0,0,0,0,0,0,0,0,0,0
"3275",44942,"Municipality of Coamo","Rural Reporter","Rural","MB","DO",0,0,0,0,0,0,0,0,0,0,0,0,0,0,0,0,0
"3276",44943,"Municipality of Vieques","Rural Reporter","Rural","MB","DO",0,0,0,0,0,0,0,0,0,0,0,0,0,0,0,0,0
"3277",44943,"Municipality of Vieques","Rural Reporter","Rural","MB","DO",0,0,0,0,0,0,0,0,0,0,0,0,0,0,0,0,0
"3278",44944,"City of Scottsville","Rural Reporter","Rural","MB","DO",0,0,0,0,0,0,0,0,0,0,0,0,0,0,0,0,0
"3279",44944,"City of Scottsville","Rural Reporter","Rural","MB","DO",0,0,0,0,0,0,0,0,0,0,0,0,0,0,0,0,0
"3280",44945,"North Georgia Community Action, Inc.","Rural Reporter","Rural","DR","DO",0,0,0,0,0,0,0,0,0,0,0,0,0,0,0,0,0
"3281",44945,"North Georgia Community Action, Inc.","Rural Reporter","Rural","DR","DO",0,0,0,0,0,0,0,0,0,0,0,0,0,0,39709,0,39709
"3282",44946,"Mount Zion Economic Community Center, Inc.","Rural Reporter","Rural","DR","DO",0,0,0,0,0,0,0,0,0,0,0,0,0,0,0,0,0
"3283",44946,"Mount Zion Economic Community Center, Inc.","Rural Reporter","Rural","DR","DO",0,0,0,0,0,0,0,0,0,0,0,0,0,0,27105,0,27105
"3284",44947,"County of Hyde","Rural Reporter","Rural","MB","PT",0,0,0,0,0,0,0,0,0,0,0,0,0,0,0,0,0
"3285",44947,"County of Hyde","Rural Reporter","Rural","MB","PT",0,0,0,0,0,0,0,0,0,0,0,0,0,0,0,0,0
"3286",44948,"Noxubee County Human Resource Agency","Rural Reporter","Rural","DR","DO",0,0,0,0,0,0,0,0,0,0,0,0,0,0,0,0,0
"3287",44948,"Noxubee County Human Resource Agency","Rural Reporter","Rural","DR","DO",0,0,0,0,0,0,0,0,0,0,0,0,0,0,9560,0,9560
"3288",44949,"Macon County Commission","Rural Reporter","Rural","DR","DO",0,0,0,0,0,0,0,0,0,0,0,0,0,0,0,0,0
"3289",44949,"Macon County Commission","Rural Reporter","Rural","DR","DO",0,0,0,0,0,0,0,0,0,0,0,0,0,0,17350,0,17350
"3290",44953,"Municipality of Arroyo","Reduced Reporter","Urban","DR","DO",0,0,0,0,0,0,0,0,0,0,0,0,0,0,0,0,0
"3291",44953,"Municipality of Arroyo","Reduced Reporter","Urban","DR","DO",0,0,0,0,0,0,0,0,0,0,0,0,0,0,0,0,0
"3292",44958,"North Carolina Department of Transportation -- Ferry Division","Rural Reporter","Rural","FB","PT",0,0,0,0,0,0,0,0,0,0,0,0,0,0,0,0,0
"3293",44958,"North Carolina Department of Transportation -- Ferry Division","Rural Reporter","Rural","FB","PT",0,0,0,0,0,0,0,0,0,0,0,0,0,0,0,0,0
"3294",44976,"Municipality of Patillas","Rural Reporter","Rural","MB","DO",0,0,0,0,0,0,0,0,0,0,0,0,0,0,0,0,0
"3295",44976,"Municipality of Patillas","Rural Reporter","Rural","MB","DO",0,0,0,0,0,0,0,0,0,0,0,0,0,0,0,0,0
"3296",44977,"McDowell Transit","Rural Reporter","Rural","DR","DO",0,0,0,0,0,0,0,0,0,0,0,0,0,0,0,0,0
"3297",44977,"McDowell Transit","Rural Reporter","Rural","DR","DO",0,0,0,0,0,0,0,0,0,0,0,0,0,0,0,0,0
"3298",44978,"Sunflower-Humphreys Counties Progress, Inc.","Rural Reporter","Rural","DR","DO",0,0,0,0,0,0,0,0,0,0,0,0,0,0,0,0,0
"3299",44978,"Sunflower-Humphreys Counties Progress, Inc.","Rural Reporter","Rural","DR","DO",0,0,0,0,0,0,0,0,0,0,0,0,0,0,12747,298137,310884
"3300",44979,"Central Mississippi, Incorporated","Rural Reporter","Rural","DR","DO",0,0,0,0,0,0,0,0,0,0,0,0,0,0,0,0,0
"3301",44979,"Central Mississippi, Incorporated","Rural Reporter","Rural","DR","DO",0,0,0,0,0,0,0,0,0,0,0,0,0,0,0,0,0
"3302",44980,"Hendry Co. BOCC","Rural Reporter","Rural","DR","DO",0,0,0,0,0,0,0,0,0,0,0,0,0,0,0,0,0
"3303",44980,"Hendry Co. BOCC","Rural Reporter","Rural","DR","DO",0,0,0,0,0,0,0,0,0,0,0,0,0,0,16436,0,16436
"3304",44980,"Hendry Co. BOCC","Rural Reporter","Rural","MB","DO",0,0,0,0,0,0,0,0,0,0,0,0,0,0,0,0,0
"3305",44980,"Hendry Co. BOCC","Rural Reporter","Rural","MB","DO",0,0,0,0,0,0,0,0,0,0,0,0,0,0,4038,0,4038
"3306",44982,"Southern Georgia Regional Commission","Rural Reporter","Rural","DR","PT",0,0,0,0,0,0,0,0,0,0,0,0,0,0,0,0,0
"3307",44982,"Southern Georgia Regional Commission","Rural Reporter","Rural","DR","PT",0,0,0,0,0,0,0,0,0,0,0,0,0,0,113538,0,113538
"3308",44983,"Philadelphia Transit","Rural Reporter","Rural","DR","DO",0,0,0,0,0,0,0,0,0,0,0,0,0,0,0,0,0
"3309",44983,"Philadelphia Transit","Rural Reporter","Rural","DR","DO",0,0,0,0,0,0,0,0,0,0,0,0,0,0,8977,0,8977
"3310",50005,"City of Madison","Full Reporter","Urban","DR","TX",0,0,0,0,0,0,0,0,0,0,0,0,0,0,166277,791699,957976
"3311",50007,"Bay Mills Indian Community","Reduced Reporter","Tribe","MB","DO",0,0,0,0,0,0,0,0,0,0,0,0,0,0,0,0,0
"3312",50007,"Bay Mills Indian Community","Reduced Reporter","Tribe","MB","DO",0,0,0,0,0,0,0,0,0,0,0,0,0,0,4384,0,4384
"3313",50009,"City of Oshkosh, Wisconsin","Reduced Reporter","Urban","DR","TX",0,0,0,0,0,0,0,0,0,0,0,0,0,0,0,0,0
"3314",50009,"City of Oshkosh, Wisconsin","Reduced Reporter","Urban","DR","TX",0,0,0,0,0,0,0,0,0,0,0,0,0,0,178953,297649,476602
"3315",50009,"City of Oshkosh, Wisconsin","Reduced Reporter","Urban","MB","DO",0,0,0,0,0,0,0,0,0,0,0,0,0,0,0,0,0
"3316",50009,"City of Oshkosh, Wisconsin","Reduced Reporter","Urban","MB","DO",0,0,0,0,0,0,0,0,0,0,0,0,0,0,354817,101008,455825
"3317",50009,"City of Oshkosh, Wisconsin","Reduced Reporter","Urban","MB","PT",0,0,0,0,0,0,0,0,0,0,0,0,0,0,0,0,0
"3318",50009,"City of Oshkosh, Wisconsin","Reduced Reporter","Urban","MB","PT",0,0,0,0,0,0,0,0,0,0,0,0,0,0,1833,0,1833
"3319",50013,"Red Cliff Band of Lake Superior Chippewa","Reduced Reporter","Tribe","DR","DO",0,0,0,0,0,0,0,0,0,0,0,0,0,0,0,0,0
"3320",50013,"Red Cliff Band of Lake Superior Chippewa","Reduced Reporter","Tribe","DR","DO",0,0,0,0,0,0,0,0,0,0,0,0,0,0,5057,0,5057
"3321",50014,"Forest County Potawatomi Community","Reduced Reporter","Tribe","DR","DO",0,0,0,0,0,0,0,0,0,0,0,0,0,0,0,0,0
"3322",50014,"Forest County Potawatomi Community","Reduced Reporter","Tribe","DR","DO",0,0,0,0,0,0,0,0,0,0,0,0,0,0,0,0,0
"3323",50019,"City of Middletown","Reduced Reporter","Urban","DR","DO",0,0,0,0,0,0,0,0,0,0,0,0,0,0,0,0,0
"3324",50019,"City of Middletown","Reduced Reporter","Urban","DR","DO",0,0,0,0,0,0,0,0,0,0,0,0,0,0,2,0,2
"3325",50019,"City of Middletown","Reduced Reporter","Urban","MB","DO",0,0,0,0,0,0,0,0,0,0,0,0,0,0,0,0,0
"3326",50019,"City of Middletown","Reduced Reporter","Urban","MB","DO",0,0,0,0,0,0,0,0,0,0,0,0,0,0,0,0,0
"3327",50020,"City of Springfield, Ohio","Reduced Reporter","Urban","DR","PT",0,0,0,0,0,0,0,0,0,0,0,0,0,0,0,0,0
"3328",50020,"City of Springfield, Ohio","Reduced Reporter","Urban","DR","PT",0,0,0,0,0,0,0,0,0,0,0,0,0,0,29208,950,30158
"3329",50020,"City of Springfield, Ohio","Reduced Reporter","Urban","MB","PT",0,0,0,0,0,0,0,0,0,0,0,0,0,0,0,0,0
"3330",50020,"City of Springfield, Ohio","Reduced Reporter","Urban","MB","PT",0,0,0,0,0,0,0,0,0,0,0,0,0,0,58223,50605,108828
"3331",50022,"Toledo Area Regional Transit Authority","Full Reporter","Urban","DR","TX",0,0,0,0,0,0,0,0,0,0,0,0,0,0,0,0,0
"3332",50030,"City of Battle Creek","Reduced Reporter","Urban","DR","DO",0,0,0,0,0,0,0,0,0,0,0,0,0,0,0,0,0
"3333",50030,"City of Battle Creek","Reduced Reporter","Urban","DR","DO",0,0,0,0,0,0,0,0,0,0,0,0,0,0,54147,0,54147
"3334",50030,"City of Battle Creek","Reduced Reporter","Urban","MB","DO",0,0,0,0,0,0,0,0,0,0,0,0,0,0,0,0,0
"3335",50030,"City of Battle Creek","Reduced Reporter","Urban","MB","DO",0,0,0,0,0,0,0,0,0,0,0,0,0,0,224150,0,224150
"3336",50031,"Suburban Mobility Authority for Regional Transportation","Full Reporter","Urban","MB","PT",0,0,0,0,0,0,0,0,0,0,0,0,0,0,101438,0,101438
"3337",50037,"County of Muskegon","Reduced Reporter","Urban","DR","DO",0,0,0,0,0,0,0,0,0,0,0,0,0,0,0,0,0
"3338",50037,"County of Muskegon","Reduced Reporter","Urban","DR","DO",0,0,0,0,0,0,0,0,0,0,0,0,0,0,2831,176,3007
"3339",50037,"County of Muskegon","Reduced Reporter","Urban","DR","PT",0,0,0,0,0,0,0,0,0,0,0,0,0,0,0,0,0
"3340",50037,"County of Muskegon","Reduced Reporter","Urban","DR","PT",0,0,0,0,0,0,0,0,0,0,0,0,0,0,200416,0,200416
"3341",50037,"County of Muskegon","Reduced Reporter","Urban","MB","DO",0,0,0,0,0,0,0,0,0,0,0,0,0,0,0,0,0
"3342",50037,"County of Muskegon","Reduced Reporter","Urban","MB","DO",0,0,0,0,0,0,0,0,0,0,0,0,0,0,91999,662,92661
"3343",50038,"City of Niles","Reduced Reporter","Urban","DR","DO",0,0,0,0,0,0,0,0,0,0,0,0,0,0,0,0,0
"3344",50038,"City of Niles","Reduced Reporter","Urban","DR","DO",0,0,0,0,0,0,0,0,0,0,0,0,0,0,0,0,0
"3345",50038,"City of Niles","Reduced Reporter","Urban","MB","DO",0,0,0,0,0,0,0,0,0,0,0,0,0,0,0,0,0
"3346",50038,"City of Niles","Reduced Reporter","Urban","MB","DO",0,0,0,0,0,0,0,0,0,0,0,0,0,0,0,0,0
"3347",50041,"City of Anderson","Reduced Reporter","Urban","DR","DO",0,0,0,0,0,0,0,0,0,0,0,0,0,0,0,0,0
"3348",50041,"City of Anderson","Reduced Reporter","Urban","DR","DO",0,0,0,0,0,0,0,0,0,0,0,0,0,0,33274,0,33274
"3349",50041,"City of Anderson","Reduced Reporter","Urban","MB","DO",0,0,0,0,0,0,0,0,0,0,0,0,0,0,0,0,0
"3350",50041,"City of Anderson","Reduced Reporter","Urban","MB","DO",0,0,0,0,0,0,0,0,0,0,0,0,0,0,54851,0,54851
"3351",50042,"City of East Chicago","Reduced Reporter","Urban","DR","DO",0,0,0,0,0,0,0,0,0,0,0,0,0,0,0,0,0
"3352",50042,"City of East Chicago","Reduced Reporter","Urban","DR","DO",0,0,0,0,0,0,0,0,0,0,0,0,0,0,0,0,0
"3353",50042,"City of East Chicago","Reduced Reporter","Urban","MB","DO",0,0,0,0,0,0,0,0,0,0,0,0,0,0,0,0,0
"3354",50042,"City of East Chicago","Reduced Reporter","Urban","MB","DO",0,0,0,0,0,0,0,0,0,0,0,0,0,0,0,0,0
"3355",50050,"Indianapolis and Marion County Public Transportation","Full Reporter","Urban","DR","TN",0,0,0,0,0,0,0,0,0,0,0,0,0,0,120356,0,120356
"3356",50058,"Rockford Mass Transit District","Full Reporter","Urban","DR","PT",0,0,0,0,0,0,0,0,0,0,0,0,0,0,17765,0,17765
"3357",50088,"City of Sheboygan","Reduced Reporter","Urban","DR","DO",0,0,0,0,0,0,0,0,0,0,0,0,0,0,0,0,0
"3358",50088,"City of Sheboygan","Reduced Reporter","Urban","DR","DO",0,0,0,0,0,0,0,0,0,0,0,0,0,0,32715,199181,231896
"3359",50088,"City of Sheboygan","Reduced Reporter","Urban","MB","DO",0,0,0,0,0,0,0,0,0,0,0,0,0,0,0,0,0
"3360",50088,"City of Sheboygan","Reduced Reporter","Urban","MB","DO",0,0,0,0,0,0,0,0,0,0,0,0,0,0,290559,0,290559
"3361",50090,"Richland County Transit","Reduced Reporter","Urban","DR","PT",0,0,0,0,0,0,0,0,0,0,0,0,0,0,0,0,0
"3362",50090,"Richland County Transit","Reduced Reporter","Urban","DR","PT",0,0,0,0,0,0,0,0,0,0,0,0,0,0,20080,17322,37402
"3363",50090,"Richland County Transit","Reduced Reporter","Urban","MB","PT",0,0,0,0,0,0,0,0,0,0,0,0,0,0,0,0,0
"3364",50090,"Richland County Transit","Reduced Reporter","Urban","MB","PT",0,0,0,0,0,0,0,0,0,0,0,0,0,0,93570,51723,145293
"3365",50091,"City of Wausau, Wisconsin","Reduced Reporter","Urban","DR","DO",0,0,0,0,0,0,0,0,0,0,0,0,0,0,0,0,0
"3366",50091,"City of Wausau, Wisconsin","Reduced Reporter","Urban","DR","DO",0,0,0,0,0,0,0,0,0,0,0,0,0,0,6952,0,6952
"3367",50091,"City of Wausau, Wisconsin","Reduced Reporter","Urban","MB","DO",0,0,0,0,0,0,0,0,0,0,0,0,0,0,0,0,0
"3368",50091,"City of Wausau, Wisconsin","Reduced Reporter","Urban","MB","DO",0,0,0,0,0,0,0,0,0,0,0,0,0,0,347981,0,347981
"3369",50092,"City of Rochester, Minnesota","Full Reporter","Urban","DR","TX",0,0,0,0,0,0,0,0,0,0,0,0,0,0,11204,690,11894
"3370",50093,"Lima Allen County Regional Transit Authority","Reduced Reporter","Urban","DR","DO",0,0,0,0,0,0,0,0,0,0,0,0,0,0,0,0,0
"3371",50093,"Lima Allen County Regional Transit Authority","Reduced Reporter","Urban","DR","DO",0,0,0,0,0,0,0,0,0,0,0,0,0,0,32126,251808,283934
"3372",50093,"Lima Allen County Regional Transit Authority","Reduced Reporter","Urban","MB","DO",0,0,0,0,0,0,0,0,0,0,0,0,0,0,0,0,0
"3373",50093,"Lima Allen County Regional Transit Authority","Reduced Reporter","Urban","MB","DO",0,0,0,0,0,0,0,0,0,0,0,0,0,0,139799,0,139799
"3374",50095,"Lorain County","Reduced Reporter","Urban","DR","PT",0,0,0,0,0,0,0,0,0,0,0,0,0,0,0,0,0
"3375",50095,"Lorain County","Reduced Reporter","Urban","DR","PT",0,0,0,0,0,0,0,0,0,0,0,0,0,0,47036,148,47184
"3376",50095,"Lorain County","Reduced Reporter","Urban","MB","PT",0,0,0,0,0,0,0,0,0,0,0,0,0,0,0,0,0
"3377",50095,"Lorain County","Reduced Reporter","Urban","MB","PT",0,0,0,0,0,0,0,0,0,0,0,0,0,0,18657,19215,37872
"3378",50098,"City of Michigan","Reduced Reporter","Urban","CB","DO",0,0,0,0,0,0,0,0,0,0,0,0,0,0,0,0,0
"3379",50098,"City of Michigan","Reduced Reporter","Urban","CB","DO",0,0,0,0,0,0,0,0,0,0,0,0,0,0,0,0,0
"3380",50098,"City of Michigan","Reduced Reporter","Urban","DR","DO",0,0,0,0,0,0,0,0,0,0,0,0,0,0,0,0,0
"3381",50098,"City of Michigan","Reduced Reporter","Urban","DR","DO",0,0,0,0,0,0,0,0,0,0,0,0,0,0,8326,0,8326
"3382",50098,"City of Michigan","Reduced Reporter","Urban","MB","DO",0,0,0,0,0,0,0,0,0,0,0,0,0,0,0,0,0
"3383",50098,"City of Michigan","Reduced Reporter","Urban","MB","DO",0,0,0,0,0,0,0,0,0,0,0,0,0,0,65866,0,65866
"3384",50103,"North Township of Lake County","Reduced Reporter","Urban","DR","DO",0,0,0,0,0,0,0,0,0,0,0,0,0,0,0,0,0
"3385",50103,"North Township of Lake County","Reduced Reporter","Urban","DR","DO",0,0,0,0,0,0,0,0,0,0,0,0,0,0,0,0,0
"3386",50107,"City of Henderson","Rural Reporter","Rural","DR","DO",0,0,0,0,0,0,0,0,0,0,0,0,0,0,0,0,0
"3387",50107,"City of Henderson","Rural Reporter","Rural","DR","DO",0,0,0,0,0,0,0,0,0,0,0,0,0,0,4699,0,4699
"3388",50107,"City of Henderson","Rural Reporter","Rural","MB","DO",0,0,0,0,0,0,0,0,0,0,0,0,0,0,0,0,0
"3389",50107,"City of Henderson","Rural Reporter","Rural","MB","DO",0,0,0,0,0,0,0,0,0,0,0,0,0,0,15730,0,15730
"3390",50108,"City of Janesville","Reduced Reporter","Urban","DR","PT",0,0,0,0,0,0,0,0,0,0,0,0,0,0,0,0,0
"3391",50108,"City of Janesville","Reduced Reporter","Urban","DR","PT",0,0,0,0,0,0,0,0,0,0,0,0,0,0,14346,60613,74959
"3392",50108,"City of Janesville","Reduced Reporter","Urban","MB","DO",0,0,0,0,0,0,0,0,0,0,0,0,0,0,0,0,0
"3393",50108,"City of Janesville","Reduced Reporter","Urban","MB","DO",0,0,0,0,0,0,0,0,0,0,0,0,0,0,363834,31788,395622
"3394",50109,"City of Beloit","Reduced Reporter","Urban","DR","PT",0,0,0,0,0,0,0,0,0,0,0,0,0,0,0,0,0
"3395",50109,"City of Beloit","Reduced Reporter","Urban","DR","PT",0,0,0,0,0,0,0,0,0,0,0,0,0,0,27392,0,27392
"3396",50109,"City of Beloit","Reduced Reporter","Urban","MB","DO",0,0,0,0,0,0,0,0,0,0,0,0,0,0,0,0,0
"3397",50109,"City of Beloit","Reduced Reporter","Urban","MB","DO",0,0,0,0,0,0,0,0,0,0,0,0,0,0,98568,0,98568
"3398",50110,"Bloomington Public Transportation Corporation","Full Reporter","Urban","DR","TN",0,0,0,0,0,0,0,0,0,0,0,0,0,0,23958,0,23958
"3399",50113,"Pace, the Suburban Bus Division of the Regional Transportation Authority","Full Reporter","Urban","DR","TN",0,0,0,0,0,0,0,0,0,0,0,0,0,0,26871,0,26871
"3400",50113,"Pace, the Suburban Bus Division of the Regional Transportation Authority","Full Reporter","Urban","DR","TX",0,0,0,0,0,0,0,0,0,0,0,0,0,0,222845,0,222845
"3401",50131,"Opportunity Enterprises, Inc.","Reduced Reporter","Urban","DR","DO",0,0,0,0,0,0,0,0,0,0,0,0,0,0,0,0,0
"3402",50131,"Opportunity Enterprises, Inc.","Reduced Reporter","Urban","DR","DO",0,0,0,0,0,0,0,0,0,0,0,0,0,0,16345,392209,408554
"3403",50132,"Twin Cities Area Transportation Authority","Reduced Reporter","Urban","DR","DO",0,0,0,0,0,0,0,0,0,0,0,0,0,0,0,0,0
"3404",50132,"Twin Cities Area Transportation Authority","Reduced Reporter","Urban","DR","DO",0,0,0,0,0,0,0,0,0,0,0,0,0,0,114230,0,114230
"3405",50132,"Twin Cities Area Transportation Authority","Reduced Reporter","Urban","MB","DO",0,0,0,0,0,0,0,0,0,0,0,0,0,0,0,0,0
"3406",50132,"Twin Cities Area Transportation Authority","Reduced Reporter","Urban","MB","DO",0,0,0,0,0,0,0,0,0,0,0,0,0,0,15576,0,15576
"3407",50133,"City of Chippewa Falls","Reduced Reporter","Urban","DR","PT",0,0,0,0,0,0,0,0,0,0,0,0,0,0,0,0,0
"3408",50133,"City of Chippewa Falls","Reduced Reporter","Urban","DR","PT",0,0,0,0,0,0,0,0,0,0,0,0,0,0,88800,62934,151734
"3409",50142,"Steel Valley Regional Transit Authority","Reduced Reporter","Urban","DR","DO",0,0,0,0,0,0,0,0,0,0,0,0,0,0,0,0,0
"3410",50142,"Steel Valley Regional Transit Authority","Reduced Reporter","Urban","DR","DO",0,0,0,0,0,0,0,0,0,0,0,0,0,0,2417,0,2417
"3411",50142,"Steel Valley Regional Transit Authority","Reduced Reporter","Urban","MB","DO",0,0,0,0,0,0,0,0,0,0,0,0,0,0,0,0,0
"3412",50142,"Steel Valley Regional Transit Authority","Reduced Reporter","Urban","MB","DO",0,0,0,0,0,0,0,0,0,0,0,0,0,0,45286,0,45286
"3413",50152,"City of Onalaska","Reduced Reporter","Urban","DR","PT",0,0,0,0,0,0,0,0,0,0,0,0,0,0,0,0,0
"3414",50152,"City of Onalaska","Reduced Reporter","Urban","DR","PT",0,0,0,0,0,0,0,0,0,0,0,0,0,0,265948,0,265948
"3415",50157,"Butler County Regional Transit Authority","Full Reporter","Urban","CB","PT",0,0,0,0,0,0,0,0,0,0,0,0,0,0,86201,0,86201
"3416",50162,"City of La Porte, Indiana","Reduced Reporter","Urban","DR","DO",0,0,0,0,0,0,0,0,0,0,0,0,0,0,0,0,0
"3417",50162,"City of La Porte, Indiana","Reduced Reporter","Urban","DR","DO",0,0,0,0,0,0,0,0,0,0,0,0,0,0,95369,0,95369
"3418",50164,"City of Sandusky","Reduced Reporter","Urban","DR","PT",0,0,0,0,0,0,0,0,0,0,0,0,0,0,0,0,0
"3419",50164,"City of Sandusky","Reduced Reporter","Urban","DR","PT",0,0,0,0,0,0,0,0,0,0,0,0,0,0,54248,160080,214328
"3420",50164,"City of Sandusky","Reduced Reporter","Urban","MB","PT",0,0,0,0,0,0,0,0,0,0,0,0,0,0,0,0,0
"3421",50164,"City of Sandusky","Reduced Reporter","Urban","MB","PT",0,0,0,0,0,0,0,0,0,0,0,0,0,0,126793,361824,488617
"3422",50166,"Clermont County, Ohio","Full Reporter","Urban","MB","PT",0,0,0,0,0,0,0,0,0,0,0,0,0,0,72703,0,72703
"3423",50167,"South Lake County Community Services, Inc.","Reduced Reporter","Urban","DR","DO",0,0,0,0,0,0,0,0,0,0,0,0,0,0,0,0,0
"3424",50167,"South Lake County Community Services, Inc.","Reduced Reporter","Urban","DR","DO",0,0,0,0,0,0,0,0,0,0,0,0,0,0,103926,0,103926
"3425",50171,"Fond du Lac, Wisconsin","Reduced Reporter","Urban","DR","PT",0,0,0,0,0,0,0,0,0,0,0,0,0,0,0,0,0
"3426",50171,"Fond du Lac, Wisconsin","Reduced Reporter","Urban","DR","PT",0,0,0,0,0,0,0,0,0,0,0,0,0,0,43708,0,43708
"3427",50171,"Fond du Lac, Wisconsin","Reduced Reporter","Urban","DR","TX",0,0,0,0,0,0,0,0,0,0,0,0,0,0,0,0,0
"3428",50171,"Fond du Lac, Wisconsin","Reduced Reporter","Urban","DR","TX",0,0,0,0,0,0,0,0,0,0,0,0,0,0,25238,0,25238
"3429",50171,"Fond du Lac, Wisconsin","Reduced Reporter","Urban","MB","DO",0,0,0,0,0,0,0,0,0,0,0,0,0,0,0,0,0
"3430",50171,"Fond du Lac, Wisconsin","Reduced Reporter","Urban","MB","DO",0,0,0,0,0,0,0,0,0,0,0,0,0,0,116591,0,116591
"3431",50171,"Fond du Lac, Wisconsin","Reduced Reporter","Urban","MB","PT",0,0,0,0,0,0,0,0,0,0,0,0,0,0,0,0,0
"3432",50171,"Fond du Lac, Wisconsin","Reduced Reporter","Urban","MB","PT",0,0,0,0,0,0,0,0,0,0,0,0,0,0,1477,0,1477
"3433",50174,"City of Danville","Reduced Reporter","Urban","DR","PT",0,0,0,0,0,0,0,0,0,0,0,0,0,0,0,0,0
"3434",50174,"City of Danville","Reduced Reporter","Urban","DR","PT",0,0,0,0,0,0,0,0,0,0,0,0,0,0,13500,0,13500
"3435",50174,"City of Danville","Reduced Reporter","Urban","MB","DO",0,0,0,0,0,0,0,0,0,0,0,0,0,0,0,0,0
"3436",50174,"City of Danville","Reduced Reporter","Urban","MB","DO",0,0,0,0,0,0,0,0,0,0,0,0,0,0,233095,0,233095
"3437",50177,"City of Columbus","Reduced Reporter","Urban","DR","DO",0,0,0,0,0,0,0,0,0,0,0,0,0,0,0,0,0
"3438",50177,"City of Columbus","Reduced Reporter","Urban","DR","DO",0,0,0,0,0,0,0,0,0,0,0,0,0,0,0,0,0
"3439",50177,"City of Columbus","Reduced Reporter","Urban","MB","DO",0,0,0,0,0,0,0,0,0,0,0,0,0,0,0,0,0
"3440",50177,"City of Columbus","Reduced Reporter","Urban","MB","DO",0,0,0,0,0,0,0,0,0,0,0,0,0,0,0,0,0
"3441",50179,"Porter County Aging and Community Services, Inc.","Reduced Reporter","Urban","DR","DO",0,0,0,0,0,0,0,0,0,0,0,0,0,0,0,0,0
"3442",50179,"Porter County Aging and Community Services, Inc.","Reduced Reporter","Urban","DR","DO",0,0,0,0,0,0,0,0,0,0,0,0,0,0,3716,0,3716
"3443",50180,"Livingston County Board of Commissioners","Reduced Reporter","Urban","DR","DO",0,0,0,0,0,0,0,0,0,0,0,0,0,0,0,0,0
"3444",50180,"Livingston County Board of Commissioners","Reduced Reporter","Urban","DR","DO",0,0,0,0,0,0,0,0,0,0,0,0,0,0,175644,258357,434001
"3445",50182,"Pace, the Suburban Bus Division of the Regional Transportation Authority","Full Reporter","Urban","DR","TN",0,0,0,0,0,0,0,0,0,0,0,0,0,0,215537,0,215537
"3446",50182,"Pace, the Suburban Bus Division of the Regional Transportation Authority","Full Reporter","Urban","DR","TX",0,0,0,0,0,0,0,0,0,0,0,0,0,0,1029318,0,1029318
"3447",50183,"City of Valparaiso","Reduced Reporter","Urban","CB","PT",0,0,0,0,0,0,0,0,0,0,0,0,0,0,0,0,0
"3448",50183,"City of Valparaiso","Reduced Reporter","Urban","CB","PT",0,0,0,0,0,0,0,0,0,0,0,0,0,0,280445,0,280445
"3449",50183,"City of Valparaiso","Reduced Reporter","Urban","MB","PT",0,0,0,0,0,0,0,0,0,0,0,0,0,0,0,0,0
"3450",50183,"City of Valparaiso","Reduced Reporter","Urban","MB","PT",0,0,0,0,0,0,0,0,0,0,0,0,0,0,52181,147165,199346
"3451",50186,"Lawrence County Port Authority","Reduced Reporter","Urban","DR","PT",0,0,0,0,0,0,0,0,0,0,0,0,0,0,0,0,0
"3452",50186,"Lawrence County Port Authority","Reduced Reporter","Urban","DR","PT",0,0,0,0,0,0,0,0,0,0,0,0,0,0,2429,139603,142032
"3453",50186,"Lawrence County Port Authority","Reduced Reporter","Urban","MB","PT",0,0,0,0,0,0,0,0,0,0,0,0,0,0,0,0,0
"3454",50186,"Lawrence County Port Authority","Reduced Reporter","Urban","MB","PT",0,0,0,0,0,0,0,0,0,0,0,0,0,0,2576,0,2576
"3455",50194,"Boone County Council on Aging","Reduced Reporter","Urban","DR","DO",0,0,0,0,0,0,0,0,0,0,0,0,0,0,0,0,0
"3456",50194,"Boone County Council on Aging","Reduced Reporter","Urban","DR","DO",0,0,0,0,0,0,0,0,0,0,0,0,0,0,16447,0,16447
"3457",50195,"City of Shelby","Reduced Reporter","Urban","DR","DO",0,0,0,0,0,0,0,0,0,0,0,0,0,0,0,0,0
"3458",50195,"City of Shelby","Reduced Reporter","Urban","DR","DO",0,0,0,0,0,0,0,0,0,0,0,0,0,0,2091,0,2091
"3459",50196,"Harbor Transit Multi-Modal Transportation System","Reduced Reporter","Urban","DR","DO",0,0,0,0,0,0,0,0,0,0,0,0,0,0,0,0,0
"3460",50196,"Harbor Transit Multi-Modal Transportation System","Reduced Reporter","Urban","DR","DO",0,0,0,0,0,0,0,0,0,0,0,0,0,0,0,0,0
"3461",50196,"Harbor Transit Multi-Modal Transportation System","Reduced Reporter","Urban","MB","DO",0,0,0,0,0,0,0,0,0,0,0,0,0,0,0,0,0
"3462",50196,"Harbor Transit Multi-Modal Transportation System","Reduced Reporter","Urban","MB","DO",0,0,0,0,0,0,0,0,0,0,0,0,0,0,0,0,0
"3463",50198,"Medina County","Full Reporter","Urban","DR","TX",0,0,0,0,0,0,0,0,0,0,0,0,0,0,0,0,0
"3464",50200,"County of Warren","Reduced Reporter","Urban","DR","PT",0,0,0,0,0,0,0,0,0,0,0,0,0,0,66663,0,66663
"3465",50200,"County of Warren","Reduced Reporter","Urban","DR","PT",0,0,0,0,0,0,0,0,0,0,0,0,0,0,1175,23288,24463
"3466",50201,"Hancock County Senior Services","Reduced Reporter","Urban","DR","DO",0,0,0,0,0,0,0,0,0,0,0,0,0,0,0,0,0
"3467",50201,"Hancock County Senior Services","Reduced Reporter","Urban","DR","DO",0,0,0,0,0,0,0,0,0,0,0,0,0,0,47443,26724,74167
"3468",50202,"City of West Bend","Reduced Reporter","Urban","DR","PT",0,0,0,0,0,0,0,0,0,0,0,0,0,0,0,0,0
"3469",50202,"City of West Bend","Reduced Reporter","Urban","DR","PT",0,0,0,0,0,0,0,0,0,0,0,0,0,0,419623,0,419623
"3470",50204,"Jackson County Mass Transit District","Rural Reporter","Rural","MB","DO",0,0,0,0,0,0,0,0,0,0,0,0,0,0,0,0,0
"3471",50204,"Jackson County Mass Transit District","Rural Reporter","Rural","MB","DO",0,0,0,0,0,0,0,0,0,0,0,0,0,0,53316,340014,393330
"3472",50205,"City of Mankato","Reduced Reporter","Urban","DR","DO",0,0,0,0,0,0,0,0,0,0,0,0,0,0,0,0,0
"3473",50205,"City of Mankato","Reduced Reporter","Urban","DR","DO",0,0,0,0,0,0,0,0,0,0,0,0,0,0,117055,0,117055
"3474",50205,"City of Mankato","Reduced Reporter","Urban","MB","DO",0,0,0,0,0,0,0,0,0,0,0,0,0,0,0,48713,48713
"3475",50205,"City of Mankato","Reduced Reporter","Urban","MB","DO",0,0,0,0,0,0,0,0,0,0,0,0,0,0,99352,510440,609792
"3476",50207,"City of Midland","Reduced Reporter","Urban","DR","DO",0,0,0,0,0,0,0,0,0,0,0,0,0,0,0,0,0
"3477",50207,"City of Midland","Reduced Reporter","Urban","DR","DO",0,0,0,0,0,0,0,0,0,0,0,0,0,0,117427,0,117427
"3478",50208,"Midland County Board of Commissioners","Reduced Reporter","Urban","DR","DO",0,0,0,0,0,0,0,0,0,0,0,0,0,0,0,0,0
"3479",50208,"Midland County Board of Commissioners","Reduced Reporter","Urban","DR","DO",0,0,0,0,0,0,0,0,0,0,0,0,0,0,173953,0,173953
"3480",50210,"City of Hartford","Reduced Reporter","Urban","DR","DO",0,0,0,0,0,0,0,0,0,0,0,0,0,0,0,0,0
"3481",50210,"City of Hartford","Reduced Reporter","Urban","DR","DO",0,0,0,0,0,0,0,0,0,0,0,0,0,0,47671,0,47671
"3482",50211,"Rides Mass Transit District","Rural Reporter","Rural","MB","DO",0,0,0,0,0,0,0,0,0,0,0,0,0,0,0,0,0
"3483",50211,"Rides Mass Transit District","Rural Reporter","Rural","MB","DO",0,0,0,0,0,0,0,0,0,0,0,0,0,0,214817,0,214817
"3484",50212,"Stateline Mass Transit District","Separate Service","Urban","DR","PT",0,0,0,0,0,0,0,0,0,0,0,0,0,0,49472,0,49472
"3485",50215,"Voluntary Action Center","Reduced Reporter","Urban","DR","DO",0,0,0,0,0,0,0,0,0,0,0,0,0,0,0,0,0
"3486",50215,"Voluntary Action Center","Reduced Reporter","Urban","DR","DO",0,0,0,0,0,0,0,0,0,0,0,0,0,0,9834,172609,182443
"3487",50217,"Iosco Transit Corporation","Rural Reporter","Rural","DR","DO",0,0,0,0,0,0,0,0,0,0,0,0,0,0,0,0,0
"3488",50217,"Iosco Transit Corporation","Rural Reporter","Rural","DR","DO",0,0,0,0,0,0,0,0,0,0,0,0,0,0,72609,0,72609
"3489",50219,"City of Ottawa","Rural Reporter","Rural","DR","DO",0,0,0,0,0,0,0,0,0,0,0,0,0,0,0,0,0
"3490",50219,"City of Ottawa","Rural Reporter","Rural","DR","DO",0,0,0,0,0,0,0,0,0,0,0,0,0,0,187582,0,187582
"3491",50220,"City of Shawano","Rural Reporter","Rural","DR","PT",0,0,0,0,0,0,0,0,0,0,0,0,0,0,0,0,0
"3492",50220,"City of Shawano","Rural Reporter","Rural","DR","PT",0,0,0,0,0,0,0,0,0,0,0,0,0,0,30106,176304,206410
"3493",50221,"Bond County","Rural Reporter","Rural","DR","DO",0,0,0,0,0,0,0,0,0,0,0,0,0,0,0,0,0
"3494",50221,"Bond County","Rural Reporter","Rural","DR","DO",0,0,0,0,0,0,0,0,0,0,0,0,0,0,19876,3929,23805
"3495",50223,"CRIS Rural Mass Transit District","Rural Reporter","Rural","DR","DO",0,0,0,0,0,0,0,0,0,0,0,0,0,0,0,0,0
"3496",50223,"CRIS Rural Mass Transit District","Rural Reporter","Rural","DR","DO",0,0,0,0,0,0,0,0,0,0,0,0,0,0,10808,35165,45973
"3497",50224,"Caro Transit Authority","Rural Reporter","Rural","DR","DO",0,0,0,0,0,0,0,0,0,0,0,0,0,0,0,0,0
"3498",50224,"Caro Transit Authority","Rural Reporter","Rural","DR","DO",0,0,0,0,0,0,0,0,0,0,0,0,0,0,100350,0,100350
"3499",50225,"Arenac Public Transit Authority","Rural Reporter","Rural","DR","DO",0,0,0,0,0,0,0,0,0,0,0,0,0,0,0,0,0
"3500",50225,"Arenac Public Transit Authority","Rural Reporter","Rural","DR","DO",0,0,0,0,0,0,0,0,0,0,0,0,0,0,47970,0,47970
"3501",50226,"Dunn County Transit Commission","Rural Reporter","Rural","DR","DO",0,0,0,0,0,0,0,0,0,0,0,0,0,0,0,0,0
"3502",50226,"Dunn County Transit Commission","Rural Reporter","Rural","DR","DO",0,0,0,0,0,0,0,0,0,0,0,0,0,0,14946,22349,37295
"3503",50226,"Dunn County Transit Commission","Rural Reporter","Rural","MB","DO",0,0,0,0,0,0,0,0,0,0,0,0,0,0,0,0,0
"3504",50226,"Dunn County Transit Commission","Rural Reporter","Rural","MB","DO",0,0,0,0,0,0,0,0,0,0,0,0,0,0,0,0,0
"3505",50227,"Shiawassee Area Transportation Agency","Rural Reporter","Rural","DR","DO",0,0,0,0,0,0,0,0,0,0,0,0,0,0,0,0,0
"3506",50227,"Shiawassee Area Transportation Agency","Rural Reporter","Rural","DR","DO",0,0,0,0,0,0,0,0,0,0,0,0,0,0,74423,0,74423
"3507",50229,"City of Richland Center","Rural Reporter","Rural","DR","TX",0,0,0,0,0,0,0,0,0,0,0,0,0,0,0,0,0
"3508",50229,"City of Richland Center","Rural Reporter","Rural","DR","TX",0,0,0,0,0,0,0,0,0,0,0,0,0,0,38221,71300,109521
"3509",50230,"Boone County Senior Services, Inc.","Rural Reporter","Rural","DR","DO",0,0,0,0,0,0,0,0,0,0,0,0,0,0,0,0,0
"3510",50230,"Boone County Senior Services, Inc.","Rural Reporter","Rural","DR","DO",0,0,0,0,0,0,0,0,0,0,0,0,0,0,40207,43372,83579
"3511",50231,"Rainbow Rider Transit Board","Rural Reporter","Rural","DR","DO",0,0,0,0,0,0,0,0,0,0,0,0,0,0,0,0,0
"3512",50231,"Rainbow Rider Transit Board","Rural Reporter","Rural","DR","DO",0,0,0,0,0,0,0,0,0,0,0,0,0,0,233950,276485,510435
"3513",50232,"City of Macomb","Rural Reporter","Rural","DR","DO",0,0,0,0,0,0,0,0,0,0,0,0,0,0,0,0,0
"3514",50232,"City of Macomb","Rural Reporter","Rural","DR","DO",0,0,0,0,0,0,0,0,0,0,0,0,0,0,4653,20000,24653
"3515",50232,"City of Macomb","Rural Reporter","Rural","DR","PT",0,0,0,0,0,0,0,0,0,0,0,0,0,0,0,0,0
"3516",50232,"City of Macomb","Rural Reporter","Rural","DR","PT",0,0,0,0,0,0,0,0,0,0,0,0,0,0,4653,0,4653
"3517",50232,"City of Macomb","Rural Reporter","Rural","MB","DO",0,0,0,0,0,0,0,0,0,0,0,0,0,0,0,0,0
"3518",50232,"City of Macomb","Rural Reporter","Rural","MB","DO",0,0,0,0,0,0,0,0,0,0,0,0,0,0,0,228702,228702
"3519",50232,"City of Macomb","Rural Reporter","Rural","MB","PT",0,0,0,0,0,0,0,0,0,0,0,0,0,0,0,0,0
"3520",50232,"City of Macomb","Rural Reporter","Rural","MB","PT",0,0,0,0,0,0,0,0,0,0,0,0,0,0,0,0,0
"3521",50233,"Thunderbay Transportation Authority","Rural Reporter","Rural","DR","DO",0,0,0,0,0,0,0,0,0,0,0,0,0,0,0,0,0
"3522",50233,"Thunderbay Transportation Authority","Rural Reporter","Rural","DR","DO",0,0,0,0,0,0,0,0,0,0,0,0,0,0,87252,0,87252
"3523",50234,"Carroll County","Rural Reporter","Rural","DR","DO",0,0,0,0,0,0,0,0,0,0,0,0,0,0,0,0,0
"3524",50234,"Carroll County","Rural Reporter","Rural","DR","DO",0,0,0,0,0,0,0,0,0,0,0,0,0,0,41642,147646,189288
"3525",50235,"City of Monroe","Rural Reporter","Rural","DR","PT",0,0,0,0,0,0,0,0,0,0,0,0,0,0,0,0,0
"3526",50235,"City of Monroe","Rural Reporter","Rural","DR","PT",0,0,0,0,0,0,0,0,0,0,0,0,0,0,76273,46726,122999
"3527",50237,"Rock Island County","Rural Reporter","Rural","DR","DO",0,0,0,0,0,0,0,0,0,0,0,0,0,0,0,0,0
"3528",50237,"Rock Island County","Rural Reporter","Rural","DR","DO",0,0,0,0,0,0,0,0,0,0,0,0,0,0,9246,11084,20330
"3529",50239,"City of Black River Falls","Rural Reporter","Rural","DR","PT",0,0,0,0,0,0,0,0,0,0,0,0,0,0,0,0,0
"3530",50239,"City of Black River Falls","Rural Reporter","Rural","DR","PT",0,0,0,0,0,0,0,0,0,0,0,0,0,0,39427,17043,56470
"3531",50240,"Schoolcraft Transit Authority","Rural Reporter","Rural","DR","DO",0,0,0,0,0,0,0,0,0,0,0,0,0,0,0,0,0
"3532",50240,"Schoolcraft Transit Authority","Rural Reporter","Rural","DR","DO",0,0,0,0,0,0,0,0,0,0,0,0,0,0,54995,0,54995
"3533",50241,"Eastern Upper Peninsula Transportation Authority","Rural Reporter","Rural","DR","DO",0,0,0,0,0,0,0,0,0,0,0,0,0,0,0,0,0
"3534",50241,"Eastern Upper Peninsula Transportation Authority","Rural Reporter","Rural","DR","DO",0,0,0,0,0,0,0,0,0,0,0,0,0,0,148876,207645,356521
"3535",50241,"Eastern Upper Peninsula Transportation Authority","Rural Reporter","Rural","FB","DO",0,0,0,0,0,0,0,0,0,0,0,0,0,0,0,0,0
"3536",50241,"Eastern Upper Peninsula Transportation Authority","Rural Reporter","Rural","FB","DO",0,0,0,0,0,0,0,0,0,0,0,0,0,0,1212277,0,1212277
"3537",50241,"Eastern Upper Peninsula Transportation Authority","Rural Reporter","Rural","MB","DO",0,0,0,0,0,0,0,0,0,0,0,0,0,0,0,0,0
"3538",50241,"Eastern Upper Peninsula Transportation Authority","Rural Reporter","Rural","MB","DO",0,0,0,0,0,0,0,0,0,0,0,0,0,0,49267,0,49267
"3539",50242,"Roscommon County Transportation Authority","Rural Reporter","Rural","DR","DO",0,0,0,0,0,0,0,0,0,0,0,0,0,0,0,0,0
"3540",50242,"Roscommon County Transportation Authority","Rural Reporter","Rural","DR","DO",0,0,0,0,0,0,0,0,0,0,0,0,0,0,57976,0,57976
"3541",50244,"Isabella County Transportation Commission","Rural Reporter","Rural","DR","DO",0,0,0,0,0,0,0,0,0,0,0,0,0,0,0,0,0
"3542",50244,"Isabella County Transportation Commission","Rural Reporter","Rural","DR","DO",0,0,0,0,0,0,0,0,0,0,0,0,0,0,358703,0,358703
"3543",50244,"Isabella County Transportation Commission","Rural Reporter","Rural","MB","DO",0,0,0,0,0,0,0,0,0,0,0,0,0,0,0,0,0
"3544",50244,"Isabella County Transportation Commission","Rural Reporter","Rural","MB","DO",0,0,0,0,0,0,0,0,0,0,0,0,0,0,4097,0,4097
"3545",50246,"Marshall County Council on Aging","Rural Reporter","Rural","DR","DO",0,0,0,0,0,0,0,0,0,0,0,0,0,0,0,0,0
"3546",50246,"Marshall County Council on Aging","Rural Reporter","Rural","DR","DO",0,0,0,0,0,0,0,0,0,0,0,0,0,0,57413,2068,59481
"3547",50248,"Steuben County Council on Aging","Rural Reporter","Rural","DR","DO",0,0,0,0,0,0,0,0,0,0,0,0,0,0,0,0,0
"3548",50248,"Steuben County Council on Aging","Rural Reporter","Rural","DR","DO",0,0,0,0,0,0,0,0,0,0,0,0,0,0,22000,15320,37320
"3549",50249,"City of Richmond","Rural Reporter","Rural","DR","DO",0,0,0,0,0,0,0,0,0,0,0,0,0,0,0,0,0
"3550",50249,"City of Richmond","Rural Reporter","Rural","DR","DO",0,0,0,0,0,0,0,0,0,0,0,0,0,0,1943,0,1943
"3551",50249,"City of Richmond","Rural Reporter","Rural","MB","DO",0,0,0,0,0,0,0,0,0,0,0,0,0,0,0,0,0
"3552",50249,"City of Richmond","Rural Reporter","Rural","MB","DO",0,0,0,0,0,0,0,0,0,0,0,0,0,0,123758,0,123758
"3553",50250,"Lee County","Rural Reporter","Rural","DR","DO",0,0,0,0,0,0,0,0,0,0,0,0,0,0,0,0,0
"3554",50250,"Lee County","Rural Reporter","Rural","DR","DO",0,0,0,0,0,0,0,0,0,0,0,0,0,0,40122,25728,65850
"3555",50250,"Lee County","Rural Reporter","Rural","MB","DO",0,0,0,0,0,0,0,0,0,0,0,0,0,0,0,0,0
"3556",50250,"Lee County","Rural Reporter","Rural","MB","DO",0,0,0,0,0,0,0,0,0,0,0,0,0,0,0,0,0
"3557",50252,"Macoupin County","Rural Reporter","Rural","DR","DO",0,0,0,0,0,0,0,0,0,0,0,0,0,0,0,0,0
"3558",50252,"Macoupin County","Rural Reporter","Rural","DR","DO",0,0,0,0,0,0,0,0,0,0,0,0,0,0,61786,3628,65414
"3559",50253,"Grundy County","Rural Reporter","Rural","DR","DO",0,0,0,0,0,0,0,0,0,0,0,0,0,0,0,0,0
"3560",50253,"Grundy County","Rural Reporter","Rural","DR","DO",0,0,0,0,0,0,0,0,0,0,0,0,0,0,43362,0,43362
"3561",50255,"Carroll County Transit","Rural Reporter","Rural","DR","DO",0,0,0,0,0,0,0,0,0,0,0,0,0,0,0,0,0
"3562",50255,"Carroll County Transit","Rural Reporter","Rural","DR","DO",0,0,0,0,0,0,0,0,0,0,0,0,0,0,81809,0,81809
"3563",50256,"Access Johnson County","Reduced Reporter","Urban","DR","DO",0,0,0,0,0,0,0,0,0,0,0,0,0,0,0,0,0
"3564",50256,"Access Johnson County","Reduced Reporter","Urban","DR","DO",0,0,0,0,0,0,0,0,0,0,0,0,0,0,41734,0,41734
"3565",50256,"Access Johnson County","Reduced Reporter","Urban","MB","DO",0,0,0,0,0,0,0,0,0,0,0,0,0,0,0,0,0
"3566",50256,"Access Johnson County","Reduced Reporter","Urban","MB","DO",0,0,0,0,0,0,0,0,0,0,0,0,0,0,22515,0,22515
"3567",50257,"City of Marshfield","Rural Reporter","Rural","DR","PT",0,0,0,0,0,0,0,0,0,0,0,0,0,0,0,0,0
"3568",50257,"City of Marshfield","Rural Reporter","Rural","DR","PT",0,0,0,0,0,0,0,0,0,0,0,0,0,0,279847,212030,491877
"3569",50258,"City of Quincy","Rural Reporter","Rural","DR","DO",0,0,0,0,0,0,0,0,0,0,0,0,0,0,0,0,0
"3570",50258,"City of Quincy","Rural Reporter","Rural","DR","DO",0,0,0,0,0,0,0,0,0,0,0,0,0,0,4658,124870,129528
"3571",50258,"City of Quincy","Rural Reporter","Rural","MB","DO",0,0,0,0,0,0,0,0,0,0,0,0,0,0,0,0,0
"3572",50258,"City of Quincy","Rural Reporter","Rural","MB","DO",0,0,0,0,0,0,0,0,0,0,0,0,0,0,45890,0,45890
"3573",50260,"Eaton County Transportation Authority","Rural Reporter","Rural","DR","DO",0,0,0,0,0,0,0,0,0,0,0,0,0,0,0,0,0
"3574",50260,"Eaton County Transportation Authority","Rural Reporter","Rural","DR","DO",0,0,0,0,0,0,0,0,0,0,0,0,0,0,110468,0,110468
"3575",50262,"Morris, City of","Rural Reporter","Rural","DR","DO",0,0,0,0,0,0,0,0,0,0,0,0,0,0,0,0,0
"3576",50262,"Morris, City of","Rural Reporter","Rural","DR","DO",0,0,0,0,0,0,0,0,0,0,0,0,0,0,77400,0,77400
"3577",50263,"Bureau County","Rural Reporter","Rural","DR","DO",0,0,0,0,0,0,0,0,0,0,0,0,0,0,0,0,0
"3578",50263,"Bureau County","Rural Reporter","Rural","DR","DO",0,0,0,0,0,0,0,0,0,0,0,0,0,0,77291,0,77291
"3579",50265,"Marshall, City of","Rural Reporter","Rural","DR","DO",0,0,0,0,0,0,0,0,0,0,0,0,0,0,0,0,0
"3580",50265,"Marshall, City of","Rural Reporter","Rural","DR","DO",0,0,0,0,0,0,0,0,0,0,0,0,0,0,29965,0,29965
"3581",50266,"City of Viroqua","Rural Reporter","Rural","DR","PT",0,0,0,0,0,0,0,0,0,0,0,0,0,0,0,0,0
"3582",50266,"City of Viroqua","Rural Reporter","Rural","DR","PT",0,0,0,0,0,0,0,0,0,0,0,0,0,0,75693,65387,141080
"3583",50268,"City of Hillsdale","Rural Reporter","Rural","DR","DO",0,0,0,0,0,0,0,0,0,0,0,0,0,0,0,0,0
"3584",50268,"City of Hillsdale","Rural Reporter","Rural","DR","DO",0,0,0,0,0,0,0,0,0,0,0,0,0,0,43795,0,43795
"3585",50269,"Champaign County","Rural Reporter","Rural","DR","DO",0,0,0,0,0,0,0,0,0,0,0,0,0,0,0,0,0
"3586",50269,"Champaign County","Rural Reporter","Rural","DR","DO",0,0,0,0,0,0,0,0,0,0,0,0,0,0,24993,0,24993
"3587",50269,"Champaign County","Rural Reporter","Rural","MB","DO",0,0,0,0,0,0,0,0,0,0,0,0,0,0,0,0,0
"3588",50269,"Champaign County","Rural Reporter","Rural","MB","DO",0,0,0,0,0,0,0,0,0,0,0,0,0,0,17847,0,17847
"3589",50272,"Madison County Council of Governments","Rural Reporter","Rural","DR","DO",0,0,0,0,0,0,0,0,0,0,0,0,0,0,0,0,0
"3590",50272,"Madison County Council of Governments","Rural Reporter","Rural","DR","DO",0,0,0,0,0,0,0,0,0,0,0,0,0,0,7724,0,7724
"3591",50275,"Knox Area Transit","Rural Reporter","Rural","DR","DO",0,0,0,0,0,0,0,0,0,0,0,0,0,0,0,0,0
"3592",50275,"Knox Area Transit","Rural Reporter","Rural","DR","DO",0,0,0,0,0,0,0,0,0,0,0,0,0,0,122680,0,122680
"3593",50275,"Knox Area Transit","Rural Reporter","Rural","MB","DO",0,0,0,0,0,0,0,0,0,0,0,0,0,0,0,0,0
"3594",50275,"Knox Area Transit","Rural Reporter","Rural","MB","DO",0,0,0,0,0,0,0,0,0,0,0,0,0,0,76,0,76
"3595",50276,"Four Rivers Resource Services","Rural Reporter","Rural","DR","DO",0,0,0,0,0,0,0,0,0,0,0,0,0,0,0,0,0
"3596",50276,"Four Rivers Resource Services","Rural Reporter","Rural","DR","DO",0,0,0,0,0,0,0,0,0,0,0,0,0,0,209372,0,209372
"3597",50276,"Four Rivers Resource Services","Rural Reporter","Rural","MB","DO",0,0,0,0,0,0,0,0,0,0,0,0,0,0,0,0,0
"3598",50276,"Four Rivers Resource Services","Rural Reporter","Rural","MB","DO",0,0,0,0,0,0,0,0,0,0,0,0,0,0,9891,0,9891
"3599",50277,"Village of Plover","Rural Reporter","Rural","DR","PT",0,0,0,0,0,0,0,0,0,0,0,0,0,0,0,0,0
"3600",50277,"Village of Plover","Rural Reporter","Rural","DR","PT",0,0,0,0,0,0,0,0,0,0,0,0,0,0,53183,36413,89596
"3601",50278,"Athens Transit","Rural Reporter","Rural","DR","DO",0,0,0,0,0,0,0,0,0,0,0,0,0,0,0,0,0
"3602",50278,"Athens Transit","Rural Reporter","Rural","DR","DO",0,0,0,0,0,0,0,0,0,0,0,0,0,0,21114,0,21114
"3603",50278,"Athens Transit","Rural Reporter","Rural","MB","DO",0,0,0,0,0,0,0,0,0,0,0,0,0,0,0,0,0
"3604",50278,"Athens Transit","Rural Reporter","Rural","MB","DO",0,0,0,0,0,0,0,0,0,0,0,0,0,0,0,35844,35844
"3605",50280,"Rush County Senior Services","Rural Reporter","Rural","DR","DO",0,0,0,0,0,0,0,0,0,0,0,0,0,0,0,0,0
"3606",50280,"Rush County Senior Services","Rural Reporter","Rural","DR","DO",0,0,0,0,0,0,0,0,0,0,0,0,0,0,8709,0,8709
"3607",50281,"Cass County Council on Aging","Rural Reporter","Rural","DR","DO",0,0,0,0,0,0,0,0,0,0,0,0,0,0,0,0,0
"3608",50281,"Cass County Council on Aging","Rural Reporter","Rural","DR","DO",0,0,0,0,0,0,0,0,0,0,0,0,0,0,101627,0,101627
"3609",50281,"Cass County Council on Aging","Rural Reporter","Rural","MB","DO",0,0,0,0,0,0,0,0,0,0,0,0,0,0,0,0,0
"3610",50281,"Cass County Council on Aging","Rural Reporter","Rural","MB","DO",0,0,0,0,0,0,0,0,0,0,0,0,0,0,0,0,0
"3611",50282,"Kalkaska Public Transit Authority","Rural Reporter","Rural","DR","DO",0,0,0,0,0,0,0,0,0,0,0,0,0,0,0,0,0
"3612",50282,"Kalkaska Public Transit Authority","Rural Reporter","Rural","DR","DO",0,0,0,0,0,0,0,0,0,0,0,0,0,0,144743,0,144743
"3613",50282,"Kalkaska Public Transit Authority","Rural Reporter","Rural","MB","DO",0,0,0,0,0,0,0,0,0,0,0,0,0,0,0,0,0
"3614",50282,"Kalkaska Public Transit Authority","Rural Reporter","Rural","MB","DO",0,0,0,0,0,0,0,0,0,0,0,0,0,0,72565,0,72565
"3615",50283,"Warren County","Rural Reporter","Rural","DR","DO",0,0,0,0,0,0,0,0,0,0,0,0,0,0,0,0,0
"3616",50283,"Warren County","Rural Reporter","Rural","DR","DO",0,0,0,0,0,0,0,0,0,0,0,0,0,0,17594,0,17594
"3617",50284,"Champaign Transit System","Rural Reporter","Rural","DR","DO",0,0,0,0,0,0,0,0,0,0,0,0,0,0,0,0,0
"3618",50284,"Champaign Transit System","Rural Reporter","Rural","DR","DO",0,0,0,0,0,0,0,0,0,0,0,0,0,0,30525,0,30525
"3619",50285,"Cheboygan County Board of Commissioners","Rural Reporter","Rural","DR","DO",0,0,0,0,0,0,0,0,0,0,0,0,0,0,0,0,0
"3620",50285,"Cheboygan County Board of Commissioners","Rural Reporter","Rural","DR","DO",0,0,0,0,0,0,0,0,0,0,0,0,0,0,85479,0,85479
"3621",50286,"Grant County","Rural Reporter","Rural","DR","DO",0,0,0,0,0,0,0,0,0,0,0,0,0,0,0,0,0
"3622",50286,"Grant County","Rural Reporter","Rural","DR","DO",0,0,0,0,0,0,0,0,0,0,0,0,0,0,3367,3066,6433
"3623",50289,"Cardinal Services","Rural Reporter","Rural","DR","DO",0,0,0,0,0,0,0,0,0,0,0,0,0,0,0,0,0
"3624",50289,"Cardinal Services","Rural Reporter","Rural","DR","DO",0,0,0,0,0,0,0,0,0,0,0,0,0,0,16968,0,16968
"3625",50290,"City of Ripon","Rural Reporter","Rural","DR","PT",0,0,0,0,0,0,0,0,0,0,0,0,0,0,0,0,0
"3626",50290,"City of Ripon","Rural Reporter","Rural","DR","PT",0,0,0,0,0,0,0,0,0,0,0,0,0,0,85970,47891,133861
"3627",50291,"Village of Prairie du Sac","Rural Reporter","Rural","DR","TX",0,0,0,0,0,0,0,0,0,0,0,0,0,0,0,0,0
"3628",50291,"Village of Prairie du Sac","Rural Reporter","Rural","DR","TX",0,0,0,0,0,0,0,0,0,0,0,0,0,0,30402,14347,44749
"3629",50292,"Bowling Green Transit","Rural Reporter","Rural","DR","DO",0,0,0,0,0,0,0,0,0,0,0,0,0,0,0,0,0
"3630",50292,"Bowling Green Transit","Rural Reporter","Rural","DR","DO",0,0,0,0,0,0,0,0,0,0,0,0,0,0,78237,0,78237
"3631",50293,"Monroe County Public Transportation","Rural Reporter","Rural","DR","DO",0,0,0,0,0,0,0,0,0,0,0,0,0,0,0,0,0
"3632",50293,"Monroe County Public Transportation","Rural Reporter","Rural","DR","DO",0,0,0,0,0,0,0,0,0,0,0,0,0,0,14920,0,14920
"3633",50295,"Rusk County Transit Commission","Rural Reporter","Rural","DR","DO",0,0,0,0,0,0,0,0,0,0,0,0,0,0,0,0,0
"3634",50295,"Rusk County Transit Commission","Rural Reporter","Rural","DR","DO",0,0,0,0,0,0,0,0,0,0,0,0,0,0,90861,338978,429839
"3635",50295,"Rusk County Transit Commission","Rural Reporter","Rural","MB","DO",0,0,0,0,0,0,0,0,0,0,0,0,0,0,0,0,0
"3636",50295,"Rusk County Transit Commission","Rural Reporter","Rural","MB","DO",0,0,0,0,0,0,0,0,0,0,0,0,0,0,17464,0,17464
"3637",50297,"Kanabec County","Rural Reporter","Rural","DR","DO",0,0,0,0,0,0,0,0,0,0,0,0,0,0,0,0,0
"3638",50297,"Kanabec County","Rural Reporter","Rural","DR","DO",0,0,0,0,0,0,0,0,0,0,0,0,0,0,55644,46103,101747
"3639",50298,"Ottawa County Transportation Agency","Rural Reporter","Rural","DR","DO",0,0,0,0,0,0,0,0,0,0,0,0,0,0,0,0,0
"3640",50298,"Ottawa County Transportation Agency","Rural Reporter","Rural","DR","DO",0,0,0,0,0,0,0,0,0,0,0,0,0,0,58687,0,58687
"3641",50301,"Henry County","Rural Reporter","Rural","DR","DO",0,0,0,0,0,0,0,0,0,0,0,0,0,0,0,0,0
"3642",50301,"Henry County","Rural Reporter","Rural","DR","DO",0,0,0,0,0,0,0,0,0,0,0,0,0,0,58214,0,58214
"3643",50302,"City of Washington","Rural Reporter","Rural","MB","DO",0,0,0,0,0,0,0,0,0,0,0,0,0,0,0,0,0
"3644",50302,"City of Washington","Rural Reporter","Rural","MB","DO",0,0,0,0,0,0,0,0,0,0,0,0,0,0,0,0,0
"3645",50303,"City of River Falls","Rural Reporter","Rural","DR","PT",0,0,0,0,0,0,0,0,0,0,0,0,0,0,0,0,0
"3646",50303,"City of River Falls","Rural Reporter","Rural","DR","PT",0,0,0,0,0,0,0,0,0,0,0,0,0,0,32680,16628,49308
"3647",50304,"Fulton County","Rural Reporter","Rural","DR","DO",0,0,0,0,0,0,0,0,0,0,0,0,0,0,0,0,0
"3648",50304,"Fulton County","Rural Reporter","Rural","DR","DO",0,0,0,0,0,0,0,0,0,0,0,0,0,0,15282,0,15282
"3649",50305,"LaGrange County Council on Aging","Rural Reporter","Rural","DR","DO",0,0,0,0,0,0,0,0,0,0,0,0,0,0,0,0,0
"3650",50305,"LaGrange County Council on Aging","Rural Reporter","Rural","DR","DO",0,0,0,0,0,0,0,0,0,0,0,0,0,0,192786,0,192786
"3651",50307,"LifeStream Services","Rural Reporter","Rural","DR","DO",0,0,0,0,0,0,0,0,0,0,0,0,0,0,0,0,0
"3652",50307,"LifeStream Services","Rural Reporter","Rural","DR","DO",0,0,0,0,0,0,0,0,0,0,0,0,0,0,22739,98279,121018
"3653",50308,"Area 10 Council on Aging of Monroe County","Rural Reporter","Rural","DR","DO",0,0,0,0,0,0,0,0,0,0,0,0,0,0,0,0,0
"3654",50308,"Area 10 Council on Aging of Monroe County","Rural Reporter","Rural","DR","DO",0,0,0,0,0,0,0,0,0,0,0,0,0,0,40499,0,40499
"3655",50308,"Area 10 Council on Aging of Monroe County","Rural Reporter","Rural","MB","DO",0,0,0,0,0,0,0,0,0,0,0,0,0,0,0,0,0
"3656",50308,"Area 10 Council on Aging of Monroe County","Rural Reporter","Rural","MB","DO",0,0,0,0,0,0,0,0,0,0,0,0,0,0,1892,0,1892
"3657",50310,"Cass County Transportation Authority","Rural Reporter","Rural","DR","PT",0,0,0,0,0,0,0,0,0,0,0,0,0,0,0,0,0
"3658",50310,"Cass County Transportation Authority","Rural Reporter","Rural","DR","PT",0,0,0,0,0,0,0,0,0,0,0,0,0,0,15769,0,15769
"3659",50313,"Charlevoix County Board of Commissioners","Rural Reporter","Rural","DR","DO",0,0,0,0,0,0,0,0,0,0,0,0,0,0,0,0,0
"3660",50313,"Charlevoix County Board of Commissioners","Rural Reporter","Rural","DR","DO",0,0,0,0,0,0,0,0,0,0,0,0,0,0,55241,0,55241
"3661",50314,"Clinton Area Transit System","Rural Reporter","Rural","DR","DO",0,0,0,0,0,0,0,0,0,0,0,0,0,0,0,0,0
"3662",50314,"Clinton Area Transit System","Rural Reporter","Rural","DR","DO",0,0,0,0,0,0,0,0,0,0,0,0,0,0,138387,0,138387
"3663",50315,"Shawnee Mass Transit District","Rural Reporter","Rural","MB","DO",0,0,0,0,0,0,0,0,0,0,0,0,0,0,0,0,0
"3664",50315,"Shawnee Mass Transit District","Rural Reporter","Rural","MB","DO",0,0,0,0,0,0,0,0,0,0,0,0,0,0,109096,0,109096
"3665",50316,"Wilmington Transit System","Rural Reporter","Rural","DR","DO",0,0,0,0,0,0,0,0,0,0,0,0,0,0,0,0,0
"3666",50316,"Wilmington Transit System","Rural Reporter","Rural","DR","DO",0,0,0,0,0,0,0,0,0,0,0,0,0,0,215269,0,215269
"3667",50318,"City of Baraboo","Rural Reporter","Rural","DR","PT",0,0,0,0,0,0,0,0,0,0,0,0,0,0,0,0,0
"3668",50318,"City of Baraboo","Rural Reporter","Rural","DR","PT",0,0,0,0,0,0,0,0,0,0,0,0,0,0,150046,0,150046
"3669",50319,"City of Watertown","Rural Reporter","Rural","DR","PT",0,0,0,0,0,0,0,0,0,0,0,0,0,0,0,0,0
"3670",50319,"City of Watertown","Rural Reporter","Rural","DR","PT",0,0,0,0,0,0,0,0,0,0,0,0,0,0,288847,38268,327115
"3671",50321,"Volunteer Interfaith Network Effort","Rural Reporter","Rural","DR","DO",0,0,0,0,0,0,0,0,0,0,0,0,0,0,0,0,0
"3672",50321,"Volunteer Interfaith Network Effort","Rural Reporter","Rural","DR","DO",0,0,0,0,0,0,0,0,0,0,0,0,0,0,38013,11511,49524
"3673",50322,"Brainerd, City of","Rural Reporter","Rural","DR","DO",0,0,0,0,0,0,0,0,0,0,0,0,0,0,0,0,0
"3674",50322,"Brainerd, City of","Rural Reporter","Rural","DR","DO",0,0,0,0,0,0,0,0,0,0,0,0,0,0,42801,92773,135574
"3675",50324,"LifeTime Resources","Rural Reporter","Rural","DR","DO",0,0,0,0,0,0,0,0,0,0,0,0,0,0,0,0,0
"3676",50324,"LifeTime Resources","Rural Reporter","Rural","DR","DO",0,0,0,0,0,0,0,0,0,0,0,0,0,0,74625,0,74625
"3677",50326,"Geauga County Transit","Rural Reporter","Rural","DR","DO",0,0,0,0,0,0,0,0,0,0,0,0,0,0,0,0,0
"3678",50326,"Geauga County Transit","Rural Reporter","Rural","DR","DO",0,0,0,0,0,0,0,0,0,0,0,0,0,0,49237,0,49237
"3679",50327,"South Central Illinois Mass Transit District","Rural Reporter","Rural","DR","DO",0,0,0,0,0,0,0,0,0,0,0,0,0,0,0,0,0
"3680",50327,"South Central Illinois Mass Transit District","Rural Reporter","Rural","DR","DO",0,0,0,0,0,0,0,0,0,0,0,0,0,0,71481,68672,140153
"3681",50327,"South Central Illinois Mass Transit District","Rural Reporter","Rural","MB","DO",0,0,0,0,0,0,0,0,0,0,0,0,0,0,0,0,0
"3682",50327,"South Central Illinois Mass Transit District","Rural Reporter","Rural","MB","DO",0,0,0,0,0,0,0,0,0,0,0,0,0,0,39531,0,39531
"3683",50328,"Kankakee County","Rural Reporter","Rural","DR","DO",0,0,0,0,0,0,0,0,0,0,0,0,0,0,0,0,0
"3684",50328,"Kankakee County","Rural Reporter","Rural","DR","DO",0,0,0,0,0,0,0,0,0,0,0,0,0,0,0,1399,1399
"3685",50329,"Woodford County","Rural Reporter","Rural","DR","DO",0,0,0,0,0,0,0,0,0,0,0,0,0,0,0,0,0
"3686",50329,"Woodford County","Rural Reporter","Rural","DR","DO",0,0,0,0,0,0,0,0,0,0,0,0,0,0,50295,23379,73674
"3687",50330,"DeKalb County Council on Aging","Rural Reporter","Rural","DR","DO",0,0,0,0,0,0,0,0,0,0,0,0,0,0,0,0,0
"3688",50330,"DeKalb County Council on Aging","Rural Reporter","Rural","DR","DO",0,0,0,0,0,0,0,0,0,0,0,0,0,0,98309,0,98309
"3689",50332,"Hibbing, City of","Rural Reporter","Rural","DR","DO",0,0,0,0,0,0,0,0,0,0,0,0,0,0,0,0,0
"3690",50332,"Hibbing, City of","Rural Reporter","Rural","DR","DO",0,0,0,0,0,0,0,0,0,0,0,0,0,0,35472,104,35576
"3691",50332,"Hibbing, City of","Rural Reporter","Rural","MB","DO",0,0,0,0,0,0,0,0,0,0,0,0,0,0,0,0,0
"3692",50332,"Hibbing, City of","Rural Reporter","Rural","MB","DO",0,0,0,0,0,0,0,0,0,0,0,0,0,0,24889,77,24966
"3693",50334,"Prairie Five CAC, Inc.","Rural Reporter","Rural","DR","DO",0,0,0,0,0,0,0,0,0,0,0,0,0,0,0,0,0
"3694",50334,"Prairie Five CAC, Inc.","Rural Reporter","Rural","DR","DO",0,0,0,0,0,0,0,0,0,0,0,0,0,0,181933,113732,295665
"3695",50335,"Greater Lapeer Transportation Authority","Rural Reporter","Rural","DR","DO",0,0,0,0,0,0,0,0,0,0,0,0,0,0,0,0,0
"3696",50335,"Greater Lapeer Transportation Authority","Rural Reporter","Rural","DR","DO",0,0,0,0,0,0,0,0,0,0,0,0,0,0,417534,0,417534
"3697",50336,"City of Waupaca","Rural Reporter","Rural","DR","PT",0,0,0,0,0,0,0,0,0,0,0,0,0,0,0,0,0
"3698",50336,"City of Waupaca","Rural Reporter","Rural","DR","PT",0,0,0,0,0,0,0,0,0,0,0,0,0,0,173853,30020,203873
"3699",50337,"Branch Area Transit Authority","Rural Reporter","Rural","DR","DO",0,0,0,0,0,0,0,0,0,0,0,0,0,0,0,0,0
"3700",50337,"Branch Area Transit Authority","Rural Reporter","Rural","DR","DO",0,0,0,0,0,0,0,0,0,0,0,0,0,0,170828,0,170828
"3701",50337,"Branch Area Transit Authority","Rural Reporter","Rural","MB","DO",0,0,0,0,0,0,0,0,0,0,0,0,0,0,0,0,0
"3702",50337,"Branch Area Transit Authority","Rural Reporter","Rural","MB","DO",0,0,0,0,0,0,0,0,0,0,0,0,0,0,8060,0,8060
"3703",50338,"McLean County","Rural Reporter","Rural","DR","DO",0,0,0,0,0,0,0,0,0,0,0,0,0,0,0,0,0
"3704",50338,"McLean County","Rural Reporter","Rural","DR","DO",0,0,0,0,0,0,0,0,0,0,0,0,0,0,439,0,439
"3705",50339,"Monroe Randolph Transit District","Rural Reporter","Rural","DR","DO",0,0,0,0,0,0,0,0,0,0,0,0,0,0,0,0,0
"3706",50339,"Monroe Randolph Transit District","Rural Reporter","Rural","DR","DO",0,0,0,0,0,0,0,0,0,0,0,0,0,0,57792,186,57978
"3707",50340,"Otsego County Board of Commissioners","Rural Reporter","Rural","DR","DO",0,0,0,0,0,0,0,0,0,0,0,0,0,0,0,0,0
"3708",50340,"Otsego County Board of Commissioners","Rural Reporter","Rural","DR","DO",0,0,0,0,0,0,0,0,0,0,0,0,0,0,78051,0,78051
"3709",50341,"South East Area Transit","Rural Reporter","Rural","DR","DO",0,0,0,0,0,0,0,0,0,0,0,0,0,0,0,0,0
"3710",50341,"South East Area Transit","Rural Reporter","Rural","DR","DO",0,0,0,0,0,0,0,0,0,0,0,0,0,0,89830,0,89830
"3711",50341,"South East Area Transit","Rural Reporter","Rural","MB","DO",0,0,0,0,0,0,0,0,0,0,0,0,0,0,0,0,0
"3712",50341,"South East Area Transit","Rural Reporter","Rural","MB","DO",0,0,0,0,0,0,0,0,0,0,0,0,0,0,37662,0,37662
"3713",50343,"Perry County Transit","Rural Reporter","Rural","DR","DO",0,0,0,0,0,0,0,0,0,0,0,0,0,0,0,0,0
"3714",50343,"Perry County Transit","Rural Reporter","Rural","DR","DO",0,0,0,0,0,0,0,0,0,0,0,0,0,0,90335,0,90335
"3715",50344,"Ogemaw County Board of Commissioners","Rural Reporter","Rural","DR","DO",0,0,0,0,0,0,0,0,0,0,0,0,0,0,0,0,0
"3716",50344,"Ogemaw County Board of Commissioners","Rural Reporter","Rural","DR","DO",0,0,0,0,0,0,0,0,0,0,0,0,0,0,62276,0,62276
"3717",50345,"Effingham County","Rural Reporter","Rural","DR","DO",0,0,0,0,0,0,0,0,0,0,0,0,0,0,0,0,0
"3718",50345,"Effingham County","Rural Reporter","Rural","DR","DO",0,0,0,0,0,0,0,0,0,0,0,0,0,0,18390,0,18390
"3719",50346,"Sanilac County Board of Commissioners","Rural Reporter","Rural","DR","DO",0,0,0,0,0,0,0,0,0,0,0,0,0,0,0,0,0
"3720",50346,"Sanilac County Board of Commissioners","Rural Reporter","Rural","DR","DO",0,0,0,0,0,0,0,0,0,0,0,0,0,0,54629,0,54629
"3721",50347,"Blue River Services","Rural Reporter","Rural","DR","DO",0,0,0,0,0,0,0,0,0,0,0,0,0,0,0,0,0
"3722",50347,"Blue River Services","Rural Reporter","Rural","DR","DO",0,0,0,0,0,0,0,0,0,0,0,0,0,0,0,0,0
"3723",50347,"Blue River Services","Rural Reporter","Rural","MB","DO",0,0,0,0,0,0,0,0,0,0,0,0,0,0,0,0,0
"3724",50347,"Blue River Services","Rural Reporter","Rural","MB","DO",0,0,0,0,0,0,0,0,0,0,0,0,0,0,0,0,0
"3725",50349,"Winona, City of","Rural Reporter","Rural","DR","DO",0,0,0,0,0,0,0,0,0,0,0,0,0,0,0,0,0
"3726",50349,"Winona, City of","Rural Reporter","Rural","DR","DO",0,0,0,0,0,0,0,0,0,0,0,0,0,0,7277,0,7277
"3727",50349,"Winona, City of","Rural Reporter","Rural","MB","DO",0,0,0,0,0,0,0,0,0,0,0,0,0,0,0,0,0
"3728",50349,"Winona, City of","Rural Reporter","Rural","MB","DO",0,0,0,0,0,0,0,0,0,0,0,0,0,0,118957,99697,218654
"3729",50350,"City of Waupun","Rural Reporter","Rural","DR","PT",0,0,0,0,0,0,0,0,0,0,0,0,0,0,0,0,0
"3730",50350,"City of Waupun","Rural Reporter","Rural","DR","PT",0,0,0,0,0,0,0,0,0,0,0,0,0,0,42165,1448,43613
"3731",50352,"Kendall County","Rural Reporter","Rural","DR","DO",0,0,0,0,0,0,0,0,0,0,0,0,0,0,0,0,0
"3732",50352,"Kendall County","Rural Reporter","Rural","DR","DO",0,0,0,0,0,0,0,0,0,0,0,0,0,0,48196,30908,79104
"3733",50353,"Tri-Valley Opportunity Council, Inc.","Rural Reporter","Rural","DR","DO",0,0,0,0,0,0,0,0,0,0,0,0,0,0,0,0,0
"3734",50353,"Tri-Valley Opportunity Council, Inc.","Rural Reporter","Rural","DR","DO",0,0,0,0,0,0,0,0,0,0,0,0,0,0,245245,184,245429
"3735",50353,"Tri-Valley Opportunity Council, Inc.","Rural Reporter","Rural","MB","DO",0,0,0,0,0,0,0,0,0,0,0,0,0,0,0,0,0
"3736",50353,"Tri-Valley Opportunity Council, Inc.","Rural Reporter","Rural","MB","DO",0,0,0,0,0,0,0,0,0,0,0,0,0,0,30143,355,30498
"3737",50354,"City of Huntingburg","Rural Reporter","Rural","DR","DO",0,0,0,0,0,0,0,0,0,0,0,0,0,0,0,0,0
"3738",50354,"City of Huntingburg","Rural Reporter","Rural","DR","DO",0,0,0,0,0,0,0,0,0,0,0,0,0,0,16377,0,16377
"3739",50355,"Barry County Board of Commissioners","Rural Reporter","Rural","DR","DO",0,0,0,0,0,0,0,0,0,0,0,0,0,0,0,0,0
"3740",50355,"Barry County Board of Commissioners","Rural Reporter","Rural","DR","DO",0,0,0,0,0,0,0,0,0,0,0,0,0,0,114076,0,114076
"3741",50356,"Delta Area Transit Authority","Rural Reporter","Rural","DR","DO",0,0,0,0,0,0,0,0,0,0,0,0,0,0,0,0,0
"3742",50356,"Delta Area Transit Authority","Rural Reporter","Rural","DR","DO",0,0,0,0,0,0,0,0,0,0,0,0,0,0,93373,0,93373
"3743",50358,"City of New Castle","Rural Reporter","Rural","DR","DO",0,0,0,0,0,0,0,0,0,0,0,0,0,0,0,0,0
"3744",50358,"City of New Castle","Rural Reporter","Rural","DR","DO",0,0,0,0,0,0,0,0,0,0,0,0,0,0,0,0,0
"3745",50359,"City of Stevens Point","Rural Reporter","Rural","DR","DO",0,0,0,0,0,0,0,0,0,0,0,0,0,0,0,0,0
"3746",50359,"City of Stevens Point","Rural Reporter","Rural","DR","DO",0,0,0,0,0,0,0,0,0,0,0,0,0,0,86793,0,86793
"3747",50359,"City of Stevens Point","Rural Reporter","Rural","MB","DO",0,0,0,0,0,0,0,0,0,0,0,0,0,0,0,0,0
"3748",50359,"City of Stevens Point","Rural Reporter","Rural","MB","DO",0,0,0,0,0,0,0,0,0,0,0,0,0,0,61051,170000,231051
"3749",50360,"City of New Richmond","Rural Reporter","Rural","DR","PT",0,0,0,0,0,0,0,0,0,0,0,0,0,0,0,0,0
"3750",50360,"City of New Richmond","Rural Reporter","Rural","DR","PT",0,0,0,0,0,0,0,0,0,0,0,0,0,0,51949,20412,72361
"3751",50361,"Huntington County Council on Aging","Rural Reporter","Rural","DR","DO",0,0,0,0,0,0,0,0,0,0,0,0,0,0,0,0,0
"3752",50361,"Huntington County Council on Aging","Rural Reporter","Rural","DR","DO",0,0,0,0,0,0,0,0,0,0,0,0,0,0,44000,0,44000
"3753",50362,"Huron County Transit","Rural Reporter","Rural","DR","DO",0,0,0,0,0,0,0,0,0,0,0,0,0,0,0,0,0
"3754",50362,"Huron County Transit","Rural Reporter","Rural","DR","DO",0,0,0,0,0,0,0,0,0,0,0,0,0,0,30836,0,30836
"3755",50363,"Scioto County/Access Scioto County","Rural Reporter","Rural","DR","DO",0,0,0,0,0,0,0,0,0,0,0,0,0,0,0,0,0
"3756",50363,"Scioto County/Access Scioto County","Rural Reporter","Rural","DR","DO",0,0,0,0,0,0,0,0,0,0,0,0,0,0,22918,0,22918
"3757",50364,"Jo Daviess County","Rural Reporter","Rural","DR","DO",0,0,0,0,0,0,0,0,0,0,0,0,0,0,0,0,0
"3758",50364,"Jo Daviess County","Rural Reporter","Rural","DR","DO",0,0,0,0,0,0,0,0,0,0,0,0,0,0,12402,70290,82692
"3759",50365,"Area IV Agency on Aging and Community Action Programs","Rural Reporter","Rural","DR","DO",0,0,0,0,0,0,0,0,0,0,0,0,0,0,0,0,0
"3760",50365,"Area IV Agency on Aging and Community Action Programs","Rural Reporter","Rural","DR","DO",0,0,0,0,0,0,0,0,0,0,0,0,0,0,8166,0,8166
"3761",50366,"Door County","Rural Reporter","Rural","DR","DO",0,0,0,0,0,0,0,0,0,0,0,0,0,0,0,0,0
"3762",50366,"Door County","Rural Reporter","Rural","DR","DO",0,0,0,0,0,0,0,0,0,0,0,0,0,0,8876,4032,12908
"3763",50366,"Door County","Rural Reporter","Rural","DR","TX",0,0,0,0,0,0,0,0,0,0,0,0,0,0,0,0,0
"3764",50366,"Door County","Rural Reporter","Rural","DR","TX",0,0,0,0,0,0,0,0,0,0,0,0,0,0,113213,26926,140139
"3765",50369,"Manistee County Board of Commissioners","Rural Reporter","Rural","DR","DO",0,0,0,0,0,0,0,0,0,0,0,0,0,0,0,0,0
"3766",50369,"Manistee County Board of Commissioners","Rural Reporter","Rural","DR","DO",0,0,0,0,0,0,0,0,0,0,0,0,0,0,134044,0,134044
"3767",50370,"Huron County Board of Commissioners","Rural Reporter","Rural","DR","DO",0,0,0,0,0,0,0,0,0,0,0,0,0,0,0,0,0
"3768",50370,"Huron County Board of Commissioners","Rural Reporter","Rural","DR","DO",0,0,0,0,0,0,0,0,0,0,0,0,0,0,1335316,0,1335316
"3769",50371,"Ontonagon County Board of Commissioners","Rural Reporter","Rural","DR","DO",0,0,0,0,0,0,0,0,0,0,0,0,0,0,0,0,0
"3770",50371,"Ontonagon County Board of Commissioners","Rural Reporter","Rural","DR","DO",0,0,0,0,0,0,0,0,0,0,0,0,0,0,55846,0,55846
"3771",50374,"Cadillac/Wexford Transit Authority","Rural Reporter","Rural","DR","DO",0,0,0,0,0,0,0,0,0,0,0,0,0,0,0,0,0
"3772",50374,"Cadillac/Wexford Transit Authority","Rural Reporter","Rural","DR","DO",0,0,0,0,0,0,0,0,0,0,0,0,0,0,128652,40000,168652
"3773",50375,"City of Whitewater","Rural Reporter","Rural","DR","PT",0,0,0,0,0,0,0,0,0,0,0,0,0,0,0,0,0
"3774",50375,"City of Whitewater","Rural Reporter","Rural","DR","PT",0,0,0,0,0,0,0,0,0,0,0,0,0,0,33111,17993,51104
"3775",50377,"Hancock Area Transportation Services","Rural Reporter","Rural","DR","DO",0,0,0,0,0,0,0,0,0,0,0,0,0,0,0,0,0
"3776",50377,"Hancock Area Transportation Services","Rural Reporter","Rural","DR","DO",0,0,0,0,0,0,0,0,0,0,0,0,0,0,65871,0,65871
"3777",50379,"Becker County","Rural Reporter","Rural","DR","DO",0,0,0,0,0,0,0,0,0,0,0,0,0,0,0,0,0
"3778",50379,"Becker County","Rural Reporter","Rural","DR","DO",0,0,0,0,0,0,0,0,0,0,0,0,0,0,79162,0,79162
"3779",50382,"Ashland Public Transit","Rural Reporter","Rural","DR","DO",0,0,0,0,0,0,0,0,0,0,0,0,0,0,0,0,0
"3780",50382,"Ashland Public Transit","Rural Reporter","Rural","DR","DO",0,0,0,0,0,0,0,0,0,0,0,0,0,0,60401,0,60401
"3781",50383,"Van Buren County Board of Commissioners","Rural Reporter","Rural","DR","DO",0,0,0,0,0,0,0,0,0,0,0,0,0,0,0,0,0
"3782",50383,"Van Buren County Board of Commissioners","Rural Reporter","Rural","DR","DO",0,0,0,0,0,0,0,0,0,0,0,0,0,0,121845,0,121845
"3783",50383,"Van Buren County Board of Commissioners","Rural Reporter","Rural","MB","DO",0,0,0,0,0,0,0,0,0,0,0,0,0,0,0,0,0
"3784",50383,"Van Buren County Board of Commissioners","Rural Reporter","Rural","MB","DO",0,0,0,0,0,0,0,0,0,0,0,0,0,0,0,0,0
"3785",50384,"Brown County","Rural Reporter","Rural","DR","DO",0,0,0,0,0,0,0,0,0,0,0,0,0,0,0,0,0
"3786",50384,"Brown County","Rural Reporter","Rural","DR","DO",0,0,0,0,0,0,0,0,0,0,0,0,0,0,40882,51273,92155
"3787",50384,"Brown County","Rural Reporter","Rural","MB","DO",0,0,0,0,0,0,0,0,0,0,0,0,0,0,0,0,0
"3788",50384,"Brown County","Rural Reporter","Rural","MB","DO",0,0,0,0,0,0,0,0,0,0,0,0,0,0,895,0,895
"3789",50385,"Hancock County","Rural Reporter","Rural","DR","DO",0,0,0,0,0,0,0,0,0,0,0,0,0,0,0,0,0
"3790",50385,"Hancock County","Rural Reporter","Rural","DR","DO",0,0,0,0,0,0,0,0,0,0,0,0,0,0,634,0,634
"3791",50386,"City of Houghton","Rural Reporter","Rural","DR","DO",0,0,0,0,0,0,0,0,0,0,0,0,0,0,0,0,0
"3792",50386,"City of Houghton","Rural Reporter","Rural","DR","DO",0,0,0,0,0,0,0,0,0,0,0,0,0,0,33939,0,33939
"3793",50386,"City of Houghton","Rural Reporter","Rural","MB","DO",0,0,0,0,0,0,0,0,0,0,0,0,0,0,0,0,0
"3794",50386,"City of Houghton","Rural Reporter","Rural","MB","DO",0,0,0,0,0,0,0,0,0,0,0,0,0,0,2543,69000,71543
"3795",50387,"Union County Council on Aging","Rural Reporter","Rural","DR","DO",0,0,0,0,0,0,0,0,0,0,0,0,0,0,0,0,0
"3796",50387,"Union County Council on Aging","Rural Reporter","Rural","DR","DO",0,0,0,0,0,0,0,0,0,0,0,0,0,0,25000,0,25000
"3797",50388,"Marion Area Transit","Rural Reporter","Rural","DR","DO",0,0,0,0,0,0,0,0,0,0,0,0,0,0,0,0,0
"3798",50388,"Marion Area Transit","Rural Reporter","Rural","DR","DO",0,0,0,0,0,0,0,0,0,0,0,0,0,0,65757,0,65757
"3799",50389,"Orange County First Chance Center","Rural Reporter","Rural","DR","DO",0,0,0,0,0,0,0,0,0,0,0,0,0,0,0,0,0
"3800",50389,"Orange County First Chance Center","Rural Reporter","Rural","DR","DO",0,0,0,0,0,0,0,0,0,0,0,0,0,0,17457,0,17457
"3801",50390,"Ashtabula County Transportation System","Rural Reporter","Rural","DR","PT",0,0,0,0,0,0,0,0,0,0,0,0,0,0,0,0,0
"3802",50390,"Ashtabula County Transportation System","Rural Reporter","Rural","DR","PT",0,0,0,0,0,0,0,0,0,0,0,0,0,0,25933,0,25933
"3803",50390,"Ashtabula County Transportation System","Rural Reporter","Rural","MB","PT",0,0,0,0,0,0,0,0,0,0,0,0,0,0,0,0,0
"3804",50390,"Ashtabula County Transportation System","Rural Reporter","Rural","MB","PT",0,0,0,0,0,0,0,0,0,0,0,0,0,0,16984,0,16984
"3805",50391,"City of Edgerton","Rural Reporter","Rural","DR","PT",0,0,0,0,0,0,0,0,0,0,0,0,0,0,0,0,0
"3806",50391,"City of Edgerton","Rural Reporter","Rural","DR","PT",0,0,0,0,0,0,0,0,0,0,0,0,0,0,8692,442,9134
"3807",50392,"YMCA of Vincennes","Rural Reporter","Rural","DR","DO",0,0,0,0,0,0,0,0,0,0,0,0,0,0,0,0,0
"3808",50392,"YMCA of Vincennes","Rural Reporter","Rural","DR","DO",0,0,0,0,0,0,0,0,0,0,0,0,0,0,35478,0,35478
"3809",50394,"Trailblazer Joint Powers Board","Rural Reporter","Rural","DR","DO",0,0,0,0,0,0,0,0,0,0,0,0,0,0,0,0,0
"3810",50394,"Trailblazer Joint Powers Board","Rural Reporter","Rural","DR","DO",0,0,0,0,0,0,0,0,0,0,0,0,0,0,229042,1047631,1276673
"3811",50395,"Gladwin County Board of Commissioners","Rural Reporter","Rural","DR","DO",0,0,0,0,0,0,0,0,0,0,0,0,0,0,0,0,0
"3812",50395,"Gladwin County Board of Commissioners","Rural Reporter","Rural","DR","DO",0,0,0,0,0,0,0,0,0,0,0,0,0,0,193960,0,193960
"3813",50396,"City of Jefferson","Rural Reporter","Rural","DR","PT",0,0,0,0,0,0,0,0,0,0,0,0,0,0,0,0,0
"3814",50396,"City of Jefferson","Rural Reporter","Rural","DR","PT",0,0,0,0,0,0,0,0,0,0,0,0,0,0,21911,14182,36093
"3815",50397,"Hubbard County","Rural Reporter","Rural","DR","DO",0,0,0,0,0,0,0,0,0,0,0,0,0,0,0,0,0
"3816",50397,"Hubbard County","Rural Reporter","Rural","DR","DO",0,0,0,0,0,0,0,0,0,0,0,0,0,0,48599,0,48599
"3817",50397,"Hubbard County","Rural Reporter","Rural","MB","DO",0,0,0,0,0,0,0,0,0,0,0,0,0,0,0,0,0
"3818",50397,"Hubbard County","Rural Reporter","Rural","MB","DO",0,0,0,0,0,0,0,0,0,0,0,0,0,0,6912,0,6912
"3819",50398,"City of Belding","Rural Reporter","Rural","DR","DO",0,0,0,0,0,0,0,0,0,0,0,0,0,0,0,0,0
"3820",50398,"City of Belding","Rural Reporter","Rural","DR","DO",0,0,0,0,0,0,0,0,0,0,0,0,0,0,37762,0,37762
"3821",50399,"Fayette County Senior Center","Rural Reporter","Rural","DR","DO",0,0,0,0,0,0,0,0,0,0,0,0,0,0,0,0,0
"3822",50399,"Fayette County Senior Center","Rural Reporter","Rural","DR","DO",0,0,0,0,0,0,0,0,0,0,0,0,0,0,41964,0,41964
"3823",50400,"City of Fort Atkinson","Rural Reporter","Rural","DR","PT",0,0,0,0,0,0,0,0,0,0,0,0,0,0,0,0,0
"3824",50400,"City of Fort Atkinson","Rural Reporter","Rural","DR","PT",0,0,0,0,0,0,0,0,0,0,0,0,0,0,71941,47698,119639
"3825",50401,"Bay Area Rural Transit Commission","Rural Reporter","Rural","DR","DO",0,0,0,0,0,0,0,0,0,0,0,0,0,0,0,0,0
"3826",50401,"Bay Area Rural Transit Commission","Rural Reporter","Rural","DR","DO",0,0,0,0,0,0,0,0,0,0,0,0,0,0,46392,0,46392
"3827",50401,"Bay Area Rural Transit Commission","Rural Reporter","Rural","MB","DO",0,0,0,0,0,0,0,0,0,0,0,0,0,0,0,0,0
"3828",50401,"Bay Area Rural Transit Commission","Rural Reporter","Rural","MB","DO",0,0,0,0,0,0,0,0,0,0,0,0,0,0,113231,0,113231
"3829",50403,"Wells County Council on Aging","Rural Reporter","Rural","DR","DO",0,0,0,0,0,0,0,0,0,0,0,0,0,0,0,0,0
"3830",50403,"Wells County Council on Aging","Rural Reporter","Rural","DR","DO",0,0,0,0,0,0,0,0,0,0,0,0,0,0,25354,0,25354
"3831",50404,"City of Greenville","Rural Reporter","Rural","DR","DO",0,0,0,0,0,0,0,0,0,0,0,0,0,0,0,0,0
"3832",50404,"City of Greenville","Rural Reporter","Rural","DR","DO",0,0,0,0,0,0,0,0,0,0,0,0,0,0,46617,0,46617
"3833",50405,"City of Wisconsin Rapids","Rural Reporter","Rural","DR","PT",0,0,0,0,0,0,0,0,0,0,0,0,0,0,0,0,0
"3834",50405,"City of Wisconsin Rapids","Rural Reporter","Rural","DR","PT",0,0,0,0,0,0,0,0,0,0,0,0,0,0,175293,163653,338946
"3835",50406,"Lancaster Public Transit System","Reduced Reporter","Urban","DR","DO",0,0,0,0,0,0,0,0,0,0,0,0,0,0,0,0,0
"3836",50406,"Lancaster Public Transit System","Reduced Reporter","Urban","DR","DO",0,0,0,0,0,0,0,0,0,0,0,0,0,0,37976,0,37976
"3837",50406,"Lancaster Public Transit System","Reduced Reporter","Urban","MB","DO",0,0,0,0,0,0,0,0,0,0,0,0,0,0,0,0,0
"3838",50406,"Lancaster Public Transit System","Reduced Reporter","Urban","MB","DO",0,0,0,0,0,0,0,0,0,0,0,0,0,0,35926,0,35926
"3839",50407,"City of Bedford","Rural Reporter","Rural","DR","DO",0,0,0,0,0,0,0,0,0,0,0,0,0,0,0,0,0
"3840",50407,"City of Bedford","Rural Reporter","Rural","DR","DO",0,0,0,0,0,0,0,0,0,0,0,0,0,0,0,0,0
"3841",50408,"Hancock, City of","Rural Reporter","Rural","DR","DO",0,0,0,0,0,0,0,0,0,0,0,0,0,0,0,0,0
"3842",50408,"Hancock, City of","Rural Reporter","Rural","DR","DO",0,0,0,0,0,0,0,0,0,0,0,0,0,0,73095,0,73095
"3843",50409,"Clintonville Transit Commission","Rural Reporter","Rural","DR","PT",0,0,0,0,0,0,0,0,0,0,0,0,0,0,0,0,0
"3844",50409,"Clintonville Transit Commission","Rural Reporter","Rural","DR","PT",0,0,0,0,0,0,0,0,0,0,0,0,0,0,7320,888,8208
"3845",50410,"Fayette County Transportation Program","Rural Reporter","Rural","DR","DO",0,0,0,0,0,0,0,0,0,0,0,0,0,0,0,0,0
"3846",50410,"Fayette County Transportation Program","Rural Reporter","Rural","DR","DO",0,0,0,0,0,0,0,0,0,0,0,0,0,0,11187,0,11187
"3847",50411,"Logan County","Rural Reporter","Rural","DR","DO",0,0,0,0,0,0,0,0,0,0,0,0,0,0,0,0,0
"3848",50411,"Logan County","Rural Reporter","Rural","DR","DO",0,0,0,0,0,0,0,0,0,0,0,0,0,0,135,0,135
"3849",50412,"City of Freeport","Rural Reporter","Rural","DR","DO",0,0,0,0,0,0,0,0,0,0,0,0,0,0,0,0,0
"3850",50412,"City of Freeport","Rural Reporter","Rural","DR","DO",0,0,0,0,0,0,0,0,0,0,0,0,0,0,73303,0,73303
"3851",50413,"Bay Area Transportation Authority","Reduced Reporter","Urban","DR","DO",0,0,0,0,0,0,0,0,0,0,0,0,0,0,80569,0,80569
"3852",50413,"Bay Area Transportation Authority","Reduced Reporter","Urban","DR","DO",0,0,0,0,0,0,0,0,0,0,0,0,0,0,289130,291465,580595
"3853",50413,"Bay Area Transportation Authority","Reduced Reporter","Urban","MB","DO",0,0,0,0,0,0,0,0,0,0,0,0,0,0,0,0,0
"3854",50413,"Bay Area Transportation Authority","Reduced Reporter","Urban","MB","DO",0,0,0,0,0,0,0,0,0,0,0,0,0,0,267963,0,267963
"3855",50414,"West Central Mass Transit District","Rural Reporter","Rural","DR","DO",0,0,0,0,0,0,0,0,0,0,0,0,0,0,0,0,0
"3856",50414,"West Central Mass Transit District","Rural Reporter","Rural","DR","DO",0,0,0,0,0,0,0,0,0,0,0,0,0,0,89186,180047,269233
"3857",50415,"Greenville Transit System","Rural Reporter","Rural","DR","DO",0,0,0,0,0,0,0,0,0,0,0,0,0,0,0,0,0
"3858",50415,"Greenville Transit System","Rural Reporter","Rural","DR","DO",0,0,0,0,0,0,0,0,0,0,0,0,0,0,72296,0,72296
"3859",50416,"Mecosta Osceola Transit Authority","Rural Reporter","Rural","DR","DO",0,0,0,0,0,0,0,0,0,0,0,0,0,0,0,0,0
"3860",50416,"Mecosta Osceola Transit Authority","Rural Reporter","Rural","DR","DO",0,0,0,0,0,0,0,0,0,0,0,0,0,0,26975,0,26975
"3861",50418,"City of Tomah","Rural Reporter","Rural","DR","PT",0,0,0,0,0,0,0,0,0,0,0,0,0,0,0,0,0
"3862",50418,"City of Tomah","Rural Reporter","Rural","DR","PT",0,0,0,0,0,0,0,0,0,0,0,0,0,0,194982,102000,296982
"3863",50420,"Tazewell County","Rural Reporter","Rural","DR","DO",0,0,0,0,0,0,0,0,0,0,0,0,0,0,0,0,0
"3864",50420,"Tazewell County","Rural Reporter","Rural","DR","DO",0,0,0,0,0,0,0,0,0,0,0,0,0,0,104945,0,104945
"3865",50421,"Morgan County Transit","Rural Reporter","Rural","DR","DO",0,0,0,0,0,0,0,0,0,0,0,0,0,0,0,0,0
"3866",50421,"Morgan County Transit","Rural Reporter","Rural","DR","DO",0,0,0,0,0,0,0,0,0,0,0,0,0,0,31567,0,31567
"3867",50422,"Noble County Council on Aging","Rural Reporter","Rural","DR","DO",0,0,0,0,0,0,0,0,0,0,0,0,0,0,0,0,0
"3868",50422,"Noble County Council on Aging","Rural Reporter","Rural","DR","DO",0,0,0,0,0,0,0,0,0,0,0,0,0,0,57971,0,57971
"3869",50424,"Transportation for Logan County","Rural Reporter","Rural","DR","DO",0,0,0,0,0,0,0,0,0,0,0,0,0,0,0,0,0
"3870",50424,"Transportation for Logan County","Rural Reporter","Rural","DR","DO",0,0,0,0,0,0,0,0,0,0,0,0,0,0,69758,0,69758
"3871",50425,"Piatt County","Rural Reporter","Rural","DR","DO",0,0,0,0,0,0,0,0,0,0,0,0,0,0,0,0,0
"3872",50425,"Piatt County","Rural Reporter","Rural","DR","DO",0,0,0,0,0,0,0,0,0,0,0,0,0,0,46108,0,46108
"3873",50427,"Marquette County Transit Authority","Rural Reporter","Rural","DR","DO",0,0,0,0,0,0,0,0,0,0,0,0,0,0,0,0,0
"3874",50427,"Marquette County Transit Authority","Rural Reporter","Rural","DR","DO",0,0,0,0,0,0,0,0,0,0,0,0,0,0,28578,0,28578
"3875",50427,"Marquette County Transit Authority","Rural Reporter","Rural","MB","DO",0,0,0,0,0,0,0,0,0,0,0,0,0,0,0,0,0
"3876",50427,"Marquette County Transit Authority","Rural Reporter","Rural","MB","DO",0,0,0,0,0,0,0,0,0,0,0,0,0,0,89318,0,89318
"3877",50428,"Semcac","Rural Reporter","Rural","DR","DO",0,0,0,0,0,0,0,0,0,0,0,0,0,0,0,0,0
"3878",50428,"Semcac","Rural Reporter","Rural","DR","DO",0,0,0,0,0,0,0,0,0,0,0,0,0,0,105537,56954,162491
"3879",50429,"Chillicothe Transit System","Rural Reporter","Rural","DR","DO",0,0,0,0,0,0,0,0,0,0,0,0,0,0,0,0,0
"3880",50429,"Chillicothe Transit System","Rural Reporter","Rural","DR","DO",0,0,0,0,0,0,0,0,0,0,0,0,0,0,0,0,0
"3881",50429,"Chillicothe Transit System","Rural Reporter","Rural","MB","DO",0,0,0,0,0,0,0,0,0,0,0,0,0,0,0,0,0
"3882",50429,"Chillicothe Transit System","Rural Reporter","Rural","MB","DO",0,0,0,0,0,0,0,0,0,0,0,0,0,0,0,0,0
"3883",50430,"Fosston, City of","Rural Reporter","Rural","DR","DO",0,0,0,0,0,0,0,0,0,0,0,0,0,0,0,0,0
"3884",50430,"Fosston, City of","Rural Reporter","Rural","DR","DO",0,0,0,0,0,0,0,0,0,0,0,0,0,0,7755,0,7755
"3885",50431,"City of Platteville","Rural Reporter","Rural","DR","PT",0,0,0,0,0,0,0,0,0,0,0,0,0,0,0,0,0
"3886",50431,"City of Platteville","Rural Reporter","Rural","DR","PT",0,0,0,0,0,0,0,0,0,0,0,0,0,0,117729,78385,196114
"3887",50431,"City of Platteville","Rural Reporter","Rural","MB","PT",0,0,0,0,0,0,0,0,0,0,0,0,0,0,0,0,0
"3888",50431,"City of Platteville","Rural Reporter","Rural","MB","PT",0,0,0,0,0,0,0,0,0,0,0,0,0,0,3984,0,3984
"3889",50432,"County of Kenosha","Rural Reporter","Rural","DR","PT",0,0,0,0,0,0,0,0,0,0,0,0,0,0,0,0,0
"3890",50432,"County of Kenosha","Rural Reporter","Rural","DR","PT",0,0,0,0,0,0,0,0,0,0,0,0,0,0,20079,0,20079
"3891",50433,"Transportation Resources For Independent People of Sandusky (TRIPS)","Rural Reporter","Rural","DR","DO",0,0,0,0,0,0,0,0,0,0,0,0,0,0,0,0,0
"3892",50433,"Transportation Resources For Independent People of Sandusky (TRIPS)","Rural Reporter","Rural","DR","DO",0,0,0,0,0,0,0,0,0,0,0,0,0,0,43541,0,43541
"3893",50433,"Transportation Resources For Independent People of Sandusky (TRIPS)","Rural Reporter","Rural","MB","DO",0,0,0,0,0,0,0,0,0,0,0,0,0,0,0,0,0
"3894",50433,"Transportation Resources For Independent People of Sandusky (TRIPS)","Rural Reporter","Rural","MB","DO",0,0,0,0,0,0,0,0,0,0,0,0,0,0,9592,0,9592
"3895",50434,"Pickaway Area Rural Transit","Rural Reporter","Rural","DR","DO",0,0,0,0,0,0,0,0,0,0,0,0,0,0,0,0,0
"3896",50434,"Pickaway Area Rural Transit","Rural Reporter","Rural","DR","DO",0,0,0,0,0,0,0,0,0,0,0,0,0,0,5968,0,5968
"3897",50434,"Pickaway Area Rural Transit","Rural Reporter","Rural","MB","DO",0,0,0,0,0,0,0,0,0,0,0,0,0,0,0,0,0
"3898",50434,"Pickaway Area Rural Transit","Rural Reporter","Rural","MB","DO",0,0,0,0,0,0,0,0,0,0,0,0,0,0,0,0,0
"3899",50435,"City of Lake Mills","Rural Reporter","Rural","DR","PT",0,0,0,0,0,0,0,0,0,0,0,0,0,0,0,0,0
"3900",50435,"City of Lake Mills","Rural Reporter","Rural","DR","PT",0,0,0,0,0,0,0,0,0,0,0,0,0,0,10664,2318,12982
"3901",50436,"St. Joseph County Transportation Authority","Rural Reporter","Rural","DR","DO",0,0,0,0,0,0,0,0,0,0,0,0,0,0,0,0,0
"3902",50436,"St. Joseph County Transportation Authority","Rural Reporter","Rural","DR","DO",0,0,0,0,0,0,0,0,0,0,0,0,0,0,235237,0,235237
"3903",50436,"St. Joseph County Transportation Authority","Rural Reporter","Rural","MB","DO",0,0,0,0,0,0,0,0,0,0,0,0,0,0,0,0,0
"3904",50436,"St. Joseph County Transportation Authority","Rural Reporter","Rural","MB","DO",0,0,0,0,0,0,0,0,0,0,0,0,0,0,11343,0,11343
"3905",50437,"City of Big Rapids","Rural Reporter","Rural","DR","DO",0,0,0,0,0,0,0,0,0,0,0,0,0,0,0,0,0
"3906",50437,"City of Big Rapids","Rural Reporter","Rural","DR","DO",0,0,0,0,0,0,0,0,0,0,0,0,0,0,93070,0,93070
"3907",50437,"City of Big Rapids","Rural Reporter","Rural","MB","DO",0,0,0,0,0,0,0,0,0,0,0,0,0,0,0,0,0
"3908",50437,"City of Big Rapids","Rural Reporter","Rural","MB","DO",0,0,0,0,0,0,0,0,0,0,0,0,0,0,0,0,0
"3909",50438,"Logan Transit System","Rural Reporter","Rural","DR","DO",0,0,0,0,0,0,0,0,0,0,0,0,0,0,0,0,0
"3910",50438,"Logan Transit System","Rural Reporter","Rural","DR","DO",0,0,0,0,0,0,0,0,0,0,0,0,0,0,28627,0,28627
"3911",50440,"Seneca-Crawford Area Transportation","Rural Reporter","Rural","DR","DO",0,0,0,0,0,0,0,0,0,0,0,0,0,0,0,0,0
"3912",50440,"Seneca-Crawford Area Transportation","Rural Reporter","Rural","DR","DO",0,0,0,0,0,0,0,0,0,0,0,0,0,0,59181,0,59181
"3913",50440,"Seneca-Crawford Area Transportation","Rural Reporter","Rural","MB","DO",0,0,0,0,0,0,0,0,0,0,0,0,0,0,0,0,0
"3914",50440,"Seneca-Crawford Area Transportation","Rural Reporter","Rural","MB","DO",0,0,0,0,0,0,0,0,0,0,0,0,0,0,1632,0,1632
"3915",50441,"Living Wells in Wabash County Council on Aging","Rural Reporter","Rural","DR","DO",0,0,0,0,0,0,0,0,0,0,0,0,0,0,0,0,0
"3916",50441,"Living Wells in Wabash County Council on Aging","Rural Reporter","Rural","DR","DO",0,0,0,0,0,0,0,0,0,0,0,0,0,0,17454,0,17454
"3917",50442,"County of La Crosse","Rural Reporter","Rural","MB","PT",0,0,0,0,0,0,0,0,0,0,0,0,0,0,0,0,0
"3918",50442,"County of La Crosse","Rural Reporter","Rural","MB","PT",0,0,0,0,0,0,0,0,0,0,0,0,0,0,21699,0,21699
"3919",50444,"White County Council on Aging","Rural Reporter","Rural","DR","DO",0,0,0,0,0,0,0,0,0,0,0,0,0,0,0,0,0
"3920",50444,"White County Council on Aging","Rural Reporter","Rural","DR","DO",0,0,0,0,0,0,0,0,0,0,0,0,0,0,17649,0,17649
"3921",50446,"Wadena County","Rural Reporter","Rural","DR","DO",0,0,0,0,0,0,0,0,0,0,0,0,0,0,0,0,0
"3922",50446,"Wadena County","Rural Reporter","Rural","DR","DO",0,0,0,0,0,0,0,0,0,0,0,0,0,0,92136,44601,136737
"3923",50447,"Coles County","Rural Reporter","Rural","DR","DO",0,0,0,0,0,0,0,0,0,0,0,0,0,0,0,0,0
"3924",50447,"Coles County","Rural Reporter","Rural","DR","DO",0,0,0,0,0,0,0,0,0,0,0,0,0,0,20250,45104,65354
"3925",50447,"Coles County","Rural Reporter","Rural","MB","DO",0,0,0,0,0,0,0,0,0,0,0,0,0,0,0,0,0
"3926",50447,"Coles County","Rural Reporter","Rural","MB","DO",0,0,0,0,0,0,0,0,0,0,0,0,0,0,12503,0,12503
"3927",50448,"Watonwan County","Rural Reporter","Rural","DR","DO",0,0,0,0,0,0,0,0,0,0,0,0,0,0,0,0,0
"3928",50448,"Watonwan County","Rural Reporter","Rural","DR","DO",0,0,0,0,0,0,0,0,0,0,0,0,0,0,27556,25737,53293
"3929",50450,"Cedar Valley Services, Inc.","Rural Reporter","Rural","DR","DO",0,0,0,0,0,0,0,0,0,0,0,0,0,0,0,0,0
"3930",50450,"Cedar Valley Services, Inc.","Rural Reporter","Rural","DR","DO",0,0,0,0,0,0,0,0,0,0,0,0,0,0,185780,35631,221411
"3931",50450,"Cedar Valley Services, Inc.","Rural Reporter","Rural","MB","DO",0,0,0,0,0,0,0,0,0,0,0,0,0,0,0,0,0
"3932",50450,"Cedar Valley Services, Inc.","Rural Reporter","Rural","MB","DO",0,0,0,0,0,0,0,0,0,0,0,0,0,0,125057,38842,163899
"3933",50452,"Antrim County Board of Commissioners","Rural Reporter","Rural","DR","DO",0,0,0,0,0,0,0,0,0,0,0,0,0,0,0,0,0
"3934",50452,"Antrim County Board of Commissioners","Rural Reporter","Rural","DR","DO",0,0,0,0,0,0,0,0,0,0,0,0,0,0,17580,0,17580
"3935",50453,"Clare County Transit Corporation","Rural Reporter","Rural","DR","DO",0,0,0,0,0,0,0,0,0,0,0,0,0,0,0,0,0
"3936",50453,"Clare County Transit Corporation","Rural Reporter","Rural","DR","DO",0,0,0,0,0,0,0,0,0,0,0,0,0,0,101950,0,101950
"3937",50454,"Miami County YMCA","Rural Reporter","Rural","DR","DO",0,0,0,0,0,0,0,0,0,0,0,0,0,0,0,0,0
"3938",50454,"Miami County YMCA","Rural Reporter","Rural","DR","DO",0,0,0,0,0,0,0,0,0,0,0,0,0,0,39564,0,39564
"3939",50455,"Gogebic County Transit","Rural Reporter","Rural","DR","DO",0,0,0,0,0,0,0,0,0,0,0,0,0,0,0,0,0
"3940",50455,"Gogebic County Transit","Rural Reporter","Rural","DR","DO",0,0,0,0,0,0,0,0,0,0,0,0,0,0,43028,0,43028
"3941",50456,"County of Allegan","Rural Reporter","Rural","DR","PT",0,0,0,0,0,0,0,0,0,0,0,0,0,0,0,0,0
"3942",50456,"County of Allegan","Rural Reporter","Rural","DR","PT",0,0,0,0,0,0,0,0,0,0,0,0,0,0,114415,0,114415
"3943",50457,"Benzie Transportation Authority","Rural Reporter","Rural","DR","DO",0,0,0,0,0,0,0,0,0,0,0,0,0,0,0,0,0
"3944",50457,"Benzie Transportation Authority","Rural Reporter","Rural","DR","DO",0,0,0,0,0,0,0,0,0,0,0,0,0,0,203155,0,203155
"3945",50458,"Whiteside County","Rural Reporter","Rural","DR","DO",0,0,0,0,0,0,0,0,0,0,0,0,0,0,0,0,0
"3946",50458,"Whiteside County","Rural Reporter","Rural","DR","DO",0,0,0,0,0,0,0,0,0,0,0,0,0,0,25646,0,25646
"3947",50459,"Ludington Mass Transportation Authority","Rural Reporter","Rural","DR","DO",0,0,0,0,0,0,0,0,0,0,0,0,0,0,0,0,0
"3948",50459,"Ludington Mass Transportation Authority","Rural Reporter","Rural","DR","DO",0,0,0,0,0,0,0,0,0,0,0,0,0,0,176845,0,176845
"3949",50461,"City of Manitowoc","Rural Reporter","Rural","DR","PT",0,0,0,0,0,0,0,0,0,0,0,0,0,0,0,0,0
"3950",50461,"City of Manitowoc","Rural Reporter","Rural","DR","PT",0,0,0,0,0,0,0,0,0,0,0,0,0,0,31116,0,31116
"3951",50461,"City of Manitowoc","Rural Reporter","Rural","MB","DO",0,0,0,0,0,0,0,0,0,0,0,0,0,0,0,0,0
"3952",50461,"City of Manitowoc","Rural Reporter","Rural","MB","DO",0,0,0,0,0,0,0,0,0,0,0,0,0,0,164713,0,164713
"3953",50462,"Harrison County Rural Transit","Rural Reporter","Rural","DR","DO",0,0,0,0,0,0,0,0,0,0,0,0,0,0,0,0,0
"3954",50462,"Harrison County Rural Transit","Rural Reporter","Rural","DR","DO",0,0,0,0,0,0,0,0,0,0,0,0,0,0,36147,0,36147
"3955",50463,"Berrien County Board of Commissioners","Rural Reporter","Rural","DR","PT",0,0,0,0,0,0,0,0,0,0,0,0,0,0,0,0,0
"3956",50463,"Berrien County Board of Commissioners","Rural Reporter","Rural","DR","PT",0,0,0,0,0,0,0,0,0,0,0,0,0,0,21883,0,21883
"3957",50464,"Pike County/Community Action Transit System","Rural Reporter","Rural","DR","DO",0,0,0,0,0,0,0,0,0,0,0,0,0,0,0,0,0
"3958",50464,"Pike County/Community Action Transit System","Rural Reporter","Rural","DR","DO",0,0,0,0,0,0,0,0,0,0,0,0,0,0,5817,0,5817
"3959",50464,"Pike County/Community Action Transit System","Rural Reporter","Rural","MB","DO",0,0,0,0,0,0,0,0,0,0,0,0,0,0,0,0,0
"3960",50464,"Pike County/Community Action Transit System","Rural Reporter","Rural","MB","DO",0,0,0,0,0,0,0,0,0,0,0,0,0,0,4081,0,4081
"3961",50466,"City of Beaver Dam","Rural Reporter","Rural","DR","PT",0,0,0,0,0,0,0,0,0,0,0,0,0,0,0,0,0
"3962",50466,"City of Beaver Dam","Rural Reporter","Rural","DR","PT",0,0,0,0,0,0,0,0,0,0,0,0,0,0,190262,25814,216076
"3963",50468,"Whitley County Council on Aging","Rural Reporter","Rural","DR","DO",0,0,0,0,0,0,0,0,0,0,0,0,0,0,0,0,0
"3964",50468,"Whitley County Council on Aging","Rural Reporter","Rural","DR","DO",0,0,0,0,0,0,0,0,0,0,0,0,0,0,131691,0,131691
"3965",50470,"City of Portage","Rural Reporter","Rural","DR","PT",0,0,0,0,0,0,0,0,0,0,0,0,0,0,0,0,0
"3966",50470,"City of Portage","Rural Reporter","Rural","DR","PT",0,0,0,0,0,0,0,0,0,0,0,0,0,0,306410,33846,340256
"3967",50471,"Southwestern MN Opportunity Council, Inc.","Rural Reporter","Rural","DR","DO",0,0,0,0,0,0,0,0,0,0,0,0,0,0,0,0,0
"3968",50471,"Southwestern MN Opportunity Council, Inc.","Rural Reporter","Rural","DR","DO",0,0,0,0,0,0,0,0,0,0,0,0,0,0,45342,0,45342
"3969",50471,"Southwestern MN Opportunity Council, Inc.","Rural Reporter","Rural","MB","DO",0,0,0,0,0,0,0,0,0,0,0,0,0,0,0,0,0
"3970",50471,"Southwestern MN Opportunity Council, Inc.","Rural Reporter","Rural","MB","DO",0,0,0,0,0,0,0,0,0,0,0,0,0,0,6892,0,6892
"3971",50473,"Lenawee Public Transportation Authority","Rural Reporter","Rural","DR","PT",0,0,0,0,0,0,0,0,0,0,0,0,0,0,0,0,0
"3972",50473,"Lenawee Public Transportation Authority","Rural Reporter","Rural","DR","PT",0,0,0,0,0,0,0,0,0,0,0,0,0,0,219862,0,219862
"3973",50474,"Tri-County Action Program, Inc.","Rural Reporter","Rural","DR","DO",0,0,0,0,0,0,0,0,0,0,0,0,0,0,0,0,0
"3974",50474,"Tri-County Action Program, Inc.","Rural Reporter","Rural","DR","DO",0,0,0,0,0,0,0,0,0,0,0,0,0,0,86054,24422,110476
"3975",50474,"Tri-County Action Program, Inc.","Rural Reporter","Rural","MB","DO",0,0,0,0,0,0,0,0,0,0,0,0,0,0,0,0,0
"3976",50474,"Tri-County Action Program, Inc.","Rural Reporter","Rural","MB","DO",0,0,0,0,0,0,0,0,0,0,0,0,0,0,57672,193273,250945
"3977",50476,"Yates Township","Rural Reporter","Rural","DR","DO",0,0,0,0,0,0,0,0,0,0,0,0,0,0,0,0,0
"3978",50476,"Yates Township","Rural Reporter","Rural","DR","DO",0,0,0,0,0,0,0,0,0,0,0,0,0,0,34685,0,34685
"3979",50476,"Yates Township","Rural Reporter","Rural","MB","DO",0,0,0,0,0,0,0,0,0,0,0,0,0,0,0,0,0
"3980",50476,"Yates Township","Rural Reporter","Rural","MB","DO",0,0,0,0,0,0,0,0,0,0,0,0,0,0,296,0,296
"3981",50478,"City of Marinette","Rural Reporter","Rural","DR","TX",0,0,0,0,0,0,0,0,0,0,0,0,0,0,0,0,0
"3982",50478,"City of Marinette","Rural Reporter","Rural","DR","TX",0,0,0,0,0,0,0,0,0,0,0,0,0,0,126633,0,126633
"3983",50481,"Columbiana County/Community Action Rural Transit System","Rural Reporter","Rural","DR","DO",0,0,0,0,0,0,0,0,0,0,0,0,0,0,12290,0,12290
"3984",50481,"Columbiana County/Community Action Rural Transit System","Rural Reporter","Rural","DR","DO",0,0,0,0,0,0,0,0,0,0,0,0,0,0,69536,0,69536
"3985",50481,"Columbiana County/Community Action Rural Transit System","Rural Reporter","Rural","MB","DO",0,0,0,0,0,0,0,0,0,0,0,0,0,0,0,0,0
"3986",50481,"Columbiana County/Community Action Rural Transit System","Rural Reporter","Rural","MB","DO",0,0,0,0,0,0,0,0,0,0,0,0,0,0,0,0,0
"3987",50482,"City of Prairie du Chien","Rural Reporter","Rural","DR","PT",0,0,0,0,0,0,0,0,0,0,0,0,0,0,0,0,0
"3988",50482,"City of Prairie du Chien","Rural Reporter","Rural","DR","PT",0,0,0,0,0,0,0,0,0,0,0,0,0,0,64151,41585,105736
"3989",50483,"Franklin County Senior Services","Rural Reporter","Rural","DR","DO",0,0,0,0,0,0,0,0,0,0,0,0,0,0,0,0,0
"3990",50483,"Franklin County Senior Services","Rural Reporter","Rural","DR","DO",0,0,0,0,0,0,0,0,0,0,0,0,0,0,16693,0,16693
"3991",50484,"Fulton County Council on Aging","Rural Reporter","Rural","DR","DO",0,0,0,0,0,0,0,0,0,0,0,0,0,0,0,0,0
"3992",50484,"Fulton County Council on Aging","Rural Reporter","Rural","DR","DO",0,0,0,0,0,0,0,0,0,0,0,0,0,0,47587,73763,121350
"3993",50485,"City of Marion","Rural Reporter","Rural","DR","DO",0,0,0,0,0,0,0,0,0,0,0,0,0,0,0,0,0
"3994",50485,"City of Marion","Rural Reporter","Rural","DR","DO",0,0,0,0,0,0,0,0,0,0,0,0,0,0,0,0,0
"3995",50485,"City of Marion","Rural Reporter","Rural","MB","DO",0,0,0,0,0,0,0,0,0,0,0,0,0,0,0,0,0
"3996",50485,"City of Marion","Rural Reporter","Rural","MB","DO",0,0,0,0,0,0,0,0,0,0,0,0,0,0,0,0,0
"3997",50487,"City of Sault Sainte Marie","Rural Reporter","Rural","DR","DO",0,0,0,0,0,0,0,0,0,0,0,0,0,0,0,0,0
"3998",50487,"City of Sault Sainte Marie","Rural Reporter","Rural","DR","DO",0,0,0,0,0,0,0,0,0,0,0,0,0,0,35665,0,35665
"3999",50487,"City of Sault Sainte Marie","Rural Reporter","Rural","MB","DO",0,0,0,0,0,0,0,0,0,0,0,0,0,0,0,0,0
"4000",50487,"City of Sault Sainte Marie","Rural Reporter","Rural","MB","DO",0,0,0,0,0,0,0,0,0,0,0,0,0,0,11970,0,11970
"4001",50489,"Paul Bunyan Transit","Rural Reporter","Rural","DR","DO",0,0,0,0,0,0,0,0,0,0,0,0,0,0,0,0,0
"4002",50489,"Paul Bunyan Transit","Rural Reporter","Rural","DR","DO",0,0,0,0,0,0,0,0,0,0,0,0,0,0,70929,104988,175917
"4003",50489,"Paul Bunyan Transit","Rural Reporter","Rural","MB","DO",0,0,0,0,0,0,0,0,0,0,0,0,0,0,0,0,0
"4004",50489,"Paul Bunyan Transit","Rural Reporter","Rural","MB","DO",0,0,0,0,0,0,0,0,0,0,0,0,0,0,0,3195,3195
"4005",50490,"City of Reedsburg","Rural Reporter","Rural","DR","PT",0,0,0,0,0,0,0,0,0,0,0,0,0,0,0,0,0
"4006",50490,"City of Reedsburg","Rural Reporter","Rural","DR","PT",0,0,0,0,0,0,0,0,0,0,0,0,0,0,95818,134734,230552
"4007",50491,"City of Medford","Rural Reporter","Rural","DR","PT",0,0,0,0,0,0,0,0,0,0,0,0,0,0,0,0,0
"4008",50491,"City of Medford","Rural Reporter","Rural","DR","PT",0,0,0,0,0,0,0,0,0,0,0,0,0,0,14283,11834,26117
"4009",50492,"City of Alma","Rural Reporter","Rural","DR","DO",0,0,0,0,0,0,0,0,0,0,0,0,0,0,0,0,0
"4010",50492,"City of Alma","Rural Reporter","Rural","DR","DO",0,0,0,0,0,0,0,0,0,0,0,0,0,0,102364,0,102364
"4011",50493,"West Central Indiana Economic Development District","Rural Reporter","Rural","DR","DO",0,0,0,0,0,0,0,0,0,0,0,0,0,0,0,0,0
"4012",50493,"West Central Indiana Economic Development District","Rural Reporter","Rural","DR","DO",0,0,0,0,0,0,0,0,0,0,0,0,0,0,8833,0,8833
"4013",50494,"City of Dowagiac","Rural Reporter","Rural","DR","PT",0,0,0,0,0,0,0,0,0,0,0,0,0,0,0,0,0
"4014",50494,"City of Dowagiac","Rural Reporter","Rural","DR","PT",0,0,0,0,0,0,0,0,0,0,0,0,0,0,23017,0,23017
"4015",50495,"Interurban Transit Authority","Rural Reporter","Rural","DR","DO",0,0,0,0,0,0,0,0,0,0,0,0,0,0,0,0,0
"4016",50495,"Interurban Transit Authority","Rural Reporter","Rural","DR","DO",0,0,0,0,0,0,0,0,0,0,0,0,0,0,56474,0,56474
"4017",50496,"Shelby County","Rural Reporter","Rural","DR","DO",0,0,0,0,0,0,0,0,0,0,0,0,0,0,0,0,0
"4018",50496,"Shelby County","Rural Reporter","Rural","DR","DO",0,0,0,0,0,0,0,0,0,0,0,0,0,0,46374,0,46374
"4019",50497,"Shelby Public Transit","Rural Reporter","Rural","DR","DO",0,0,0,0,0,0,0,0,0,0,0,0,0,0,0,0,0
"4020",50497,"Shelby Public Transit","Rural Reporter","Rural","DR","DO",0,0,0,0,0,0,0,0,0,0,0,0,0,0,40540,0,40540
"4021",50499,"Paul Philippe Resource Center","Rural Reporter","Rural","DR","DO",0,0,0,0,0,0,0,0,0,0,0,0,0,0,0,0,0
"4022",50499,"Paul Philippe Resource Center","Rural Reporter","Rural","DR","DO",0,0,0,0,0,0,0,0,0,0,0,0,0,0,24000,0,24000
"4023",50500,"City of Rhinelander","Rural Reporter","Rural","DR","PT",0,0,0,0,0,0,0,0,0,0,0,0,0,0,0,0,0
"4024",50500,"City of Rhinelander","Rural Reporter","Rural","DR","PT",0,0,0,0,0,0,0,0,0,0,0,0,0,0,208952,87190,296142
"4025",50501,"City of Seymour","Rural Reporter","Rural","DR","DO",0,0,0,0,0,0,0,0,0,0,0,0,0,0,0,0,0
"4026",50501,"City of Seymour","Rural Reporter","Rural","DR","DO",0,0,0,0,0,0,0,0,0,0,0,0,0,0,47510,0,47510
"4027",50502,"City of Galesburg","Rural Reporter","Rural","DR","DO",0,0,0,0,0,0,0,0,0,0,0,0,0,0,0,0,0
"4028",50502,"City of Galesburg","Rural Reporter","Rural","DR","DO",0,0,0,0,0,0,0,0,0,0,0,0,0,0,12028,5334,17362
"4029",50502,"City of Galesburg","Rural Reporter","Rural","MB","DO",0,0,0,0,0,0,0,0,0,0,0,0,0,0,0,0,0
"4030",50502,"City of Galesburg","Rural Reporter","Rural","MB","DO",0,0,0,0,0,0,0,0,0,0,0,0,0,0,31052,4973,36025
"4031",50503,"Crawford County Transportation Authority","Rural Reporter","Rural","DR","DO",0,0,0,0,0,0,0,0,0,0,0,0,0,0,0,0,0
"4032",50503,"Crawford County Transportation Authority","Rural Reporter","Rural","DR","DO",0,0,0,0,0,0,0,0,0,0,0,0,0,0,214180,0,214180
"4033",50504,"Productive Alternatives","Rural Reporter","Rural","DR","DO",0,0,0,0,0,0,0,0,0,0,0,0,0,0,0,0,0
"4034",50504,"Productive Alternatives","Rural Reporter","Rural","DR","DO",0,0,0,0,0,0,0,0,0,0,0,0,0,0,78528,0,78528
"4035",50505,"City of Merrill","Rural Reporter","Rural","MB","DO",0,0,0,0,0,0,0,0,0,0,0,0,0,0,0,0,0
"4036",50505,"City of Merrill","Rural Reporter","Rural","MB","DO",0,0,0,0,0,0,0,0,0,0,0,0,0,0,84411,0,84411
"4037",50506,"City of Berlin","Rural Reporter","Rural","DR","PT",0,0,0,0,0,0,0,0,0,0,0,0,0,0,0,0,0
"4038",50506,"City of Berlin","Rural Reporter","Rural","DR","PT",0,0,0,0,0,0,0,0,0,0,0,0,0,0,45871,10815,56686
"4039",50507,"Sawyer County/LCO Transit Commission","Rural Reporter","Rural","DR","DO",0,0,0,0,0,0,0,0,0,0,0,0,0,0,0,0,0
"4040",50507,"Sawyer County/LCO Transit Commission","Rural Reporter","Rural","DR","DO",0,0,0,0,0,0,0,0,0,0,0,0,0,0,294825,0,294825
"4041",50510,"Three Rivers Community Action, Inc.","Rural Reporter","Rural","DR","DO",0,0,0,0,0,0,0,0,0,0,0,0,0,0,0,0,0
"4042",50510,"Three Rivers Community Action, Inc.","Rural Reporter","Rural","DR","DO",0,0,0,0,0,0,0,0,0,0,0,0,0,0,67953,167774,235727
"4043",50510,"Three Rivers Community Action, Inc.","Rural Reporter","Rural","MB","DO",0,0,0,0,0,0,0,0,0,0,0,0,0,0,0,0,0
"4044",50510,"Three Rivers Community Action, Inc.","Rural Reporter","Rural","MB","DO",0,0,0,0,0,0,0,0,0,0,0,0,0,0,55809,117016,172825
"4045",50511,"ALTRAN Transit Authority","Rural Reporter","Rural","DR","DO",0,0,0,0,0,0,0,0,0,0,0,0,0,0,0,0,0
"4046",50511,"ALTRAN Transit Authority","Rural Reporter","Rural","DR","DO",0,0,0,0,0,0,0,0,0,0,0,0,0,0,252929,0,252929
"4047",50513,"City of Mauston","Rural Reporter","Rural","DR","PT",0,0,0,0,0,0,0,0,0,0,0,0,0,0,0,0,0
"4048",50513,"City of Mauston","Rural Reporter","Rural","DR","PT",0,0,0,0,0,0,0,0,0,0,0,0,0,0,50905,36085,86990
"4049",50514,"City of Ionia","Rural Reporter","Rural","DR","DO",0,0,0,0,0,0,0,0,0,0,0,0,0,0,0,0,0
"4050",50514,"City of Ionia","Rural Reporter","Rural","DR","DO",0,0,0,0,0,0,0,0,0,0,0,0,0,0,83391,0,83391
"4051",50517,"City of Maple Grove","Full Reporter","Urban","MB","PT",0,0,0,0,0,0,0,0,0,0,0,0,0,0,521723,0,521723
"4052",50520,"Arrowhead Economic Opportunity Agency, Inc.","Rural Reporter","Rural","DR","DO",0,0,0,0,0,0,0,0,0,0,0,0,0,0,0,0,0
"4053",50520,"Arrowhead Economic Opportunity Agency, Inc.","Rural Reporter","Rural","DR","DO",0,0,0,0,0,0,0,0,0,0,0,0,0,0,261589,0,261589
"4054",50520,"Arrowhead Economic Opportunity Agency, Inc.","Rural Reporter","Rural","MB","DO",0,0,0,0,0,0,0,0,0,0,0,0,0,0,0,0,0
"4055",50520,"Arrowhead Economic Opportunity Agency, Inc.","Rural Reporter","Rural","MB","DO",0,0,0,0,0,0,0,0,0,0,0,0,0,0,112785,1326965,1439750
"4056",50523,"Sault Ste. Marie Tribe of Chippewa Indians","Reduced Reporter","Tribe","DR","DO",0,0,0,0,0,0,0,0,0,0,0,0,0,0,0,0,0
"4057",50523,"Sault Ste. Marie Tribe of Chippewa Indians","Reduced Reporter","Tribe","DR","DO",0,0,0,0,0,0,0,0,0,0,0,0,0,0,0,0,0
"4058",50524,"YWCA Madison Inc.","Reduced Reporter","Urban","DR","DO",0,0,0,0,0,0,0,0,0,0,0,0,0,0,0,0,0
"4059",50524,"YWCA Madison Inc.","Reduced Reporter","Urban","DR","DO",0,0,0,0,0,0,0,0,0,0,0,0,0,0,23503,109553,133056
"4060",50525,"Hamilton County","Reduced Reporter","Urban","DR","PT",0,0,0,0,0,0,0,0,0,0,0,0,0,0,0,0,0
"4061",50525,"Hamilton County","Reduced Reporter","Urban","DR","PT",0,0,0,0,0,0,0,0,0,0,0,0,0,0,97778,297651,395429
"4062",55222,"Grand Portage Reservation Tribal Council","Reduced Reporter","Tribe","DR","DO",0,0,0,0,0,0,0,0,0,0,0,0,0,0,0,0,0
"4063",55222,"Grand Portage Reservation Tribal Council","Reduced Reporter","Tribe","DR","DO",0,0,0,0,0,0,0,0,0,0,0,0,0,0,0,0,0
"4064",55228,"Menominee Indian Tribe of Wisconsin","Reduced Reporter","Tribe","DR","DO",0,0,0,0,0,0,0,0,0,0,0,0,0,0,0,0,0
"4065",55228,"Menominee Indian Tribe of Wisconsin","Reduced Reporter","Tribe","DR","DO",0,0,0,0,0,0,0,0,0,0,0,0,0,0,46159,0,46159
"4066",55228,"Menominee Indian Tribe of Wisconsin","Reduced Reporter","Tribe","MB","DO",0,0,0,0,0,0,0,0,0,0,0,0,0,0,0,0,0
"4067",55228,"Menominee Indian Tribe of Wisconsin","Reduced Reporter","Tribe","MB","DO",0,0,0,0,0,0,0,0,0,0,0,0,0,0,30525,473098,503623
"4068",55234,"Red Lake Band of the Chippewa","Reduced Reporter","Tribe","DR","DO",0,0,0,0,0,0,0,0,0,0,0,0,0,0,0,0,0
"4069",55234,"Red Lake Band of the Chippewa","Reduced Reporter","Tribe","DR","DO",0,0,0,0,0,0,0,0,0,0,0,0,0,0,13299,0,13299
"4070",55240,"Lac Courte Oreilles Band of Ojibwe","Reduced Reporter","Tribe","DR","DO",0,0,0,0,0,0,0,0,0,0,0,0,0,0,0,0,0
"4071",55240,"Lac Courte Oreilles Band of Ojibwe","Reduced Reporter","Tribe","DR","DO",0,0,0,0,0,0,0,0,0,0,0,0,0,0,7240,0,7240
"4072",55246,"Fond du Lac Reservation","Reduced Reporter","Tribe","DR","DO",0,0,0,0,0,0,0,0,0,0,0,0,0,0,0,0,0
"4073",55246,"Fond du Lac Reservation","Reduced Reporter","Tribe","DR","DO",0,0,0,0,0,0,0,0,0,0,0,0,0,0,16932,0,16932
"4074",55246,"Fond du Lac Reservation","Reduced Reporter","Tribe","MB","DO",0,0,0,0,0,0,0,0,0,0,0,0,0,0,0,0,0
"4075",55246,"Fond du Lac Reservation","Reduced Reporter","Tribe","MB","DO",0,0,0,0,0,0,0,0,0,0,0,0,0,0,0,0,0
"4076",55252,"Bois Forte Band of Chippewa","Reduced Reporter","Tribe","CB","DO",0,0,0,0,0,0,0,0,0,0,0,0,0,0,0,0,0
"4077",55252,"Bois Forte Band of Chippewa","Reduced Reporter","Tribe","CB","DO",0,0,0,0,0,0,0,0,0,0,0,0,0,0,31557,0,31557
"4078",55252,"Bois Forte Band of Chippewa","Reduced Reporter","Tribe","DR","DO",0,0,0,0,0,0,0,0,0,0,0,0,0,0,0,0,0
"4079",55252,"Bois Forte Band of Chippewa","Reduced Reporter","Tribe","DR","DO",0,0,0,0,0,0,0,0,0,0,0,0,0,0,0,192000,192000
"4080",55258,"Leech Lake Band of Ojibwe","Reduced Reporter","Tribe","DR","DO",0,0,0,0,0,0,0,0,0,0,0,0,0,0,0,0,0
"4081",55258,"Leech Lake Band of Ojibwe","Reduced Reporter","Tribe","DR","DO",0,0,0,0,0,0,0,0,0,0,0,0,0,0,24912,0,24912
"4082",55258,"Leech Lake Band of Ojibwe","Reduced Reporter","Tribe","MB","DO",0,0,0,0,0,0,0,0,0,0,0,0,0,0,0,0,0
"4083",55258,"Leech Lake Band of Ojibwe","Reduced Reporter","Tribe","MB","DO",0,0,0,0,0,0,0,0,0,0,0,0,0,0,6228,0,6228
"4084",55270,"White Earth Band of Chippewa","Reduced Reporter","Tribe","MB","DO",0,0,0,0,0,0,0,0,0,0,0,0,0,0,0,0,0
"4085",55270,"White Earth Band of Chippewa","Reduced Reporter","Tribe","MB","DO",0,0,0,0,0,0,0,0,0,0,0,0,0,0,47873,0,47873
"4086",55276,"Oneida Tribe of Indians of Wisconsin","Reduced Reporter","Tribe","DR","DO",0,0,0,0,0,0,0,0,0,0,0,0,0,0,0,0,0
"4087",55276,"Oneida Tribe of Indians of Wisconsin","Reduced Reporter","Tribe","DR","DO",0,0,0,0,0,0,0,0,0,0,0,0,0,0,26226,0,26226
"4088",55282,"Bad River Band of Lake Superior Tribe of Chippewa","Reduced Reporter","Tribe","MB","DO",0,0,0,0,0,0,0,0,0,0,0,0,0,0,0,0,0
"4089",55282,"Bad River Band of Lake Superior Tribe of Chippewa","Reduced Reporter","Tribe","MB","DO",0,0,0,0,0,0,0,0,0,0,0,0,0,0,40254,0,40254
"4090",55300,"Lac du Flambeau Band of Lake Superior Chippewa Indians","Reduced Reporter","Tribe","DR","DO",0,0,0,0,0,0,0,0,0,0,0,0,0,0,0,0,0
"4091",55300,"Lac du Flambeau Band of Lake Superior Chippewa Indians","Reduced Reporter","Tribe","DR","DO",0,0,0,0,0,0,0,0,0,0,0,0,0,0,14433,2289,16722
"4092",55300,"Lac du Flambeau Band of Lake Superior Chippewa Indians","Reduced Reporter","Tribe","MB","DO",0,0,0,0,0,0,0,0,0,0,0,0,0,0,0,0,0
"4093",55300,"Lac du Flambeau Band of Lake Superior Chippewa Indians","Reduced Reporter","Tribe","MB","DO",0,0,0,0,0,0,0,0,0,0,0,0,0,0,952,0,952
"4094",55307,"Sangamon County","Rural Reporter","Rural","DR","DO",0,0,0,0,0,0,0,0,0,0,0,0,0,0,0,0,0
"4095",55307,"Sangamon County","Rural Reporter","Rural","DR","DO",0,0,0,0,0,0,0,0,0,0,0,0,0,0,11054,0,11054
"4096",55308,"City of Stoughton","Reduced Reporter","Urban","DR","PT",0,0,0,0,0,0,0,0,0,0,0,0,0,0,0,0,0
"4097",55308,"City of Stoughton","Reduced Reporter","Urban","DR","PT",0,0,0,0,0,0,0,0,0,0,0,0,0,0,77629,32238,109867
"4098",55310,"Kankakee-Iroquois Regional Planning Commission","Rural Reporter","Rural","DR","DO",0,0,0,0,0,0,0,0,0,0,0,0,0,0,0,0,0
"4099",55310,"Kankakee-Iroquois Regional Planning Commission","Rural Reporter","Rural","DR","DO",0,0,0,0,0,0,0,0,0,0,0,0,0,0,32685,0,32685
"4100",55313,"Marshall County","Rural Reporter","Rural","DR","DO",0,0,0,0,0,0,0,0,0,0,0,0,0,0,0,0,0
"4101",55313,"Marshall County","Rural Reporter","Rural","DR","DO",0,0,0,0,0,0,0,0,0,0,0,0,0,0,7300,0,7300
"4102",55314,"Central Community Transit Joint Powers Board","Rural Reporter","Rural","DR","DO",0,0,0,0,0,0,0,0,0,0,0,0,0,0,0,0,0
"4103",55314,"Central Community Transit Joint Powers Board","Rural Reporter","Rural","DR","DO",0,0,0,0,0,0,0,0,0,0,0,0,0,0,227499,411080,638579
"4104",55314,"Central Community Transit Joint Powers Board","Rural Reporter","Rural","MB","DO",0,0,0,0,0,0,0,0,0,0,0,0,0,0,0,0,0
"4105",55314,"Central Community Transit Joint Powers Board","Rural Reporter","Rural","MB","DO",0,0,0,0,0,0,0,0,0,0,0,0,0,0,43321,49967,93288
"4106",55315,"Douglas County (Illinois)","Rural Reporter","Rural","DR","DO",0,0,0,0,0,0,0,0,0,0,0,0,0,0,0,0,0
"4107",55315,"Douglas County (Illinois)","Rural Reporter","Rural","DR","DO",0,0,0,0,0,0,0,0,0,0,0,0,0,0,1800,1015,2815
"4108",55316,"Jersey County","Rural Reporter","Rural","DR","DO",0,0,0,0,0,0,0,0,0,0,0,0,0,0,0,0,0
"4109",55316,"Jersey County","Rural Reporter","Rural","DR","DO",0,0,0,0,0,0,0,0,0,0,0,0,0,0,18576,40555,59131
"4110",55318,"County of Walworth","Rural Reporter","Rural","DR","PT",0,0,0,0,0,0,0,0,0,0,0,0,0,0,0,0,0
"4111",55318,"County of Walworth","Rural Reporter","Rural","DR","PT",0,0,0,0,0,0,0,0,0,0,0,0,0,0,92497,3224,95721
"4112",55319,"Oneida-Vilas Transit Commission","Rural Reporter","Rural","DR","DO",0,0,0,0,0,0,0,0,0,0,0,0,0,0,0,0,0
"4113",55319,"Oneida-Vilas Transit Commission","Rural Reporter","Rural","DR","DO",0,0,0,0,0,0,0,0,0,0,0,0,0,0,50216,0,50216
"4114",55319,"Oneida-Vilas Transit Commission","Rural Reporter","Rural","MB","DO",0,0,0,0,0,0,0,0,0,0,0,0,0,0,0,0,0
"4115",55319,"Oneida-Vilas Transit Commission","Rural Reporter","Rural","MB","DO",0,0,0,0,0,0,0,0,0,0,0,0,0,0,3925,0,3925
"4116",55320,"Faribault-Martin Counties Joint Powers","Rural Reporter","Rural","DR","DO",0,0,0,0,0,0,0,0,0,0,0,0,0,0,0,0,0
"4117",55320,"Faribault-Martin Counties Joint Powers","Rural Reporter","Rural","DR","DO",0,0,0,0,0,0,0,0,0,0,0,0,0,0,44381,15047,59428
"4118",55320,"Faribault-Martin Counties Joint Powers","Rural Reporter","Rural","MB","DO",0,0,0,0,0,0,0,0,0,0,0,0,0,0,0,0,0
"4119",55320,"Faribault-Martin Counties Joint Powers","Rural Reporter","Rural","MB","DO",0,0,0,0,0,0,0,0,0,0,0,0,0,0,30099,2256,32355
"4120",55321,"Peoples Express","Rural Reporter","Rural","DR","DO",0,0,0,0,0,0,0,0,0,0,0,0,0,0,0,0,0
"4121",55321,"Peoples Express","Rural Reporter","Rural","DR","DO",0,0,0,0,0,0,0,0,0,0,0,0,0,0,98154,0,98154
"4122",55322,"Western-Washtenaw Area Value Express","Rural Reporter","Rural","DR","DO",0,0,0,0,0,0,0,0,0,0,0,0,0,0,0,0,0
"4123",55322,"Western-Washtenaw Area Value Express","Rural Reporter","Rural","DR","DO",0,0,0,0,0,0,0,0,0,0,0,0,0,0,23502,24062,47564
"4124",55322,"Western-Washtenaw Area Value Express","Rural Reporter","Rural","MB","DO",0,0,0,0,0,0,0,0,0,0,0,0,0,0,0,0,0
"4125",55322,"Western-Washtenaw Area Value Express","Rural Reporter","Rural","MB","DO",0,0,0,0,0,0,0,0,0,0,0,0,0,0,3683,0,3683
"4126",55323,"Pioneer Resources","Reduced Reporter","Urban","DR","DO",0,0,0,0,0,0,0,0,0,0,0,0,0,0,0,0,0
"4127",55323,"Pioneer Resources","Reduced Reporter","Urban","DR","DO",0,0,0,0,0,0,0,0,0,0,0,0,0,0,0,0,0
"4128",55324,"Washington County Commissioners","Rural Reporter","Rural","DR","PT",0,0,0,0,0,0,0,0,0,0,0,0,0,0,0,0,0
"4129",55324,"Washington County Commissioners","Rural Reporter","Rural","DR","PT",0,0,0,0,0,0,0,0,0,0,0,0,0,0,6474,0,6474
"4130",55324,"Washington County Commissioners","Rural Reporter","Rural","MB","PT",0,0,0,0,0,0,0,0,0,0,0,0,0,0,0,0,0
"4131",55324,"Washington County Commissioners","Rural Reporter","Rural","MB","PT",0,0,0,0,0,0,0,0,0,0,0,0,0,0,6533,0,6533
"4132",55325,"Minnesota River Valley Transit","Rural Reporter","Rural","DR","DO",0,0,0,0,0,0,0,0,0,0,0,0,0,0,0,0,0
"4133",55325,"Minnesota River Valley Transit","Rural Reporter","Rural","DR","DO",0,0,0,0,0,0,0,0,0,0,0,0,0,0,130644,21584,152228
"4134",55326,"United Community Action Partnership, Inc.","Rural Reporter","Rural","DR","DO",0,0,0,0,0,0,0,0,0,0,0,0,0,0,0,0,0
"4135",55326,"United Community Action Partnership, Inc.","Rural Reporter","Rural","DR","DO",0,0,0,0,0,0,0,0,0,0,0,0,0,0,310578,272072,582650
"4136",55326,"United Community Action Partnership, Inc.","Rural Reporter","Rural","MB","DO",0,0,0,0,0,0,0,0,0,0,0,0,0,0,0,0,0
"4137",55326,"United Community Action Partnership, Inc.","Rural Reporter","Rural","MB","DO",0,0,0,0,0,0,0,0,0,0,0,0,0,0,5100,0,5100
"4138",55327,"County of Clark","Rural Reporter","Rural","DR","TX",0,0,0,0,0,0,0,0,0,0,0,0,0,0,0,0,0
"4139",55327,"County of Clark","Rural Reporter","Rural","DR","TX",0,0,0,0,0,0,0,0,0,0,0,0,0,0,25595,20227,45822
"4140",55440,"Key Opportunities","Rural Reporter","Rural","DR","DO",0,0,0,0,0,0,0,0,0,0,0,0,0,0,0,0,0
"4141",55440,"Key Opportunities","Rural Reporter","Rural","DR","DO",0,0,0,0,0,0,0,0,0,0,0,0,0,0,5706,0,5706
"4142",55469,"Coshocton County Coordinated Transportation Agency","Rural Reporter","Rural","DR","DO",0,0,0,0,0,0,0,0,0,0,0,0,0,0,0,0,0
"4143",55469,"Coshocton County Coordinated Transportation Agency","Rural Reporter","Rural","DR","DO",0,0,0,0,0,0,0,0,0,0,0,0,0,0,3286,0,3286
"4144",55474,"FRS Transportation, Inc","Rural Reporter","Rural","DR","DO",0,0,0,0,0,0,0,0,0,0,0,0,0,0,0,0,0
"4145",55474,"FRS Transportation, Inc","Rural Reporter","Rural","DR","DO",0,0,0,0,0,0,0,0,0,0,0,0,0,0,111385,0,111385
"4146",55480,"Henry County Transportation Network","Rural Reporter","Rural","DR","DO",0,0,0,0,0,0,0,0,0,0,0,0,0,0,0,0,0
"4147",55480,"Henry County Transportation Network","Rural Reporter","Rural","DR","DO",0,0,0,0,0,0,0,0,0,0,0,0,0,0,19027,0,19027
"4148",55491,"Morrow County Area Transit","Rural Reporter","Rural","DR","DO",0,0,0,0,0,0,0,0,0,0,0,0,0,0,0,0,0
"4149",55491,"Morrow County Area Transit","Rural Reporter","Rural","DR","DO",0,0,0,0,0,0,0,0,0,0,0,0,0,0,20073,0,20073
"4150",55657,"Access Tusc","Rural Reporter","Rural","DR","DO",0,0,0,0,0,0,0,0,0,0,0,0,0,0,0,0,0
"4151",55657,"Access Tusc","Rural Reporter","Rural","DR","DO",0,0,0,0,0,0,0,0,0,0,0,0,0,0,34502,0,34502
"4152",55664,"Shelby Senior Services","Rural Reporter","Rural","DR","DO",0,0,0,0,0,0,0,0,0,0,0,0,0,0,0,0,0
"4153",55664,"Shelby Senior Services","Rural Reporter","Rural","DR","DO",0,0,0,0,0,0,0,0,0,0,0,0,0,0,22109,3245,25354
"4154",55665,"Brown County YMCA","Rural Reporter","Rural","DR","DO",0,0,0,0,0,0,0,0,0,0,0,0,0,0,0,0,0
"4155",55665,"Brown County YMCA","Rural Reporter","Rural","DR","DO",0,0,0,0,0,0,0,0,0,0,0,0,0,0,5877,9362,15239
"4156",55668,"Meigs County Public Transit","Rural Reporter","Rural","DR","DO",0,0,0,0,0,0,0,0,0,0,0,0,0,0,0,0,0
"4157",55668,"Meigs County Public Transit","Rural Reporter","Rural","DR","DO",0,0,0,0,0,0,0,0,0,0,0,0,0,0,0,0,0
"4158",60001,"City of Amarillo","Reduced Reporter","Urban","DR","DO",0,0,0,0,0,0,0,0,0,0,0,0,0,0,0,0,0
"4159",60001,"City of Amarillo","Reduced Reporter","Urban","DR","DO",0,0,0,0,0,0,0,0,0,0,0,0,0,0,44274,254584,298858
"4160",60001,"City of Amarillo","Reduced Reporter","Urban","MB","DO",0,0,0,0,0,0,0,0,0,0,0,0,0,0,0,0,0
"4161",60001,"City of Amarillo","Reduced Reporter","Urban","MB","DO",0,0,0,0,0,0,0,0,0,0,0,0,0,0,103830,0,103830
"4162",60002,"Chickasaw Nation","Reduced Reporter","Tribe","DR","DO",0,0,0,0,0,0,0,0,0,0,0,0,0,0,0,0,0
"4163",60002,"Chickasaw Nation","Reduced Reporter","Tribe","DR","DO",0,0,0,0,0,0,0,0,0,0,0,0,0,0,2612,0,2612
"4164",60003,"Choctaw Nation of Oklahoma","Reduced Reporter","Tribe","DR","DO",0,0,0,0,0,0,0,0,0,0,0,0,0,0,0,0,0
"4165",60003,"Choctaw Nation of Oklahoma","Reduced Reporter","Tribe","DR","DO",0,0,0,0,0,0,0,0,0,0,0,0,0,0,0,181463,181463
"4166",60004,"Citizen Potawatomi Nation","Reduced Reporter","Tribe","DR","DO",0,0,0,0,0,0,0,0,0,0,0,0,0,0,0,0,0
"4167",60004,"Citizen Potawatomi Nation","Reduced Reporter","Tribe","DR","DO",0,0,0,0,0,0,0,0,0,0,0,0,0,0,0,0,0
"4168",60005,"Comanche Nation","Reduced Reporter","Tribe","DR","DO",0,0,0,0,0,0,0,0,0,0,0,0,0,0,0,0,0
"4169",60005,"Comanche Nation","Reduced Reporter","Tribe","DR","DO",0,0,0,0,0,0,0,0,0,0,0,0,0,0,74918,0,74918
"4170",60011,"VIA Metropolitan Transit","Full Reporter","Urban","DR","TX",0,0,0,0,0,0,0,0,0,0,0,0,0,0,17668,0,17668
"4171",60013,"City of Port Arthur","Reduced Reporter","Urban","DR","DO",0,0,0,0,0,0,0,0,0,0,0,0,0,0,0,0,0
"4172",60013,"City of Port Arthur","Reduced Reporter","Urban","DR","DO",0,0,0,0,0,0,0,0,0,0,0,0,0,0,21700,0,21700
"4173",60013,"City of Port Arthur","Reduced Reporter","Urban","MB","DO",0,0,0,0,0,0,0,0,0,0,0,0,0,0,0,0,0
"4174",60013,"City of Port Arthur","Reduced Reporter","Urban","MB","DO",0,0,0,0,0,0,0,0,0,0,0,0,0,0,89468,0,89468
"4175",60015,"City of Galveston","Full Reporter","Urban","DR","TX",0,0,0,0,0,0,0,0,0,0,0,0,0,0,30360,0,30360
"4176",60017,"Central Oklahoma Transportation and Parking Authority","Full Reporter","Urban","DR","PT",0,0,0,0,0,0,0,0,0,0,0,0,0,0,0,0,0
"4177",60017,"Central Oklahoma Transportation and Parking Authority","Full Reporter","Urban","MB","PT",0,0,0,0,0,0,0,0,0,0,0,0,0,0,0,0,0
"4178",60023,"City of Lake Charles","Reduced Reporter","Urban","DR","DO",0,0,0,0,0,0,0,0,0,0,0,0,0,0,0,0,0
"4179",60023,"City of Lake Charles","Reduced Reporter","Urban","DR","DO",0,0,0,0,0,0,0,0,0,0,0,0,0,0,1798,0,1798
"4180",60023,"City of Lake Charles","Reduced Reporter","Urban","MB","DO",0,0,0,0,0,0,0,0,0,0,0,0,0,0,0,0,0
"4181",60023,"City of Lake Charles","Reduced Reporter","Urban","MB","DO",0,0,0,0,0,0,0,0,0,0,0,0,0,0,34155,12068,46223
"4182",60025,"City of Alexandria","Reduced Reporter","Urban","DR","DO",0,0,0,0,0,0,0,0,0,0,0,0,0,0,0,0,0
"4183",60025,"City of Alexandria","Reduced Reporter","Urban","DR","DO",0,0,0,0,0,0,0,0,0,0,0,0,0,0,1330,0,1330
"4184",60025,"City of Alexandria","Reduced Reporter","Urban","MB","DO",0,0,0,0,0,0,0,0,0,0,0,0,0,0,0,0,0
"4185",60025,"City of Alexandria","Reduced Reporter","Urban","MB","DO",0,0,0,0,0,0,0,0,0,0,0,0,0,0,227578,0,227578
"4186",60026,"City of Monroe","Reduced Reporter","Urban","DR","DO",0,0,0,0,0,0,0,0,0,0,0,0,0,0,0,0,0
"4187",60026,"City of Monroe","Reduced Reporter","Urban","DR","DO",0,0,0,0,0,0,0,0,0,0,0,0,0,0,8292,0,8292
"4188",60026,"City of Monroe","Reduced Reporter","Urban","MB","DO",0,0,0,0,0,0,0,0,0,0,0,0,0,0,58759,0,58759
"4189",60026,"City of Monroe","Reduced Reporter","Urban","MB","DO",0,0,0,0,0,0,0,0,0,0,0,0,0,0,281819,0,281819
"4190",60034,"City of Pine Bluff","Reduced Reporter","Urban","DR","DO",0,0,0,0,0,0,0,0,0,0,0,0,0,0,0,0,0
"4191",60034,"City of Pine Bluff","Reduced Reporter","Urban","DR","DO",0,0,0,0,0,0,0,0,0,0,0,0,0,0,16826,0,16826
"4192",60034,"City of Pine Bluff","Reduced Reporter","Urban","MB","DO",0,0,0,0,0,0,0,0,0,0,0,0,0,0,0,0,0
"4193",60034,"City of Pine Bluff","Reduced Reporter","Urban","MB","DO",0,0,0,0,0,0,0,0,0,0,0,0,0,0,24774,0,24774
"4194",60035,"City of Wichita Falls","Reduced Reporter","Urban","DR","DO",0,0,0,0,0,0,0,0,0,0,0,0,0,0,0,0,0
"4195",60035,"City of Wichita Falls","Reduced Reporter","Urban","DR","DO",0,0,0,0,0,0,0,0,0,0,0,0,0,0,2907,0,2907
"4196",60035,"City of Wichita Falls","Reduced Reporter","Urban","DR","PT",0,0,0,0,0,0,0,0,0,0,0,0,0,0,0,0,0
"4197",60035,"City of Wichita Falls","Reduced Reporter","Urban","DR","PT",0,0,0,0,0,0,0,0,0,0,0,0,0,0,0,0,0
"4198",60035,"City of Wichita Falls","Reduced Reporter","Urban","MB","DO",0,0,0,0,0,0,0,0,0,0,0,0,0,0,0,0,0
"4199",60035,"City of Wichita Falls","Reduced Reporter","Urban","MB","DO",0,0,0,0,0,0,0,0,0,0,0,0,0,0,250704,96564,347268
"4200",60040,"City of Abilene","Reduced Reporter","Urban","DR","DO",0,0,0,0,0,0,0,0,0,0,0,0,0,0,0,0,0
"4201",60040,"City of Abilene","Reduced Reporter","Urban","DR","DO",0,0,0,0,0,0,0,0,0,0,0,0,0,0,215494,5041,220535
"4202",60040,"City of Abilene","Reduced Reporter","Urban","DR","PT",0,0,0,0,0,0,0,0,0,0,0,0,0,0,0,0,0
"4203",60040,"City of Abilene","Reduced Reporter","Urban","DR","PT",0,0,0,0,0,0,0,0,0,0,0,0,0,0,2233,0,2233
"4204",60040,"City of Abilene","Reduced Reporter","Urban","MB","DO",0,0,0,0,0,0,0,0,0,0,0,0,0,0,0,0,0
"4205",60040,"City of Abilene","Reduced Reporter","Urban","MB","DO",0,0,0,0,0,0,0,0,0,0,0,0,0,0,161478,0,161478
"4206",60041,"City of Arlington","Full Reporter","Urban","DR","TN",0,0,0,0,0,0,0,0,0,0,0,0,0,0,1999400,0,1999400
"4207",60049,"City of Las Cruces NM","Reduced Reporter","Urban","DR","DO",0,0,0,0,0,0,0,0,0,0,0,0,0,0,0,0,0
"4208",60049,"City of Las Cruces NM","Reduced Reporter","Urban","DR","DO",0,0,0,0,0,0,0,0,0,0,0,0,0,0,20602,0,20602
"4209",60049,"City of Las Cruces NM","Reduced Reporter","Urban","MB","DO",0,0,0,0,0,0,0,0,0,0,0,0,0,0,0,0,0
"4210",60049,"City of Las Cruces NM","Reduced Reporter","Urban","MB","DO",0,0,0,0,0,0,0,0,0,0,0,0,0,0,77950,529255,607205
"4211",60056,"Dallas Area Rapid Transit","Full Reporter","Urban","DR","TN",0,0,0,0,0,0,0,0,0,0,0,0,0,0,138339,0,138339
"4212",60056,"Dallas Area Rapid Transit","Full Reporter","Urban","DR","TX",0,0,0,0,0,0,0,0,0,0,0,0,0,0,648,0,648
"4213",60058,"St. Bernard Parish","Reduced Reporter","Urban","MB","DO",0,0,0,0,0,0,0,0,0,0,0,0,0,0,0,0,0
"4214",60058,"St. Bernard Parish","Reduced Reporter","Urban","MB","DO",0,0,0,0,0,0,0,0,0,0,0,0,0,0,24868,0,24868
"4215",60062,"University of Arkansas, Fayetteville","Reduced Reporter","Urban","DR","DO",0,0,0,0,0,0,0,0,0,0,0,0,0,0,0,0,0
"4216",60062,"University of Arkansas, Fayetteville","Reduced Reporter","Urban","DR","DO",0,0,0,0,0,0,0,0,0,0,0,0,0,0,0,19092,19092
"4217",60062,"University of Arkansas, Fayetteville","Reduced Reporter","Urban","MB","DO",0,0,0,0,0,0,0,0,0,0,0,0,0,0,0,0,0
"4218",60062,"University of Arkansas, Fayetteville","Reduced Reporter","Urban","MB","DO",0,0,0,0,0,0,0,0,0,0,0,0,0,0,0,1890098,1890098
"4219",60068,"City of Grand Prairie","Reduced Reporter","Urban","DR","DO",0,0,0,0,0,0,0,0,0,0,0,0,0,0,0,0,0
"4220",60068,"City of Grand Prairie","Reduced Reporter","Urban","DR","DO",0,0,0,0,0,0,0,0,0,0,0,0,0,0,0,0,0
"4221",60068,"City of Grand Prairie","Reduced Reporter","Urban","DR","PT",0,0,0,0,0,0,0,0,0,0,0,0,0,0,0,0,0
"4222",60068,"City of Grand Prairie","Reduced Reporter","Urban","DR","PT",0,0,0,0,0,0,0,0,0,0,0,0,0,0,295579,0,295579
"4223",60070,"City of Mesquite","Separate Service","Urban","DR","PT",0,0,0,0,0,0,0,0,0,0,0,0,0,0,41401,0,41401
"4224",60072,"Ozark Regional Transit","Reduced Reporter","Urban","DR","DO",0,0,0,0,0,0,0,0,0,0,0,0,0,0,0,0,0
"4225",60072,"Ozark Regional Transit","Reduced Reporter","Urban","DR","DO",0,0,0,0,0,0,0,0,0,0,0,0,0,0,0,0,0
"4226",60072,"Ozark Regional Transit","Reduced Reporter","Urban","MB","DO",0,0,0,0,0,0,0,0,0,0,0,0,0,0,0,0,0
"4227",60072,"Ozark Regional Transit","Reduced Reporter","Urban","MB","DO",0,0,0,0,0,0,0,0,0,0,0,0,0,0,0,0,0
"4228",60080,"Terrebonne Parish Consolidated Government","Reduced Reporter","Urban","DR","DO",0,0,0,0,0,0,0,0,0,0,0,0,0,0,0,0,0
"4229",60080,"Terrebonne Parish Consolidated Government","Reduced Reporter","Urban","DR","DO",0,0,0,0,0,0,0,0,0,0,0,0,0,0,7304,0,7304
"4230",60080,"Terrebonne Parish Consolidated Government","Reduced Reporter","Urban","MB","DO",0,0,0,0,0,0,0,0,0,0,0,0,0,0,0,0,0
"4231",60080,"Terrebonne Parish Consolidated Government","Reduced Reporter","Urban","MB","DO",0,0,0,0,0,0,0,0,0,0,0,0,0,0,37082,2755,39837
"4232",60081,"City of Longview","Reduced Reporter","Urban","DR","DO",0,0,0,0,0,0,0,0,0,0,0,0,0,0,0,0,0
"4233",60081,"City of Longview","Reduced Reporter","Urban","DR","DO",0,0,0,0,0,0,0,0,0,0,0,0,0,0,8591,0,8591
"4234",60081,"City of Longview","Reduced Reporter","Urban","MB","DO",0,0,0,0,0,0,0,0,0,0,0,0,0,0,0,0,0
"4235",60081,"City of Longview","Reduced Reporter","Urban","MB","DO",0,0,0,0,0,0,0,0,0,0,0,0,0,0,128438,0,128438
"4236",60086,"City of Fort Smith","Reduced Reporter","Urban","DR","DO",0,0,0,0,0,0,0,0,0,0,0,0,0,0,0,0,0
"4237",60086,"City of Fort Smith","Reduced Reporter","Urban","DR","DO",0,0,0,0,0,0,0,0,0,0,0,0,0,0,36635,8583,45218
"4238",60086,"City of Fort Smith","Reduced Reporter","Urban","MB","DO",0,0,0,0,0,0,0,0,0,0,0,0,0,0,0,0,0
"4239",60086,"City of Fort Smith","Reduced Reporter","Urban","MB","DO",0,0,0,0,0,0,0,0,0,0,0,0,0,0,102925,24115,127040
"4240",60089,"City of Tyler","Reduced Reporter","Urban","DR","DO",0,0,0,0,0,0,0,0,0,0,0,0,0,0,0,0,0
"4241",60089,"City of Tyler","Reduced Reporter","Urban","DR","DO",0,0,0,0,0,0,0,0,0,0,0,0,0,0,58576,0,58576
"4242",60089,"City of Tyler","Reduced Reporter","Urban","DR","TX",0,0,0,0,0,0,0,0,0,0,0,0,0,0,0,0,0
"4243",60089,"City of Tyler","Reduced Reporter","Urban","DR","TX",0,0,0,0,0,0,0,0,0,0,0,0,0,0,20436,0,20436
"4244",60089,"City of Tyler","Reduced Reporter","Urban","MB","DO",0,0,0,0,0,0,0,0,0,0,0,0,0,0,0,0,0
"4245",60089,"City of Tyler","Reduced Reporter","Urban","MB","DO",0,0,0,0,0,0,0,0,0,0,0,0,0,0,98674,0,98674
"4246",60093,"Texarkana Urban Transit District","Reduced Reporter","Urban","DR","DO",0,0,0,0,0,0,0,0,0,0,0,0,0,0,0,0,0
"4247",60093,"Texarkana Urban Transit District","Reduced Reporter","Urban","DR","DO",0,0,0,0,0,0,0,0,0,0,0,0,0,0,16692,0,16692
"4248",60093,"Texarkana Urban Transit District","Reduced Reporter","Urban","MB","DO",0,0,0,0,0,0,0,0,0,0,0,0,0,0,0,0,0
"4249",60093,"Texarkana Urban Transit District","Reduced Reporter","Urban","MB","DO",0,0,0,0,0,0,0,0,0,0,0,0,0,0,127886,0,127886
"4250",60094,"City of Lawton","Reduced Reporter","Urban","DR","DO",0,0,0,0,0,0,0,0,0,0,0,0,0,0,0,0,0
"4251",60094,"City of Lawton","Reduced Reporter","Urban","DR","DO",0,0,0,0,0,0,0,0,0,0,0,0,0,0,38975,0,38975
"4252",60094,"City of Lawton","Reduced Reporter","Urban","MB","DO",0,0,0,0,0,0,0,0,0,0,0,0,0,0,0,0,0
"4253",60094,"City of Lawton","Reduced Reporter","Urban","MB","DO",0,0,0,0,0,0,0,0,0,0,0,0,0,0,119932,0,119932
"4254",60097,"Midland-Odessa Urban Transit District","Reduced Reporter","Urban","CB","DO",0,0,0,0,0,0,0,0,0,0,0,0,0,0,0,0,0
"4255",60097,"Midland-Odessa Urban Transit District","Reduced Reporter","Urban","CB","DO",0,0,0,0,0,0,0,0,0,0,0,0,0,0,4963,1237,6200
"4256",60097,"Midland-Odessa Urban Transit District","Reduced Reporter","Urban","DR","DO",0,0,0,0,0,0,0,0,0,0,0,0,0,0,0,0,0
"4257",60097,"Midland-Odessa Urban Transit District","Reduced Reporter","Urban","DR","DO",0,0,0,0,0,0,0,0,0,0,0,0,0,0,22480,7983,30463
"4258",60097,"Midland-Odessa Urban Transit District","Reduced Reporter","Urban","MB","DO",0,0,0,0,0,0,0,0,0,0,0,0,0,0,0,0,0
"4259",60097,"Midland-Odessa Urban Transit District","Reduced Reporter","Urban","MB","DO",0,0,0,0,0,0,0,0,0,0,0,0,0,0,163333,40730,204063
"4260",60099,"City of McAllen","Reduced Reporter","Urban","DR","DO",0,0,0,0,0,0,0,0,0,0,0,0,0,0,0,0,0
"4261",60099,"City of McAllen","Reduced Reporter","Urban","DR","DO",0,0,0,0,0,0,0,0,0,0,0,0,0,0,5594,0,5594
"4262",60099,"City of McAllen","Reduced Reporter","Urban","MB","DO",0,0,0,0,0,0,0,0,0,0,0,0,0,0,0,0,0
"4263",60099,"City of McAllen","Reduced Reporter","Urban","MB","DO",0,0,0,0,0,0,0,0,0,0,0,0,0,0,286343,0,286343
"4264",60100,"City of Farmington","Reduced Reporter","Urban","DR","PT",0,0,0,0,0,0,0,0,0,0,0,0,0,0,0,0,0
"4265",60100,"City of Farmington","Reduced Reporter","Urban","DR","PT",0,0,0,0,0,0,0,0,0,0,0,0,0,0,2288,0,2288
"4266",60100,"City of Farmington","Reduced Reporter","Urban","MB","PT",0,0,0,0,0,0,0,0,0,0,0,0,0,0,0,0,0
"4267",60100,"City of Farmington","Reduced Reporter","Urban","MB","PT",0,0,0,0,0,0,0,0,0,0,0,0,0,0,39223,850,40073
"4268",60101,"Denton County Transportation Authority","Full Reporter","Urban","DR","TX",0,0,0,0,0,0,0,0,0,0,0,0,0,0,12361,0,12361
"4269",60104,"City of Jonesboro","Reduced Reporter","Urban","DR","DO",0,0,0,0,0,0,0,0,0,0,0,0,0,0,0,0,0
"4270",60104,"City of Jonesboro","Reduced Reporter","Urban","DR","DO",0,0,0,0,0,0,0,0,0,0,0,0,0,0,28548,0,28548
"4271",60104,"City of Jonesboro","Reduced Reporter","Urban","MB","DO",0,0,0,0,0,0,0,0,0,0,0,0,0,0,0,0,0
"4272",60104,"City of Jonesboro","Reduced Reporter","Urban","MB","DO",0,0,0,0,0,0,0,0,0,0,0,0,0,0,50070,0,50070
"4273",60105,"City of Hot Springs","Reduced Reporter","Urban","DR","DO",0,0,0,0,0,0,0,0,0,0,0,0,0,0,0,0,0
"4274",60105,"City of Hot Springs","Reduced Reporter","Urban","DR","DO",0,0,0,0,0,0,0,0,0,0,0,0,0,0,32872,0,32872
"4275",60105,"City of Hot Springs","Reduced Reporter","Urban","MB","DO",0,0,0,0,0,0,0,0,0,0,0,0,0,0,0,0,0
"4276",60105,"City of Hot Springs","Reduced Reporter","Urban","MB","DO",0,0,0,0,0,0,0,0,0,0,0,0,0,0,79203,0,79203
"4277",60108,"Harris County","Full Reporter","Urban","DR","TX",0,0,0,0,0,0,0,0,0,0,0,0,0,0,573007,0,573007
"4278",60109,"St. Tammany Parish Government","Reduced Reporter","Urban","DR","PT",0,0,0,0,0,0,0,0,0,0,0,0,0,0,0,0,0
"4279",60109,"St. Tammany Parish Government","Reduced Reporter","Urban","DR","PT",0,0,0,0,0,0,0,0,0,0,0,0,0,0,16451,0,16451
"4280",60112,"River Parishes Transit Authority","Reduced Reporter","Urban","DR","PT",0,0,0,0,0,0,0,0,0,0,0,0,0,0,0,0,0
"4281",60112,"River Parishes Transit Authority","Reduced Reporter","Urban","DR","PT",0,0,0,0,0,0,0,0,0,0,0,0,0,0,35704,0,35704
"4282",60113,"City of Cleburne","Reduced Reporter","Urban","CB","DO",0,0,0,0,0,0,0,0,0,0,0,0,0,0,0,0,0
"4283",60113,"City of Cleburne","Reduced Reporter","Urban","CB","DO",0,0,0,0,0,0,0,0,0,0,0,0,0,0,1031,0,1031
"4284",60113,"City of Cleburne","Reduced Reporter","Urban","DR","DO",0,0,0,0,0,0,0,0,0,0,0,0,0,0,0,0,0
"4285",60113,"City of Cleburne","Reduced Reporter","Urban","DR","DO",0,0,0,0,0,0,0,0,0,0,0,0,0,0,52853,0,52853
"4286",60115,"Public Transit Services","Reduced Reporter","Urban","DR","DO",0,0,0,0,0,0,0,0,0,0,0,0,0,0,0,0,0
"4287",60115,"Public Transit Services","Reduced Reporter","Urban","DR","DO",0,0,0,0,0,0,0,0,0,0,0,0,0,0,68085,0,68085
"4288",60116,"SPAN, Incorporated","Reduced Reporter","Urban","DR","DO",0,0,0,0,0,0,0,0,0,0,0,0,0,0,0,0,0
"4289",60116,"SPAN, Incorporated","Reduced Reporter","Urban","DR","DO",0,0,0,0,0,0,0,0,0,0,0,0,0,0,144205,0,144205
"4290",60118,"City of Edmond","Reduced Reporter","Urban","CB","PT",0,0,0,0,0,0,0,0,0,0,0,0,0,0,0,0,0
"4291",60118,"City of Edmond","Reduced Reporter","Urban","CB","PT",0,0,0,0,0,0,0,0,0,0,0,0,0,0,0,0,0
"4292",60118,"City of Edmond","Reduced Reporter","Urban","DR","PT",0,0,0,0,0,0,0,0,0,0,0,0,0,0,0,0,0
"4293",60118,"City of Edmond","Reduced Reporter","Urban","DR","PT",0,0,0,0,0,0,0,0,0,0,0,0,0,0,0,0,0
"4294",60118,"City of Edmond","Reduced Reporter","Urban","MB","PT",0,0,0,0,0,0,0,0,0,0,0,0,0,0,0,0,0
"4295",60118,"City of Edmond","Reduced Reporter","Urban","MB","PT",0,0,0,0,0,0,0,0,0,0,0,0,0,0,0,0,0
"4296",60125,"City of Round Rock","Reduced Reporter","Urban","DR","PT",0,0,0,0,0,0,0,0,0,0,0,0,0,0,0,0,0
"4297",60125,"City of Round Rock","Reduced Reporter","Urban","DR","PT",0,0,0,0,0,0,0,0,0,0,0,0,0,0,15288,0,15288
"4298",60125,"City of Round Rock","Reduced Reporter","Urban","MB","PT",0,0,0,0,0,0,0,0,0,0,0,0,0,0,0,0,0
"4299",60125,"City of Round Rock","Reduced Reporter","Urban","MB","PT",0,0,0,0,0,0,0,0,0,0,0,0,0,0,74285,0,74285
"4300",60127,"Plaquemines Parish Government","Rural Reporter","Rural","DR","DO",0,0,0,0,0,0,0,0,0,0,0,0,0,0,0,0,0
"4301",60127,"Plaquemines Parish Government","Rural Reporter","Rural","DR","DO",0,0,0,0,0,0,0,0,0,0,0,0,0,0,0,0,0
"4302",60129,"City of Conroe","Reduced Reporter","Urban","CB","PT",0,0,0,0,0,0,0,0,0,0,0,0,0,0,0,0,0
"4303",60129,"City of Conroe","Reduced Reporter","Urban","CB","PT",0,0,0,0,0,0,0,0,0,0,0,0,0,0,120810,10728,131538
"4304",60129,"City of Conroe","Reduced Reporter","Urban","DR","DO",0,0,0,0,0,0,0,0,0,0,0,0,0,0,0,0,0
"4305",60129,"City of Conroe","Reduced Reporter","Urban","DR","DO",0,0,0,0,0,0,0,0,0,0,0,0,0,0,2654,0,2654
"4306",60129,"City of Conroe","Reduced Reporter","Urban","DR","PT",0,0,0,0,0,0,0,0,0,0,0,0,0,0,0,0,0
"4307",60129,"City of Conroe","Reduced Reporter","Urban","DR","PT",0,0,0,0,0,0,0,0,0,0,0,0,0,0,13092,0,13092
"4308",60129,"City of Conroe","Reduced Reporter","Urban","MB","DO",0,0,0,0,0,0,0,0,0,0,0,0,0,0,0,0,0
"4309",60129,"City of Conroe","Reduced Reporter","Urban","MB","DO",0,0,0,0,0,0,0,0,0,0,0,0,0,0,6400,0,6400
"4310",60129,"City of Conroe","Reduced Reporter","Urban","MB","PT",0,0,0,0,0,0,0,0,0,0,0,0,0,0,0,0,0
"4311",60129,"City of Conroe","Reduced Reporter","Urban","MB","PT",0,0,0,0,0,0,0,0,0,0,0,0,0,0,24826,0,24826
"4312",60132,"St Martin, Iberia, Lafayette Community Action Agency","Reduced Reporter","Urban","DR","DO",0,0,0,0,0,0,0,0,0,0,0,0,0,0,19089,0,19089
"4313",60132,"St Martin, Iberia, Lafayette Community Action Agency","Reduced Reporter","Urban","DR","DO",0,0,0,0,0,0,0,0,0,0,0,0,0,0,21875,23538,45413
"4314",60135,"Pointe Coupee Parish Government","Rural Reporter","Rural","DR","DO",0,0,0,0,0,0,0,0,0,0,0,0,0,0,0,0,0
"4315",60135,"Pointe Coupee Parish Government","Rural Reporter","Rural","DR","DO",0,0,0,0,0,0,0,0,0,0,0,0,0,0,19826,188713,208539
"4316",60136,"Mid-Delta Transit Community Services, Inc.","Rural Reporter","Rural","DR","DO",0,0,0,0,0,0,0,0,0,0,0,0,0,0,0,0,0
"4317",60136,"Mid-Delta Transit Community Services, Inc.","Rural Reporter","Rural","DR","DO",0,0,0,0,0,0,0,0,0,0,0,0,0,0,41003,405692,446695
"4318",60138,"North Central Regional Transit District","Reduced Reporter","Urban","DR","DO",0,0,0,0,0,0,0,0,0,0,0,0,0,0,0,0,0
"4319",60138,"North Central Regional Transit District","Reduced Reporter","Urban","DR","DO",0,0,0,0,0,0,0,0,0,0,0,0,0,0,9592,0,9592
"4320",60138,"North Central Regional Transit District","Reduced Reporter","Urban","MB","DO",0,0,0,0,0,0,0,0,0,0,0,0,0,0,0,0,0
"4321",60138,"North Central Regional Transit District","Reduced Reporter","Urban","MB","DO",0,0,0,0,0,0,0,0,0,0,0,0,0,0,0,0,0
"4322",60140,"Area Agency on Aging of Southeast Arkansas, Inc.","Rural Reporter","Rural","DR","DO",0,0,0,0,0,0,0,0,0,0,0,0,0,0,0,0,0
"4323",60140,"Area Agency on Aging of Southeast Arkansas, Inc.","Rural Reporter","Rural","DR","DO",0,0,0,0,0,0,0,0,0,0,0,0,0,0,189789,695000,884789
"4324",60142,"Heart of Texas Council of Governments","Rural Reporter","Rural","DR","DO",0,0,0,0,0,0,0,0,0,0,0,0,0,0,0,0,0
"4325",60142,"Heart of Texas Council of Governments","Rural Reporter","Rural","DR","DO",0,0,0,0,0,0,0,0,0,0,0,0,0,0,41632,0,41632
"4326",60143,"Rolling Plains Management Corporation","Rural Reporter","Rural","DR","DO",0,0,0,0,0,0,0,0,0,0,0,0,0,0,0,54428,54428
"4327",60143,"Rolling Plains Management Corporation","Rural Reporter","Rural","DR","DO",0,0,0,0,0,0,0,0,0,0,0,0,0,0,3198,1499251,1502449
"4328",60145,"Ark-Tex Council of Governments","Rural Reporter","Rural","DR","DO",0,0,0,0,0,0,0,0,0,0,0,0,0,0,0,0,0
"4329",60145,"Ark-Tex Council of Governments","Rural Reporter","Rural","DR","DO",0,0,0,0,0,0,0,0,0,0,0,0,0,0,31205,0,31205
"4330",60145,"Ark-Tex Council of Governments","Rural Reporter","Rural","MB","DO",0,0,0,0,0,0,0,0,0,0,0,0,0,0,0,0,0
"4331",60145,"Ark-Tex Council of Governments","Rural Reporter","Rural","MB","DO",0,0,0,0,0,0,0,0,0,0,0,0,0,0,13372,0,13372
"4332",60146,"United Community Action Program, Inc.","Rural Reporter","Rural","DR","DO",0,0,0,0,0,0,0,0,0,0,0,0,0,0,0,0,0
"4333",60146,"United Community Action Program, Inc.","Rural Reporter","Rural","DR","DO",0,0,0,0,0,0,0,0,0,0,0,0,0,0,103491,0,103491
"4334",60147,"Kleberg County","Rural Reporter","Rural","DR","DO",0,0,0,0,0,0,0,0,0,0,0,0,0,0,0,0,0
"4335",60147,"Kleberg County","Rural Reporter","Rural","DR","DO",0,0,0,0,0,0,0,0,0,0,0,0,0,0,6751,0,6751
"4336",60147,"Kleberg County","Rural Reporter","Rural","MB","DO",0,0,0,0,0,0,0,0,0,0,0,0,0,0,0,0,0
"4337",60147,"Kleberg County","Rural Reporter","Rural","MB","DO",0,0,0,0,0,0,0,0,0,0,0,0,0,0,0,0,0
"4338",60148,"Village of Milan","Rural Reporter","Rural","DR","DO",0,0,0,0,0,0,0,0,0,0,0,0,0,0,0,0,0
"4339",60148,"Village of Milan","Rural Reporter","Rural","DR","DO",0,0,0,0,0,0,0,0,0,0,0,0,0,0,3368,0,3368
"4340",60150,"Pontotoc County Public Transit Authority","Rural Reporter","Rural","DR","DO",0,0,0,0,0,0,0,0,0,0,0,0,0,0,0,0,0
"4341",60150,"Pontotoc County Public Transit Authority","Rural Reporter","Rural","DR","DO",0,0,0,0,0,0,0,0,0,0,0,0,0,0,34629,0,34629
"4342",60151,"Grant County","Rural Reporter","Rural","DR","DO",0,0,0,0,0,0,0,0,0,0,0,0,0,0,0,0,0
"4343",60151,"Grant County","Rural Reporter","Rural","DR","DO",0,0,0,0,0,0,0,0,0,0,0,0,0,0,18998,0,18998
"4344",60151,"Grant County","Rural Reporter","Rural","MB","DO",0,0,0,0,0,0,0,0,0,0,0,0,0,0,0,0,0
"4345",60151,"Grant County","Rural Reporter","Rural","MB","DO",0,0,0,0,0,0,0,0,0,0,0,0,0,0,10880,0,10880
"4346",60152,"City of Del Rio","Rural Reporter","Rural","DR","DO",0,0,0,0,0,0,0,0,0,0,0,0,0,0,0,0,0
"4347",60152,"City of Del Rio","Rural Reporter","Rural","DR","DO",0,0,0,0,0,0,0,0,0,0,0,0,0,0,71596,184152,255748
"4348",60152,"City of Del Rio","Rural Reporter","Rural","MB","DO",0,0,0,0,0,0,0,0,0,0,0,0,0,0,0,0,0
"4349",60152,"City of Del Rio","Rural Reporter","Rural","MB","DO",0,0,0,0,0,0,0,0,0,0,0,0,0,0,12193,0,12193
"4350",60154,"Red River Parish Police Jury","Rural Reporter","Rural","DR","DO",0,0,0,0,0,0,0,0,0,0,0,0,0,0,0,0,0
"4351",60154,"Red River Parish Police Jury","Rural Reporter","Rural","DR","DO",0,0,0,0,0,0,0,0,0,0,0,0,0,0,6974,0,6974
"4352",60155,"South East Texas Regional Planning Commission","Rural Reporter","Rural","DR","DO",0,0,0,0,0,0,0,0,0,0,0,0,0,0,0,0,0
"4353",60155,"South East Texas Regional Planning Commission","Rural Reporter","Rural","DR","DO",0,0,0,0,0,0,0,0,0,0,0,0,0,0,74453,0,74453
"4354",60157,"City of Socorro","Rural Reporter","Rural","DR","DO",0,0,0,0,0,0,0,0,0,0,0,0,0,0,0,0,0
"4355",60157,"City of Socorro","Rural Reporter","Rural","DR","DO",0,0,0,0,0,0,0,0,0,0,0,0,0,0,6831,0,6831
"4356",60159,"South Plains Community Action Association, Inc.","Rural Reporter","Rural","CB","DO",0,0,0,0,0,0,0,0,0,0,0,0,0,0,0,0,0
"4357",60159,"South Plains Community Action Association, Inc.","Rural Reporter","Rural","CB","DO",0,0,0,0,0,0,0,0,0,0,0,0,0,0,32018,0,32018
"4358",60159,"South Plains Community Action Association, Inc.","Rural Reporter","Rural","DR","DO",0,0,0,0,0,0,0,0,0,0,0,0,0,0,0,0,0
"4359",60159,"South Plains Community Action Association, Inc.","Rural Reporter","Rural","DR","DO",0,0,0,0,0,0,0,0,0,0,0,0,0,0,116320,329700,446020
"4360",60160,"OSU-Stillwater Community Transit","Rural Reporter","Rural","DR","DO",0,0,0,0,0,0,0,0,0,0,0,0,0,0,0,0,0
"4361",60160,"OSU-Stillwater Community Transit","Rural Reporter","Rural","DR","DO",0,0,0,0,0,0,0,0,0,0,0,0,0,0,7287,0,7287
"4362",60160,"OSU-Stillwater Community Transit","Rural Reporter","Rural","MB","DO",0,0,0,0,0,0,0,0,0,0,0,0,0,0,0,0,0
"4363",60160,"OSU-Stillwater Community Transit","Rural Reporter","Rural","MB","DO",0,0,0,0,0,0,0,0,0,0,0,0,0,0,220061,0,220061
"4364",60161,"City of Eureka Springs","Rural Reporter","Rural","DR","DO",0,0,0,0,0,0,0,0,0,0,0,0,0,0,0,0,0
"4365",60161,"City of Eureka Springs","Rural Reporter","Rural","DR","DO",0,0,0,0,0,0,0,0,0,0,0,0,0,0,18197,0,18197
"4366",60161,"City of Eureka Springs","Rural Reporter","Rural","MB","DO",0,0,0,0,0,0,0,0,0,0,0,0,0,0,0,0,0
"4367",60161,"City of Eureka Springs","Rural Reporter","Rural","MB","DO",0,0,0,0,0,0,0,0,0,0,0,0,0,0,246355,0,246355
"4368",60163,"Jefferson Davis Police Jury","Rural Reporter","Rural","DR","DO",0,0,0,0,0,0,0,0,0,0,0,0,0,0,0,0,0
"4369",60163,"Jefferson Davis Police Jury","Rural Reporter","Rural","DR","DO",0,0,0,0,0,0,0,0,0,0,0,0,0,0,720,49708,50428
"4370",60164,"Beauregard Parish City of DeRidder","Rural Reporter","Rural","DR","DO",0,0,0,0,0,0,0,0,0,0,0,0,0,0,0,0,0
"4371",60164,"Beauregard Parish City of DeRidder","Rural Reporter","Rural","DR","DO",0,0,0,0,0,0,0,0,0,0,0,0,0,0,28342,3077,31419
"4372",60165,"Community Action Development Corporation","Rural Reporter","Rural","DR","DO",0,0,0,0,0,0,0,0,0,0,0,0,0,0,0,0,0
"4373",60165,"Community Action Development Corporation","Rural Reporter","Rural","DR","DO",0,0,0,0,0,0,0,0,0,0,0,0,0,0,90810,0,90810
"4374",60167,"City of Roswell","Rural Reporter","Rural","DR","DO",0,0,0,0,0,0,0,0,0,0,0,0,0,0,0,0,0
"4375",60167,"City of Roswell","Rural Reporter","Rural","DR","DO",0,0,0,0,0,0,0,0,0,0,0,0,0,0,14680,0,14680
"4376",60167,"City of Roswell","Rural Reporter","Rural","MB","DO",0,0,0,0,0,0,0,0,0,0,0,0,0,0,0,0,0
"4377",60167,"City of Roswell","Rural Reporter","Rural","MB","DO",0,0,0,0,0,0,0,0,0,0,0,0,0,0,29805,9588,39393
"4378",60168,"Washington Parish Government","Rural Reporter","Rural","DR","DO",0,0,0,0,0,0,0,0,0,0,0,0,0,0,0,0,0
"4379",60168,"Washington Parish Government","Rural Reporter","Rural","DR","DO",0,0,0,0,0,0,0,0,0,0,0,0,0,0,1282,0,1282
"4380",60169,"City of Ville Platte Evangeline Parish","Rural Reporter","Rural","DR","DO",0,0,0,0,0,0,0,0,0,0,0,0,0,0,0,0,0
"4381",60169,"City of Ville Platte Evangeline Parish","Rural Reporter","Rural","DR","DO",0,0,0,0,0,0,0,0,0,0,0,0,0,0,12859,77529,90388
"4382",60172,"KI BOIS Community Action Foundation, Inc.","Rural Reporter","Rural","DR","DO",0,0,0,0,0,0,0,0,0,0,0,0,0,0,0,0,0
"4383",60172,"KI BOIS Community Action Foundation, Inc.","Rural Reporter","Rural","DR","DO",0,0,0,0,0,0,0,0,0,0,0,0,0,0,399420,0,399420
"4384",60173,"City of South Padre Island","Rural Reporter","Rural","MB","DO",0,0,0,0,0,0,0,0,0,0,0,0,0,0,0,0,0
"4385",60173,"City of South Padre Island","Rural Reporter","Rural","MB","DO",0,0,0,0,0,0,0,0,0,0,0,0,0,0,0,0,0
"4386",60175,"Rural Economic Assistance League, Inc.","Rural Reporter","Rural","DR","DO",0,0,0,0,0,0,0,0,0,0,0,0,0,0,0,0,0
"4387",60175,"Rural Economic Assistance League, Inc.","Rural Reporter","Rural","DR","DO",0,0,0,0,0,0,0,0,0,0,0,0,0,0,118224,0,118224
"4388",60176,"Senior Center Resources and Public Transit, Inc.","Rural Reporter","Rural","DR","DO",0,0,0,0,0,0,0,0,0,0,0,0,0,0,0,0,0
"4389",60176,"Senior Center Resources and Public Transit, Inc.","Rural Reporter","Rural","DR","DO",0,0,0,0,0,0,0,0,0,0,0,0,0,0,92286,21428,113714
"4390",60179,"El Paso County","Reduced Reporter","Urban","CB","PT",0,0,0,0,0,0,0,0,0,0,0,0,0,0,0,0,0
"4391",60179,"El Paso County","Reduced Reporter","Urban","CB","PT",0,0,0,0,0,0,0,0,0,0,0,0,0,0,216164,0,216164
"4392",60179,"El Paso County","Reduced Reporter","Urban","VP","PT",0,0,0,0,0,0,0,0,0,0,0,0,0,0,0,0,0
"4393",60179,"El Paso County","Reduced Reporter","Urban","VP","PT",0,0,0,0,0,0,0,0,0,0,0,0,0,0,1366496,0,1366496
"4394",60180,"East Feliciana Police Jury","Rural Reporter","Rural","DR","DO",0,0,0,0,0,0,0,0,0,0,0,0,0,0,0,0,0
"4395",60180,"East Feliciana Police Jury","Rural Reporter","Rural","DR","DO",0,0,0,0,0,0,0,0,0,0,0,0,0,0,8564,31344,39908
"4396",60181,"City of Guymon","Rural Reporter","Rural","DR","DO",0,0,0,0,0,0,0,0,0,0,0,0,0,0,0,0,0
"4397",60181,"City of Guymon","Rural Reporter","Rural","DR","DO",0,0,0,0,0,0,0,0,0,0,0,0,0,0,43596,0,43596
"4398",60183,"Delta Community Action Foundation, Inc.","Rural Reporter","Rural","DR","DO",0,0,0,0,0,0,0,0,0,0,0,0,0,0,0,0,0
"4399",60183,"Delta Community Action Foundation, Inc.","Rural Reporter","Rural","DR","DO",0,0,0,0,0,0,0,0,0,0,0,0,0,0,41130,0,41130
"4400",60184,"City of Carlsbad","Rural Reporter","Rural","DR","DO",0,0,0,0,0,0,0,0,0,0,0,0,0,0,0,0,0
"4401",60184,"City of Carlsbad","Rural Reporter","Rural","DR","DO",0,0,0,0,0,0,0,0,0,0,0,0,0,0,38203,3694,41897
"4402",60184,"City of Carlsbad","Rural Reporter","Rural","MB","DO",0,0,0,0,0,0,0,0,0,0,0,0,0,0,0,0,0
"4403",60184,"City of Carlsbad","Rural Reporter","Rural","MB","DO",0,0,0,0,0,0,0,0,0,0,0,0,0,0,3665,0,3665
"4404",60185,"Webb County","Rural Reporter","Rural","DR","DO",0,0,0,0,0,0,0,0,0,0,0,0,0,0,0,0,0
"4405",60185,"Webb County","Rural Reporter","Rural","DR","DO",0,0,0,0,0,0,0,0,0,0,0,0,0,0,3333,0,3333
"4406",60185,"Webb County","Rural Reporter","Rural","MB","DO",0,0,0,0,0,0,0,0,0,0,0,0,0,0,0,0,0
"4407",60185,"Webb County","Rural Reporter","Rural","MB","DO",0,0,0,0,0,0,0,0,0,0,0,0,0,0,54000,0,54000
"4408",60186,"East Texas Council of Governments","Rural Reporter","Rural","DR","DO",0,0,0,0,0,0,0,0,0,0,0,0,0,0,0,0,0
"4409",60186,"East Texas Council of Governments","Rural Reporter","Rural","DR","DO",0,0,0,0,0,0,0,0,0,0,0,0,0,0,69785,12629,82414
"4410",60186,"East Texas Council of Governments","Rural Reporter","Rural","MB","DO",0,0,0,0,0,0,0,0,0,0,0,0,0,0,0,0,0
"4411",60186,"East Texas Council of Governments","Rural Reporter","Rural","MB","DO",0,0,0,0,0,0,0,0,0,0,0,0,0,0,3110,0,3110
"4412",60189,"NW Arkansas Economical Development District, Inc.","Rural Reporter","Rural","DR","DO",0,0,0,0,0,0,0,0,0,0,0,0,0,0,0,0,0
"4413",60189,"NW Arkansas Economical Development District, Inc.","Rural Reporter","Rural","DR","DO",0,0,0,0,0,0,0,0,0,0,0,0,0,0,86235,0,86235
"4414",60190,"City of Hobbs","Rural Reporter","Rural","DR","DO",0,0,0,0,0,0,0,0,0,0,0,0,0,0,0,0,0
"4415",60190,"City of Hobbs","Rural Reporter","Rural","DR","DO",0,0,0,0,0,0,0,0,0,0,0,0,0,0,0,0,0
"4416",60190,"City of Hobbs","Rural Reporter","Rural","MB","DO",0,0,0,0,0,0,0,0,0,0,0,0,0,0,0,0,0
"4417",60190,"City of Hobbs","Rural Reporter","Rural","MB","DO",0,0,0,0,0,0,0,0,0,0,0,0,0,0,0,0,0
"4418",60191,"Lift Community Action Agency Inc","Rural Reporter","Rural","DR","DO",0,0,0,0,0,0,0,0,0,0,0,0,0,0,0,0,0
"4419",60191,"Lift Community Action Agency Inc","Rural Reporter","Rural","DR","DO",0,0,0,0,0,0,0,0,0,0,0,0,0,0,66676,0,66676
"4420",60192,"Panhandle Community Services","Reduced Reporter","Urban","DR","DO",0,0,0,0,0,0,0,0,0,0,0,0,0,0,0,0,0
"4421",60192,"Panhandle Community Services","Reduced Reporter","Urban","DR","DO",0,0,0,0,0,0,0,0,0,0,0,0,0,0,121483,0,121483
"4422",60193,"Town of Beaver","Rural Reporter","Rural","DR","DO",0,0,0,0,0,0,0,0,0,0,0,0,0,0,0,0,0
"4423",60193,"Town of Beaver","Rural Reporter","Rural","DR","DO",0,0,0,0,0,0,0,0,0,0,0,0,0,0,3657,0,3657
"4424",60194,"Webster Parish Police Jury","Rural Reporter","Rural","DR","DO",0,0,0,0,0,0,0,0,0,0,0,0,0,0,0,0,0
"4425",60194,"Webster Parish Police Jury","Rural Reporter","Rural","DR","DO",0,0,0,0,0,0,0,0,0,0,0,0,0,0,17638,33801,51439
"4426",60195,"St Martin Parish Government","Rural Reporter","Rural","DR","DO",0,0,0,0,0,0,0,0,0,0,0,0,0,0,0,0,0
"4427",60195,"St Martin Parish Government","Rural Reporter","Rural","DR","DO",0,0,0,0,0,0,0,0,0,0,0,0,0,0,3736,0,3736
"4428",60196,"Tangipahoa Voluntary Council on Aging","Reduced Reporter","Urban","DR","DO",0,0,0,0,0,0,0,0,0,0,0,0,0,0,0,0,0
"4429",60196,"Tangipahoa Voluntary Council on Aging","Reduced Reporter","Urban","DR","DO",0,0,0,0,0,0,0,0,0,0,0,0,0,0,1967,4000,5967
"4430",60196,"Tangipahoa Voluntary Council on Aging","Reduced Reporter","Urban","MB","DO",0,0,0,0,0,0,0,0,0,0,0,0,0,0,0,0,0
"4431",60196,"Tangipahoa Voluntary Council on Aging","Reduced Reporter","Urban","MB","DO",0,0,0,0,0,0,0,0,0,0,0,0,0,0,2214,0,2214
"4432",60198,"Calcasieu Parish Police Jury","Rural Reporter","Rural","DR","DO",0,0,0,0,0,0,0,0,0,0,0,0,0,0,0,0,0
"4433",60198,"Calcasieu Parish Police Jury","Rural Reporter","Rural","DR","DO",0,0,0,0,0,0,0,0,0,0,0,0,0,0,9581,0,9581
"4434",60199,"City of Franklin St. Mary Parish","Rural Reporter","Rural","DR","DO",0,0,0,0,0,0,0,0,0,0,0,0,0,0,0,0,0
"4435",60199,"City of Franklin St. Mary Parish","Rural Reporter","Rural","DR","DO",0,0,0,0,0,0,0,0,0,0,0,0,0,0,2956,0,2956
"4436",60200,"Livingston Parish Council","Rural Reporter","Rural","DR","DO",0,0,0,0,0,0,0,0,0,0,0,0,0,0,0,0,0
"4437",60200,"Livingston Parish Council","Rural Reporter","Rural","DR","DO",0,0,0,0,0,0,0,0,0,0,0,0,0,0,1391,0,1391
"4438",60202,"Aspermont Small Business Development Center, Inc.","Rural Reporter","Rural","DR","DO",0,0,0,0,0,0,0,0,0,0,0,0,0,0,0,3735,3735
"4439",60202,"Aspermont Small Business Development Center, Inc.","Rural Reporter","Rural","DR","DO",0,0,0,0,0,0,0,0,0,0,0,0,0,0,30214,0,30214
"4440",60203,"Muskogee County Public Transit Authority","Rural Reporter","Rural","DR","DO",0,0,0,0,0,0,0,0,0,0,0,0,0,0,0,0,0
"4441",60203,"Muskogee County Public Transit Authority","Rural Reporter","Rural","DR","DO",0,0,0,0,0,0,0,0,0,0,0,0,0,0,42060,0,42060
"4442",60203,"Muskogee County Public Transit Authority","Rural Reporter","Rural","MB","DO",0,0,0,0,0,0,0,0,0,0,0,0,0,0,0,0,0
"4443",60203,"Muskogee County Public Transit Authority","Rural Reporter","Rural","MB","DO",0,0,0,0,0,0,0,0,0,0,0,0,0,0,14265,0,14265
"4444",60204,"Crowley's Ridge Development Council, Inc.","Rural Reporter","Rural","DR","DO",0,0,0,0,0,0,0,0,0,0,0,0,0,0,0,0,0
"4445",60204,"Crowley's Ridge Development Council, Inc.","Rural Reporter","Rural","DR","DO",0,0,0,0,0,0,0,0,0,0,0,0,0,0,16853,0,16853
"4446",60205,"Inca Community Services, Inc.","Rural Reporter","Rural","DR","DO",0,0,0,0,0,0,0,0,0,0,0,0,0,0,0,0,0
"4447",60205,"Inca Community Services, Inc.","Rural Reporter","Rural","DR","DO",0,0,0,0,0,0,0,0,0,0,0,0,0,0,63964,0,63964
"4448",60206,"Zia Therapy Center, Inc.","Reduced Reporter","Urban","DR","DO",0,0,0,0,0,0,0,0,0,0,0,0,0,0,0,0,0
"4449",60206,"Zia Therapy Center, Inc.","Reduced Reporter","Urban","DR","DO",0,0,0,0,0,0,0,0,0,0,0,0,0,0,8264,0,8264
"4450",60206,"Zia Therapy Center, Inc.","Reduced Reporter","Urban","MB","DO",0,0,0,0,0,0,0,0,0,0,0,0,0,0,0,0,0
"4451",60206,"Zia Therapy Center, Inc.","Reduced Reporter","Urban","MB","DO",0,0,0,0,0,0,0,0,0,0,0,0,0,0,43924,2128,46052
"4452",60207,"Assumption Parish Police Jury","Rural Reporter","Rural","DR","DO",0,0,0,0,0,0,0,0,0,0,0,0,0,0,0,0,0
"4453",60207,"Assumption Parish Police Jury","Rural Reporter","Rural","DR","DO",0,0,0,0,0,0,0,0,0,0,0,0,0,0,3403,0,3403
"4454",60209,"Caldwell Parish Police Jury","Rural Reporter","Rural","DR","DO",0,0,0,0,0,0,0,0,0,0,0,0,0,0,0,0,0
"4455",60209,"Caldwell Parish Police Jury","Rural Reporter","Rural","DR","DO",0,0,0,0,0,0,0,0,0,0,0,0,0,0,1767,0,1767
"4456",60211,"Vermilion Parish Police Jury","Rural Reporter","Rural","DR","DO",0,0,0,0,0,0,0,0,0,0,0,0,0,0,0,0,0
"4457",60211,"Vermilion Parish Police Jury","Rural Reporter","Rural","DR","DO",0,0,0,0,0,0,0,0,0,0,0,0,0,0,6663,0,6663
"4458",60214,"Logan County Historical Society","Rural Reporter","Rural","DR","DO",0,0,0,0,0,0,0,0,0,0,0,0,0,0,0,0,0
"4459",60214,"Logan County Historical Society","Rural Reporter","Rural","DR","DO",0,0,0,0,0,0,0,0,0,0,0,0,0,0,313514,0,313514
"4460",60214,"Logan County Historical Society","Rural Reporter","Rural","MB","DO",0,0,0,0,0,0,0,0,0,0,0,0,0,0,0,0,0
"4461",60214,"Logan County Historical Society","Rural Reporter","Rural","MB","DO",0,0,0,0,0,0,0,0,0,0,0,0,0,0,0,0,0
"4462",60215,"Incorporated County of Los Alamos","Rural Reporter","Rural","DR","DO",0,0,0,0,0,0,0,0,0,0,0,0,0,0,0,0,0
"4463",60215,"Incorporated County of Los Alamos","Rural Reporter","Rural","DR","DO",0,0,0,0,0,0,0,0,0,0,0,0,0,0,0,0,0
"4464",60215,"Incorporated County of Los Alamos","Rural Reporter","Rural","MB","DO",0,0,0,0,0,0,0,0,0,0,0,0,0,0,0,0,0
"4465",60215,"Incorporated County of Los Alamos","Rural Reporter","Rural","MB","DO",0,0,0,0,0,0,0,0,0,0,0,0,0,0,0,0,0
"4466",60217,"City of West Monroe/West Ouachita Parish","Rural Reporter","Rural","DR","DO",0,0,0,0,0,0,0,0,0,0,0,0,0,0,0,0,0
"4467",60217,"City of West Monroe/West Ouachita Parish","Rural Reporter","Rural","DR","DO",0,0,0,0,0,0,0,0,0,0,0,0,0,0,13288,0,13288
"4468",60220,"Washita Valley Community Action Council","Rural Reporter","Rural","DR","DO",0,0,0,0,0,0,0,0,0,0,0,0,0,0,0,0,0
"4469",60220,"Washita Valley Community Action Council","Rural Reporter","Rural","DR","DO",0,0,0,0,0,0,0,0,0,0,0,0,0,0,22945,0,22945
"4470",60222,"St. James Parish Government","Rural Reporter","Rural","DR","DO",0,0,0,0,0,0,0,0,0,0,0,0,0,0,0,0,0
"4471",60222,"St. James Parish Government","Rural Reporter","Rural","DR","DO",0,0,0,0,0,0,0,0,0,0,0,0,0,0,11534,0,11534
"4472",60224,"The Community Pantry","Rural Reporter","Rural","MB","DO",0,0,0,0,0,0,0,0,0,0,0,0,0,0,0,0,0
"4473",60224,"The Community Pantry","Rural Reporter","Rural","MB","DO",0,0,0,0,0,0,0,0,0,0,0,0,0,0,25594,5127,30721
"4474",60225,"City of Clovis","Rural Reporter","Rural","DR","DO",0,0,0,0,0,0,0,0,0,0,0,0,0,0,0,0,0
"4475",60225,"City of Clovis","Rural Reporter","Rural","DR","DO",0,0,0,0,0,0,0,0,0,0,0,0,0,0,21579,0,21579
"4476",60226,"Northern Oklahoma Development Authority","Rural Reporter","Rural","DR","DO",0,0,0,0,0,0,0,0,0,0,0,0,0,0,0,0,0
"4477",60226,"Northern Oklahoma Development Authority","Rural Reporter","Rural","DR","DO",0,0,0,0,0,0,0,0,0,0,0,0,0,0,94749,0,94749
"4478",60227,"City of Enid","Reduced Reporter","Urban","DR","DO",0,0,0,0,0,0,0,0,0,0,0,0,0,0,0,0,0
"4479",60227,"City of Enid","Reduced Reporter","Urban","DR","DO",0,0,0,0,0,0,0,0,0,0,0,0,0,0,76552,0,76552
"4480",60229,"Lincoln Parish Police Jury","Rural Reporter","Rural","DR","DO",0,0,0,0,0,0,0,0,0,0,0,0,0,0,0,0,0
"4481",60229,"Lincoln Parish Police Jury","Rural Reporter","Rural","DR","DO",0,0,0,0,0,0,0,0,0,0,0,0,0,0,29360,80701,110061
"4482",60231,"St. Landry Government","Rural Reporter","Rural","DR","DO",0,0,0,0,0,0,0,0,0,0,0,0,0,0,0,0,0
"4483",60231,"St. Landry Government","Rural Reporter","Rural","DR","DO",0,0,0,0,0,0,0,0,0,0,0,0,0,0,14280,18052,32332
"4484",60232,"Terrebonne Parish Consolidated Government","Rural Reporter","Rural","DR","DO",0,0,0,0,0,0,0,0,0,0,0,0,0,0,0,0,0
"4485",60232,"Terrebonne Parish Consolidated Government","Rural Reporter","Rural","DR","DO",0,0,0,0,0,0,0,0,0,0,0,0,0,0,5398,0,5398
"4486",60233,"Southwest Oklahoma Community Action Group, Inc.","Rural Reporter","Rural","DR","DO",0,0,0,0,0,0,0,0,0,0,0,0,0,0,0,0,0
"4487",60233,"Southwest Oklahoma Community Action Group, Inc.","Rural Reporter","Rural","DR","DO",0,0,0,0,0,0,0,0,0,0,0,0,0,0,25337,0,25337
"4488",60234,"Claiborne Parish Police Jury","Rural Reporter","Rural","DR","DO",0,0,0,0,0,0,0,0,0,0,0,0,0,0,0,0,0
"4489",60234,"Claiborne Parish Police Jury","Rural Reporter","Rural","DR","DO",0,0,0,0,0,0,0,0,0,0,0,0,0,0,4813,65776,70589
"4490",60235,"Cameron Parish Police Jury","Rural Reporter","Rural","DR","DO",0,0,0,0,0,0,0,0,0,0,0,0,0,0,0,0,0
"4491",60235,"Cameron Parish Police Jury","Rural Reporter","Rural","DR","DO",0,0,0,0,0,0,0,0,0,0,0,0,0,0,83,0,83
"4492",60236,"City of Las Vegas","Rural Reporter","Rural","DR","DO",0,0,0,0,0,0,0,0,0,0,0,0,0,0,0,0,0
"4493",60236,"City of Las Vegas","Rural Reporter","Rural","DR","DO",0,0,0,0,0,0,0,0,0,0,0,0,0,0,10876,0,10876
"4494",60237,"Town of Red River","Rural Reporter","Rural","DR","DO",0,0,0,0,0,0,0,0,0,0,0,0,0,0,0,0,0
"4495",60237,"Town of Red River","Rural Reporter","Rural","DR","DO",0,0,0,0,0,0,0,0,0,0,0,0,0,0,0,0,0
"4496",60238,"Colorado Valley Transit District","Rural Reporter","Rural","DR","DO",0,0,0,0,0,0,0,0,0,0,0,0,0,0,0,0,0
"4497",60238,"Colorado Valley Transit District","Rural Reporter","Rural","DR","DO",0,0,0,0,0,0,0,0,0,0,0,0,0,0,26567,0,26567
"4498",60238,"Colorado Valley Transit District","Rural Reporter","Rural","MB","DO",0,0,0,0,0,0,0,0,0,0,0,0,0,0,0,0,0
"4499",60238,"Colorado Valley Transit District","Rural Reporter","Rural","MB","DO",0,0,0,0,0,0,0,0,0,0,0,0,0,0,17717,0,17717
"4500",60243,"West Texas Opportunities, Inc.","Rural Reporter","Rural","DR","DO",0,0,0,0,0,0,0,0,0,0,0,0,0,0,0,0,0
"4501",60243,"West Texas Opportunities, Inc.","Rural Reporter","Rural","DR","DO",0,0,0,0,0,0,0,0,0,0,0,0,0,0,74485,907636,982121
"4502",60244,"Golden Spread Rural Frontier Coalition","Rural Reporter","Rural","DR","DO",0,0,0,0,0,0,0,0,0,0,0,0,0,0,0,0,0
"4503",60244,"Golden Spread Rural Frontier Coalition","Rural Reporter","Rural","DR","DO",0,0,0,0,0,0,0,0,0,0,0,0,0,0,5151,221242,226393
"4504",60246,"Central Arkansas Development Council","Reduced Reporter","Urban","DR","DO",0,0,0,0,0,0,0,0,0,0,0,0,0,0,0,0,0
"4505",60246,"Central Arkansas Development Council","Reduced Reporter","Urban","DR","DO",0,0,0,0,0,0,0,0,0,0,0,0,0,0,37102,4487706,4524808
"4506",60247,"Avoyelles Parish Police Jury","Rural Reporter","Rural","DR","DO",0,0,0,0,0,0,0,0,0,0,0,0,0,0,0,0,0
"4507",60247,"Avoyelles Parish Police Jury","Rural Reporter","Rural","DR","DO",0,0,0,0,0,0,0,0,0,0,0,0,0,0,39853,17261,57114
"4508",60249,"Allen Parish Police Jury","Rural Reporter","Rural","DR","DO",0,0,0,0,0,0,0,0,0,0,0,0,0,0,0,0,0
"4509",60249,"Allen Parish Police Jury","Rural Reporter","Rural","DR","DO",0,0,0,0,0,0,0,0,0,0,0,0,0,0,20053,95170,115223
"4510",60250,"Black River Area Development Corporation","Rural Reporter","Rural","DR","DO",0,0,0,0,0,0,0,0,0,0,0,0,0,0,0,0,0
"4511",60250,"Black River Area Development Corporation","Rural Reporter","Rural","DR","DO",0,0,0,0,0,0,0,0,0,0,0,0,0,0,15826,0,15826
"4512",60251,"Bienville Parish Police Jury","Rural Reporter","Rural","DR","DO",0,0,0,0,0,0,0,0,0,0,0,0,0,0,0,0,0
"4513",60251,"Bienville Parish Police Jury","Rural Reporter","Rural","DR","DO",0,0,0,0,0,0,0,0,0,0,0,0,0,0,20894,2573,23467
"4514",60253,"City of Portales","Rural Reporter","Rural","DR","DO",0,0,0,0,0,0,0,0,0,0,0,0,0,0,0,0,0
"4515",60253,"City of Portales","Rural Reporter","Rural","DR","DO",0,0,0,0,0,0,0,0,0,0,0,0,0,0,6203,0,6203
"4516",60256,"Southwest Area Regional Transit District","Reduced Reporter","Urban","DR","DO",0,0,0,0,0,0,0,0,0,0,0,0,0,0,0,0,0
"4517",60256,"Southwest Area Regional Transit District","Reduced Reporter","Urban","DR","DO",0,0,0,0,0,0,0,0,0,0,0,0,0,0,162930,599366,762296
"4518",60256,"Southwest Area Regional Transit District","Reduced Reporter","Urban","MB","DO",0,0,0,0,0,0,0,0,0,0,0,0,0,0,0,0,0
"4519",60256,"Southwest Area Regional Transit District","Reduced Reporter","Urban","MB","DO",0,0,0,0,0,0,0,0,0,0,0,0,0,0,67431,0,67431
"4520",60257,"Area Agency on Aging of Western Arkansas, Inc.","Rural Reporter","Rural","DR","DO",0,0,0,0,0,0,0,0,0,0,0,0,0,0,0,0,0
"4521",60257,"Area Agency on Aging of Western Arkansas, Inc.","Rural Reporter","Rural","DR","DO",0,0,0,0,0,0,0,0,0,0,0,0,0,0,24715,33871,58586
"4522",60258,"Big Five Community Services, Inc.","Rural Reporter","Rural","DR","DO",0,0,0,0,0,0,0,0,0,0,0,0,0,0,0,0,0
"4523",60258,"Big Five Community Services, Inc.","Rural Reporter","Rural","DR","DO",0,0,0,0,0,0,0,0,0,0,0,0,0,0,36431,0,36431
"4524",60259,"Central Oklahoma Community Action Agency","Rural Reporter","Rural","DR","DO",0,0,0,0,0,0,0,0,0,0,0,0,0,0,0,0,0
"4525",60259,"Central Oklahoma Community Action Agency","Rural Reporter","Rural","DR","DO",0,0,0,0,0,0,0,0,0,0,0,0,0,0,26071,0,26071
"4526",60260,"Community Services, Inc.","Reduced Reporter","Urban","DR","DO",0,0,0,0,0,0,0,0,0,0,0,0,0,0,0,0,0
"4527",60260,"Community Services, Inc.","Reduced Reporter","Urban","DR","DO",0,0,0,0,0,0,0,0,0,0,0,0,0,0,47721,0,47721
"4528",60261,"Desoto Parish Police Jury","Rural Reporter","Rural","DR","DO",0,0,0,0,0,0,0,0,0,0,0,0,0,0,0,0,0
"4529",60261,"Desoto Parish Police Jury","Rural Reporter","Rural","DR","DO",0,0,0,0,0,0,0,0,0,0,0,0,0,0,8773,14316,23089
"4530",60262,"Central Texas Rural Transit District","Rural Reporter","Rural","DR","DO",0,0,0,0,0,0,0,0,0,0,0,0,0,0,0,62310,62310
"4531",60262,"Central Texas Rural Transit District","Rural Reporter","Rural","DR","DO",0,0,0,0,0,0,0,0,0,0,0,0,0,0,103578,1279935,1383513
"4532",60263,"Vernon Parish Police Jury","Rural Reporter","Rural","DR","DO",0,0,0,0,0,0,0,0,0,0,0,0,0,0,0,0,0
"4533",60263,"Vernon Parish Police Jury","Rural Reporter","Rural","DR","DO",0,0,0,0,0,0,0,0,0,0,0,0,0,0,12576,124284,136860
"4534",60264,"The Transit System, Inc.","Rural Reporter","Rural","DR","DO",0,0,0,0,0,0,0,0,0,0,0,0,0,0,0,0,0
"4535",60264,"The Transit System, Inc.","Rural Reporter","Rural","DR","DO",0,0,0,0,0,0,0,0,0,0,0,0,0,0,80665,11793,92458
"4536",60266,"Grand Gateway EDA/ Pelivan","Rural Reporter","Rural","DR","DO",0,0,0,0,0,0,0,0,0,0,0,0,0,0,0,0,0
"4537",60266,"Grand Gateway EDA/ Pelivan","Rural Reporter","Rural","DR","DO",0,0,0,0,0,0,0,0,0,0,0,0,0,0,38659,0,38659
"4538",60270,"City of McKinney","Full Reporter","Urban","DR","TN",0,0,0,0,0,0,0,0,0,0,0,0,0,0,138339,0,138339
"4539",60274,"South Texas College","Reduced Reporter","Urban","MB","DO",0,0,0,0,0,0,0,0,0,0,0,0,0,0,0,0,0
"4540",60274,"South Texas College","Reduced Reporter","Urban","MB","DO",0,0,0,0,0,0,0,0,0,0,0,0,0,0,0,0,0
"4541",60275,"Gulf Coast Transit District","Reduced Reporter","Urban","CB","DO",0,0,0,0,0,0,0,0,0,0,0,0,0,0,0,0,0
"4542",60275,"Gulf Coast Transit District","Reduced Reporter","Urban","CB","DO",0,0,0,0,0,0,0,0,0,0,0,0,0,0,28319,0,28319
"4543",60275,"Gulf Coast Transit District","Reduced Reporter","Urban","DR","DO",0,0,0,0,0,0,0,0,0,0,0,0,0,0,0,0,0
"4544",60275,"Gulf Coast Transit District","Reduced Reporter","Urban","DR","DO",0,0,0,0,0,0,0,0,0,0,0,0,0,0,53326,0,53326
"4545",60275,"Gulf Coast Transit District","Reduced Reporter","Urban","MB","DO",0,0,0,0,0,0,0,0,0,0,0,0,0,0,0,0,0
"4546",60275,"Gulf Coast Transit District","Reduced Reporter","Urban","MB","DO",0,0,0,0,0,0,0,0,0,0,0,0,0,0,83830,0,83830
"4547",60620,"Pueblo of Laguna","Reduced Reporter","Tribe","DR","DO",0,0,0,0,0,0,0,0,0,0,0,0,0,0,0,0,0
"4548",60620,"Pueblo of Laguna","Reduced Reporter","Tribe","DR","DO",0,0,0,0,0,0,0,0,0,0,0,0,0,0,0,0,0
"4549",60620,"Pueblo of Laguna","Reduced Reporter","Tribe","MB","DO",0,0,0,0,0,0,0,0,0,0,0,0,0,0,0,0,0
"4550",60620,"Pueblo of Laguna","Reduced Reporter","Tribe","MB","DO",0,0,0,0,0,0,0,0,0,0,0,0,0,0,0,0,0
"4551",66146,"Ponca Tribe of Oklahoma","Reduced Reporter","Tribe","DR","DO",0,0,0,0,0,0,0,0,0,0,0,0,0,0,0,0,0
"4552",66146,"Ponca Tribe of Oklahoma","Reduced Reporter","Tribe","DR","DO",0,0,0,0,0,0,0,0,0,0,0,0,0,0,0,0,0
"4553",66152,"Pueblo of Santa Ana","Reduced Reporter","Tribe","MB","DO",0,0,0,0,0,0,0,0,0,0,0,0,0,0,0,0,0
"4554",66152,"Pueblo of Santa Ana","Reduced Reporter","Tribe","MB","DO",0,0,0,0,0,0,0,0,0,0,0,0,0,0,0,0,0
"4555",66158,"Seminole Nation of Oklahoma","Reduced Reporter","Tribe","DR","DO",0,0,0,0,0,0,0,0,0,0,0,0,0,0,0,0,0
"4556",66158,"Seminole Nation of Oklahoma","Reduced Reporter","Tribe","DR","DO",0,0,0,0,0,0,0,0,0,0,0,0,0,0,0,0,0
"4557",66164,"Kiowa Tribe","Reduced Reporter","Tribe","DR","DO",0,0,0,0,0,0,0,0,0,0,0,0,0,0,0,0,0
"4558",66164,"Kiowa Tribe","Reduced Reporter","Tribe","DR","DO",0,0,0,0,0,0,0,0,0,0,0,0,0,0,0,0,0
"4559",66170,"Muscogee (Creek) Nation","Reduced Reporter","Tribe","DR","DO",0,0,0,0,0,0,0,0,0,0,0,0,0,0,0,0,0
"4560",66170,"Muscogee (Creek) Nation","Reduced Reporter","Tribe","DR","DO",0,0,0,0,0,0,0,0,0,0,0,0,0,0,0,0,0
"4561",66170,"Muscogee (Creek) Nation","Reduced Reporter","Tribe","MB","DO",0,0,0,0,0,0,0,0,0,0,0,0,0,0,0,0,0
"4562",66170,"Muscogee (Creek) Nation","Reduced Reporter","Tribe","MB","DO",0,0,0,0,0,0,0,0,0,0,0,0,0,0,0,0,0
"4563",66176,"United Keetoowah Band of Cherokee Indians in Oklahoma","Reduced Reporter","Tribe","DR","DO",0,0,0,0,0,0,0,0,0,0,0,0,0,0,0,0,0
"4564",66176,"United Keetoowah Band of Cherokee Indians in Oklahoma","Reduced Reporter","Tribe","DR","DO",0,0,0,0,0,0,0,0,0,0,0,0,0,0,0,0,0
"4565",66188,"Ohkay Owingeh Pueblo","Reduced Reporter","Tribe","DR","DO",0,0,0,0,0,0,0,0,0,0,0,0,0,0,0,0,0
"4566",66188,"Ohkay Owingeh Pueblo","Reduced Reporter","Tribe","DR","DO",0,0,0,0,0,0,0,0,0,0,0,0,0,0,0,0,0
"4567",66194,"Cheyenne & Arapaho Tribes","Reduced Reporter","Tribe","DR","DO",0,0,0,0,0,0,0,0,0,0,0,0,0,0,0,0,0
"4568",66194,"Cheyenne & Arapaho Tribes","Reduced Reporter","Tribe","DR","DO",0,0,0,0,0,0,0,0,0,0,0,0,0,0,0,0,0
"4569",66242,"Zuni Pueblo","Reduced Reporter","Tribe","MB","DO",0,0,0,0,0,0,0,0,0,0,0,0,0,0,0,0,0
"4570",66242,"Zuni Pueblo","Reduced Reporter","Tribe","MB","DO",0,0,0,0,0,0,0,0,0,0,0,0,0,0,0,0,0
"4571",66267,"Iberville Sheriff's Office","Rural Reporter","Rural","DR","DO",0,0,0,0,0,0,0,0,0,0,0,0,0,0,0,0,0
"4572",66267,"Iberville Sheriff's Office","Rural Reporter","Rural","DR","DO",0,0,0,0,0,0,0,0,0,0,0,0,0,0,0,0,0
"4573",66268,"Madison Parish Policy Jury","Rural Reporter","Rural","DR","DO",0,0,0,0,0,0,0,0,0,0,0,0,0,0,0,0,0
"4574",66268,"Madison Parish Policy Jury","Rural Reporter","Rural","DR","DO",0,0,0,0,0,0,0,0,0,0,0,0,0,0,6519,0,6519
"4575",66271,"Capital Area Rural Transportation System","Rural Reporter","Rural","CB","DO",0,0,0,0,0,0,0,0,0,0,0,0,0,0,0,0,0
"4576",66271,"Capital Area Rural Transportation System","Rural Reporter","Rural","CB","DO",0,0,0,0,0,0,0,0,0,0,0,0,0,0,19761,0,19761
"4577",66271,"Capital Area Rural Transportation System","Rural Reporter","Rural","DR","DO",0,0,0,0,0,0,0,0,0,0,0,0,0,0,0,0,0
"4578",66271,"Capital Area Rural Transportation System","Rural Reporter","Rural","DR","DO",0,0,0,0,0,0,0,0,0,0,0,0,0,0,131390,0,131390
"4579",66273,"St. Helena Council on Aging","Rural Reporter","Rural","DR","DO",0,0,0,0,0,0,0,0,0,0,0,0,0,0,0,0,0
"4580",66273,"St. Helena Council on Aging","Rural Reporter","Rural","DR","DO",0,0,0,0,0,0,0,0,0,0,0,0,0,0,633,0,633
"4581",66274,"MAGB Transportation, Inc.","Rural Reporter","Rural","DR","DO",0,0,0,0,0,0,0,0,0,0,0,0,0,0,0,0,0
"4582",66274,"MAGB Transportation, Inc.","Rural Reporter","Rural","DR","DO",0,0,0,0,0,0,0,0,0,0,0,0,0,0,81238,0,81238
"4583",66276,"McLennan County","Rural Reporter","Rural","CB","DO",0,0,0,0,0,0,0,0,0,0,0,0,0,0,0,0,0
"4584",66276,"McLennan County","Rural Reporter","Rural","CB","DO",0,0,0,0,0,0,0,0,0,0,0,0,0,0,6836,0,6836
"4585",66276,"McLennan County","Rural Reporter","Rural","DR","DO",0,0,0,0,0,0,0,0,0,0,0,0,0,0,0,0,0
"4586",66276,"McLennan County","Rural Reporter","Rural","DR","DO",0,0,0,0,0,0,0,0,0,0,0,0,0,0,36812,18947,55759
"4587",66276,"McLennan County","Rural Reporter","Rural","DR","PT",0,0,0,0,0,0,0,0,0,0,0,0,0,0,0,0,0
"4588",66276,"McLennan County","Rural Reporter","Rural","DR","PT",0,0,0,0,0,0,0,0,0,0,0,0,0,0,0,0,0
"4589",66277,"Calhoun County Senior Citizens Association, Inc.","Rural Reporter","Rural","DR","PT",0,0,0,0,0,0,0,0,0,0,0,0,0,0,0,0,0
"4590",66277,"Calhoun County Senior Citizens Association, Inc.","Rural Reporter","Rural","DR","PT",0,0,0,0,0,0,0,0,0,0,0,0,0,0,9493,0,9493
"4591",66278,"Friends of Elder Citizens, Inc.","Rural Reporter","Rural","DR","PT",0,0,0,0,0,0,0,0,0,0,0,0,0,0,0,0,0
"4592",66278,"Friends of Elder Citizens, Inc.","Rural Reporter","Rural","DR","PT",0,0,0,0,0,0,0,0,0,0,0,0,0,0,21773,0,21773
"4593",66279,"Gonzales County Senior Citizens Association","Rural Reporter","Rural","DR","PT",0,0,0,0,0,0,0,0,0,0,0,0,0,0,0,0,0
"4594",66279,"Gonzales County Senior Citizens Association","Rural Reporter","Rural","DR","PT",0,0,0,0,0,0,0,0,0,0,0,0,0,0,0,0,0
"4595",66280,"Lavaca County","Rural Reporter","Rural","DR","PT",0,0,0,0,0,0,0,0,0,0,0,0,0,0,0,0,0
"4596",66280,"Lavaca County","Rural Reporter","Rural","DR","PT",0,0,0,0,0,0,0,0,0,0,0,0,0,0,44639,0,44639
"4597",66281,"Goliad County","Rural Reporter","Rural","DR","PT",0,0,0,0,0,0,0,0,0,0,0,0,0,0,0,0,0
"4598",66281,"Goliad County","Rural Reporter","Rural","DR","PT",0,0,0,0,0,0,0,0,0,0,0,0,0,0,7202,0,7202
"4599",66282,"Rapides Parish Police Jury","Rural Reporter","Rural","DR","DO",0,0,0,0,0,0,0,0,0,0,0,0,0,0,0,0,0
"4600",66282,"Rapides Parish Police Jury","Rural Reporter","Rural","DR","DO",0,0,0,0,0,0,0,0,0,0,0,0,0,0,8950,0,8950
"4601",66283,"South Central Regional Transit District","Reduced Reporter","Urban","MB","DO",0,0,0,0,0,0,0,0,0,0,0,0,0,0,0,0,0
"4602",66283,"South Central Regional Transit District","Reduced Reporter","Urban","MB","DO",0,0,0,0,0,0,0,0,0,0,0,0,0,0,44184,0,44184
"4603",66337,"West Feliciana Parish Council","Rural Reporter","Rural","DR","DO",0,0,0,0,0,0,0,0,0,0,0,0,0,0,0,0,0
"4604",66337,"West Feliciana Parish Council","Rural Reporter","Rural","DR","DO",0,0,0,0,0,0,0,0,0,0,0,0,0,0,17598,0,17598
"4605",66341,"City of Norman","Reduced Reporter","Urban","DR","PT",0,0,0,0,0,0,0,0,0,0,0,0,0,0,0,0,0
"4606",66341,"City of Norman","Reduced Reporter","Urban","DR","PT",0,0,0,0,0,0,0,0,0,0,0,0,0,0,0,0,0
"4607",66341,"City of Norman","Reduced Reporter","Urban","MB","PT",0,0,0,0,0,0,0,0,0,0,0,0,0,0,0,0,0
"4608",66341,"City of Norman","Reduced Reporter","Urban","MB","PT",0,0,0,0,0,0,0,0,0,0,0,0,0,0,0,0,0
"4609",66343,"City of San Marcos","Reduced Reporter","Urban","CB","PT",0,0,0,0,0,0,0,0,0,0,0,0,0,0,0,0,0
"4610",66343,"City of San Marcos","Reduced Reporter","Urban","CB","PT",0,0,0,0,0,0,0,0,0,0,0,0,0,0,62870,0,62870
"4611",66343,"City of San Marcos","Reduced Reporter","Urban","DR","PT",0,0,0,0,0,0,0,0,0,0,0,0,0,0,0,0,0
"4612",66343,"City of San Marcos","Reduced Reporter","Urban","DR","PT",0,0,0,0,0,0,0,0,0,0,0,0,0,0,0,0,0
"4613",66343,"City of San Marcos","Reduced Reporter","Urban","MB","PT",0,0,0,0,0,0,0,0,0,0,0,0,0,0,0,0,0
"4614",66343,"City of San Marcos","Reduced Reporter","Urban","MB","PT",0,0,0,0,0,0,0,0,0,0,0,0,0,0,0,0,0
"4615",66346,"Rapides Area Planning Commission","Rural Reporter","Rural","DR","DO",0,0,0,0,0,0,0,0,0,0,0,0,0,0,0,0,0
"4616",66346,"Rapides Area Planning Commission","Rural Reporter","Rural","DR","DO",0,0,0,0,0,0,0,0,0,0,0,0,0,0,1233,0,1233
"4617",70004,"Winnebago Tribe of Nebraska","Reduced Reporter","Tribe","DR","DO",0,0,0,0,0,0,0,0,0,0,0,0,0,0,0,0,0
"4618",70004,"Winnebago Tribe of Nebraska","Reduced Reporter","Tribe","DR","DO",0,0,0,0,0,0,0,0,0,0,0,0,0,0,8924,0,8924
"4619",70004,"Winnebago Tribe of Nebraska","Reduced Reporter","Tribe","MB","DO",0,0,0,0,0,0,0,0,0,0,0,0,0,0,0,0,0
"4620",70004,"Winnebago Tribe of Nebraska","Reduced Reporter","Tribe","MB","DO",0,0,0,0,0,0,0,0,0,0,0,0,0,0,0,0,0
"4621",70005,"Kansas City Area Transportation Authority","Full Reporter","Urban","DR","TX",0,0,0,0,0,0,0,0,0,0,0,0,0,0,401509,82910,484419
"4622",70006,"Bi-State Development Agency of the Missouri-Illinois Metropolitan District","Full Reporter","Urban","SR","PT",0,0,0,0,0,0,0,0,0,0,0,0,0,0,0,0,0
"4623",70007,"City of Bettendorf","Reduced Reporter","Urban","MB","DO",0,0,0,0,0,0,0,0,0,0,0,0,0,0,0,0,0
"4624",70007,"City of Bettendorf","Reduced Reporter","Urban","MB","DO",0,0,0,0,0,0,0,0,0,0,0,0,0,0,19911,1538,21449
"4625",70009,"City of Davenport","Reduced Reporter","Urban","MB","DO",0,0,0,0,0,0,0,0,0,0,0,0,0,0,0,0,0
"4626",70009,"City of Davenport","Reduced Reporter","Urban","MB","DO",0,0,0,0,0,0,0,0,0,0,0,0,0,0,287246,43769,331015
"4627",70010,"Des Moines Area Regional Transit Authority","Full Reporter","Urban","DR","TX",0,0,0,0,0,0,0,0,0,0,0,0,0,0,5310,0,5310
"4628",70011,"City of Dubuque","Reduced Reporter","Urban","DR","DO",0,0,0,0,0,0,0,0,0,0,0,0,0,0,0,0,0
"4629",70011,"City of Dubuque","Reduced Reporter","Urban","DR","DO",0,0,0,0,0,0,0,0,0,0,0,0,0,0,180095,4673,184768
"4630",70011,"City of Dubuque","Reduced Reporter","Urban","MB","DO",0,0,0,0,0,0,0,0,0,0,0,0,0,0,0,0,0
"4631",70011,"City of Dubuque","Reduced Reporter","Urban","MB","DO",0,0,0,0,0,0,0,0,0,0,0,0,0,0,168080,9072,177152
"4632",70013,"Metropolitan Transit Authority of Black Hawk County","Reduced Reporter","Urban","DR","DO",0,0,0,0,0,0,0,0,0,0,0,0,0,0,0,0,0
"4633",70013,"Metropolitan Transit Authority of Black Hawk County","Reduced Reporter","Urban","DR","DO",0,0,0,0,0,0,0,0,0,0,0,0,0,0,58269,308941,367210
"4634",70013,"Metropolitan Transit Authority of Black Hawk County","Reduced Reporter","Urban","MB","DO",0,0,0,0,0,0,0,0,0,0,0,0,0,0,0,0,0
"4635",70013,"Metropolitan Transit Authority of Black Hawk County","Reduced Reporter","Urban","MB","DO",0,0,0,0,0,0,0,0,0,0,0,0,0,0,162761,70612,233373
"4636",70014,"Topeka Metropolitan Transit Authority","Full Reporter","Urban","DR","TX",0,0,0,0,0,0,0,0,0,0,0,0,0,0,54945,0,54945
"4637",70018,"City of Iowa City","Full Reporter","Urban","DR","PT",0,0,0,0,0,0,0,0,0,0,0,0,0,0,125206,0,125206
"4638",70030,"City of Coralville","Full Reporter","Urban","DR","PT",0,0,0,0,0,0,0,0,0,0,0,0,0,0,15852,6536,22388
"4639",70032,"City of St. Joseph, Missouri","Reduced Reporter","Urban","DR","DO",0,0,0,0,0,0,0,0,0,0,0,0,0,0,0,0,0
"4640",70032,"City of St. Joseph, Missouri","Reduced Reporter","Urban","DR","DO",0,0,0,0,0,0,0,0,0,0,0,0,0,0,16063,928,16991
"4641",70032,"City of St. Joseph, Missouri","Reduced Reporter","Urban","MB","DO",0,0,0,0,0,0,0,0,0,0,0,0,0,0,0,0,0
"4642",70032,"City of St. Joseph, Missouri","Reduced Reporter","Urban","MB","DO",0,0,0,0,0,0,0,0,0,0,0,0,0,0,135478,7823,143301
"4643",70035,"Johnson County Kansas","Full Reporter","Urban","DR","TX",0,0,0,0,0,0,0,0,0,0,0,0,0,0,385446,0,385446
"4644",70040,"City of Joplin","Reduced Reporter","Urban","DR","DO",0,0,0,0,0,0,0,0,0,0,0,0,0,0,0,0,0
"4645",70040,"City of Joplin","Reduced Reporter","Urban","DR","DO",0,0,0,0,0,0,0,0,0,0,0,0,0,0,104758,0,104758
"4646",70040,"City of Joplin","Reduced Reporter","Urban","MB","DO",0,0,0,0,0,0,0,0,0,0,0,0,0,0,0,0,0
"4647",70040,"City of Joplin","Reduced Reporter","Urban","MB","DO",0,0,0,0,0,0,0,0,0,0,0,0,0,0,6337,0,6337
"4648",70041,"Ames Transit Agency","Full Reporter","Urban","DR","PT",0,0,0,0,0,0,0,0,0,0,0,0,0,0,15077,0,15077
"4649",70043,"City of Jefferson","Reduced Reporter","Urban","DR","DO",0,0,0,0,0,0,0,0,0,0,0,0,0,0,0,0,0
"4650",70043,"City of Jefferson","Reduced Reporter","Urban","DR","DO",0,0,0,0,0,0,0,0,0,0,0,0,0,0,81645,0,81645
"4651",70043,"City of Jefferson","Reduced Reporter","Urban","MB","DO",0,0,0,0,0,0,0,0,0,0,0,0,0,0,0,0,0
"4652",70043,"City of Jefferson","Reduced Reporter","Urban","MB","DO",0,0,0,0,0,0,0,0,0,0,0,0,0,0,87277,0,87277
"4653",70046,"City of Independence","Reduced Reporter","Urban","DR","PT",0,0,0,0,0,0,0,0,0,0,0,0,0,0,0,0,0
"4654",70046,"City of Independence","Reduced Reporter","Urban","DR","PT",0,0,0,0,0,0,0,0,0,0,0,0,0,0,0,0,0
"4655",70046,"City of Independence","Reduced Reporter","Urban","DR","TX",0,0,0,0,0,0,0,0,0,0,0,0,0,0,0,0,0
"4656",70046,"City of Independence","Reduced Reporter","Urban","DR","TX",0,0,0,0,0,0,0,0,0,0,0,0,0,0,0,0,0
"4657",70046,"City of Independence","Reduced Reporter","Urban","MB","PT",0,0,0,0,0,0,0,0,0,0,0,0,0,0,0,0,0
"4658",70046,"City of Independence","Reduced Reporter","Urban","MB","PT",0,0,0,0,0,0,0,0,0,0,0,0,0,0,0,0,0
"4659",70047,"Unified Government of Wyandotte County and Kansas City, KS","Reduced Reporter","Urban","DR","DO",0,0,0,0,0,0,0,0,0,0,0,0,0,0,0,0,0
"4660",70047,"Unified Government of Wyandotte County and Kansas City, KS","Reduced Reporter","Urban","DR","DO",0,0,0,0,0,0,0,0,0,0,0,0,0,0,2539,0,2539
"4661",70047,"Unified Government of Wyandotte County and Kansas City, KS","Reduced Reporter","Urban","MB","DO",0,0,0,0,0,0,0,0,0,0,0,0,0,0,0,0,0
"4662",70047,"Unified Government of Wyandotte County and Kansas City, KS","Reduced Reporter","Urban","MB","DO",0,0,0,0,0,0,0,0,0,0,0,0,0,0,0,0,0
"4663",70050,"Southeast Missouri State University","Reduced Reporter","Urban","MB","DO",0,0,0,0,0,0,0,0,0,0,0,0,0,0,0,0,0
"4664",70050,"Southeast Missouri State University","Reduced Reporter","Urban","MB","DO",0,0,0,0,0,0,0,0,0,0,0,0,0,0,0,0,0
"4665",70051,"Cape Girardeau County Transit Authority","Reduced Reporter","Urban","DR","DO",0,0,0,0,0,0,0,0,0,0,0,0,0,0,0,0,0
"4666",70051,"Cape Girardeau County Transit Authority","Reduced Reporter","Urban","DR","DO",0,0,0,0,0,0,0,0,0,0,0,0,0,0,396400,96,396496
"4667",70051,"Cape Girardeau County Transit Authority","Reduced Reporter","Urban","MB","DO",0,0,0,0,0,0,0,0,0,0,0,0,0,0,0,0,0
"4668",70051,"Cape Girardeau County Transit Authority","Reduced Reporter","Urban","MB","DO",0,0,0,0,0,0,0,0,0,0,0,0,0,0,0,0,0
"4669",70051,"Cape Girardeau County Transit Authority","Reduced Reporter","Urban","VP","DO",0,0,0,0,0,0,0,0,0,0,0,0,0,0,0,0,0
"4670",70051,"Cape Girardeau County Transit Authority","Reduced Reporter","Urban","VP","DO",0,0,0,0,0,0,0,0,0,0,0,0,0,0,75410,3680,79090
"4671",70052,"Senior Citizen Industries","Reduced Reporter","Urban","DR","DO",0,0,0,0,0,0,0,0,0,0,0,0,0,0,0,0,0
"4672",70052,"Senior Citizen Industries","Reduced Reporter","Urban","DR","DO",0,0,0,0,0,0,0,0,0,0,0,0,0,0,100283,17393,117676
"4673",70053,"Flint Hills Area Transportation Agency, Inc","Reduced Reporter","Urban","DR","DO",0,0,0,0,0,0,0,0,0,0,0,0,0,0,0,0,0
"4674",70053,"Flint Hills Area Transportation Agency, Inc","Reduced Reporter","Urban","DR","DO",0,0,0,0,0,0,0,0,0,0,0,0,0,0,15001,52222,67223
"4675",70053,"Flint Hills Area Transportation Agency, Inc","Reduced Reporter","Urban","MB","DO",0,0,0,0,0,0,0,0,0,0,0,0,0,0,0,0,0
"4676",70053,"Flint Hills Area Transportation Agency, Inc","Reduced Reporter","Urban","MB","DO",0,0,0,0,0,0,0,0,0,0,0,0,0,0,60726,212647,273373
"4677",70054,"County of Sedgwick","Reduced Reporter","Urban","DR","DO",0,0,0,0,0,0,0,0,0,0,0,0,0,0,0,0,0
"4678",70054,"County of Sedgwick","Reduced Reporter","Urban","DR","DO",0,0,0,0,0,0,0,0,0,0,0,0,0,0,23294,0,23294
"4679",70054,"County of Sedgwick","Reduced Reporter","Urban","DR","TX",0,0,0,0,0,0,0,0,0,0,0,0,0,0,0,0,0
"4680",70054,"County of Sedgwick","Reduced Reporter","Urban","DR","TX",0,0,0,0,0,0,0,0,0,0,0,0,0,0,2232,0,2232
"4681",70055,"City of Derby","Reduced Reporter","Urban","DR","DO",0,0,0,0,0,0,0,0,0,0,0,0,0,0,0,0,0
"4682",70055,"City of Derby","Reduced Reporter","Urban","DR","DO",0,0,0,0,0,0,0,0,0,0,0,0,0,0,14491,720,15211
"4683",70056,"Butler, County of","Reduced Reporter","Urban","DR","DO",0,0,0,0,0,0,0,0,0,0,0,0,0,0,0,0,0
"4684",70056,"Butler, County of","Reduced Reporter","Urban","DR","DO",0,0,0,0,0,0,0,0,0,0,0,0,0,0,10717,0,10717
"4685",70058,"Sheridan County Public Transit","Rural Reporter","Rural","DR","DO",0,0,0,0,0,0,0,0,0,0,0,0,0,0,0,0,0
"4686",70058,"Sheridan County Public Transit","Rural Reporter","Rural","DR","DO",0,0,0,0,0,0,0,0,0,0,0,0,0,0,4788,1467,6255
"4687",70060,"Developmental Services of Northwest Kansas, Inc.","Rural Reporter","Rural","DR","DO",0,0,0,0,0,0,0,0,0,0,0,0,0,0,0,0,0
"4688",70060,"Developmental Services of Northwest Kansas, Inc.","Rural Reporter","Rural","DR","DO",0,0,0,0,0,0,0,0,0,0,0,0,0,0,71763,0,71763
"4689",70060,"Developmental Services of Northwest Kansas, Inc.","Rural Reporter","Rural","MB","DO",0,0,0,0,0,0,0,0,0,0,0,0,0,0,0,0,0
"4690",70060,"Developmental Services of Northwest Kansas, Inc.","Rural Reporter","Rural","MB","DO",0,0,0,0,0,0,0,0,0,0,0,0,0,0,31080,0,31080
"4691",70062,"Thomas County","Rural Reporter","Rural","DR","DO",0,0,0,0,0,0,0,0,0,0,0,0,0,0,0,0,0
"4692",70062,"Thomas County","Rural Reporter","Rural","DR","DO",0,0,0,0,0,0,0,0,0,0,0,0,0,0,4797,0,4797
"4693",70063,"Dunklin County Transit Service, Inc.","Rural Reporter","Rural","DR","DO",0,0,0,0,0,0,0,0,0,0,0,0,0,0,0,0,0
"4694",70063,"Dunklin County Transit Service, Inc.","Rural Reporter","Rural","DR","DO",0,0,0,0,0,0,0,0,0,0,0,0,0,0,0,0,0
"4695",70064,"Iowa Northland Regional Council of Governments","Rural Reporter","Rural","DR","DO",0,0,0,0,0,0,0,0,0,0,0,0,0,0,0,0,0
"4696",70064,"Iowa Northland Regional Council of Governments","Rural Reporter","Rural","DR","DO",0,0,0,0,0,0,0,0,0,0,0,0,0,0,57650,463913,521563
"4697",70067,"City of Bloomfield","Rural Reporter","Rural","DR","DO",0,0,0,0,0,0,0,0,0,0,0,0,0,0,0,0,0
"4698",70067,"City of Bloomfield","Rural Reporter","Rural","DR","DO",0,0,0,0,0,0,0,0,0,0,0,0,0,0,1665,0,1665
"4699",70069,"Schuyler","Rural Reporter","Rural","DR","DO",0,0,0,0,0,0,0,0,0,0,0,0,0,0,0,0,0
"4700",70069,"Schuyler","Rural Reporter","Rural","DR","DO",0,0,0,0,0,0,0,0,0,0,0,0,0,0,2859,1836,4695
"4701",70070,"Finney County","Rural Reporter","Rural","DR","DO",0,0,0,0,0,0,0,0,0,0,0,0,0,0,0,0,0
"4702",70070,"Finney County","Rural Reporter","Rural","DR","DO",0,0,0,0,0,0,0,0,0,0,0,0,0,0,9430,2724,12154
"4703",70070,"Finney County","Rural Reporter","Rural","MB","DO",0,0,0,0,0,0,0,0,0,0,0,0,0,0,0,0,0
"4704",70070,"Finney County","Rural Reporter","Rural","MB","DO",0,0,0,0,0,0,0,0,0,0,0,0,0,0,6628,4438,11066
"4705",70072,"Morris County","Rural Reporter","Rural","DR","DO",0,0,0,0,0,0,0,0,0,0,0,0,0,0,0,0,0
"4706",70072,"Morris County","Rural Reporter","Rural","DR","DO",0,0,0,0,0,0,0,0,0,0,0,0,0,0,19404,0,19404
"4707",70073,"Midland Area Agency","Rural Reporter","Rural","DR","DO",0,0,0,0,0,0,0,0,0,0,0,0,0,0,0,0,0
"4708",70073,"Midland Area Agency","Rural Reporter","Rural","DR","DO",0,0,0,0,0,0,0,0,0,0,0,0,0,0,25026,31881,56907
"4709",70074,"City Of Sidney","Rural Reporter","Rural","DR","DO",0,0,0,0,0,0,0,0,0,0,0,0,0,0,0,0,0
"4710",70074,"City Of Sidney","Rural Reporter","Rural","DR","DO",0,0,0,0,0,0,0,0,0,0,0,0,0,0,20100,476,20576
"4711",70076,"Blue River AAA","Rural Reporter","Rural","DR","DO",0,0,0,0,0,0,0,0,0,0,0,0,0,0,0,0,0
"4712",70076,"Blue River AAA","Rural Reporter","Rural","DR","DO",0,0,0,0,0,0,0,0,0,0,0,0,0,0,90579,63461,154040
"4713",70078,"Southeast Kansas Community Action Program","Rural Reporter","Rural","DR","DO",0,0,0,0,0,0,0,0,0,0,0,0,0,0,0,0,0
"4714",70078,"Southeast Kansas Community Action Program","Rural Reporter","Rural","DR","DO",0,0,0,0,0,0,0,0,0,0,0,0,0,0,3831,0,3831
"4715",70078,"Southeast Kansas Community Action Program","Rural Reporter","Rural","MB","DO",0,0,0,0,0,0,0,0,0,0,0,0,0,0,0,0,0
"4716",70078,"Southeast Kansas Community Action Program","Rural Reporter","Rural","MB","DO",0,0,0,0,0,0,0,0,0,0,0,0,0,0,0,0,0
"4717",70079,"Grant County","Rural Reporter","Rural","DR","DO",0,0,0,0,0,0,0,0,0,0,0,0,0,0,0,0,0
"4718",70079,"Grant County","Rural Reporter","Rural","DR","DO",0,0,0,0,0,0,0,0,0,0,0,0,0,0,545,0,545
"4719",70081,"Mid-Nebraska Community Action","Rural Reporter","Rural","DR","DO",0,0,0,0,0,0,0,0,0,0,0,0,0,0,0,0,0
"4720",70081,"Mid-Nebraska Community Action","Rural Reporter","Rural","DR","DO",0,0,0,0,0,0,0,0,0,0,0,0,0,0,171984,15160,187144
"4721",70084,"Norton County Senior Citizens","Rural Reporter","Rural","DR","DO",0,0,0,0,0,0,0,0,0,0,0,0,0,0,0,0,0
"4722",70084,"Norton County Senior Citizens","Rural Reporter","Rural","DR","DO",0,0,0,0,0,0,0,0,0,0,0,0,0,0,3376,0,3376
"4723",70085,"City of Mount Vernon","Rural Reporter","Rural","DR","DO",0,0,0,0,0,0,0,0,0,0,0,0,0,0,0,0,0
"4724",70085,"City of Mount Vernon","Rural Reporter","Rural","DR","DO",0,0,0,0,0,0,0,0,0,0,0,0,0,0,7333,0,7333
"4725",70086,"Rush County","Rural Reporter","Rural","DR","DO",0,0,0,0,0,0,0,0,0,0,0,0,0,0,0,0,0
"4726",70086,"Rush County","Rural Reporter","Rural","DR","DO",0,0,0,0,0,0,0,0,0,0,0,0,0,0,3593,0,3593
"4727",70087,"Lincoln County","Rural Reporter","Rural","DR","DO",0,0,0,0,0,0,0,0,0,0,0,0,0,0,0,0,0
"4728",70087,"Lincoln County","Rural Reporter","Rural","DR","DO",0,0,0,0,0,0,0,0,0,0,0,0,0,0,4846,60,4906
"4729",70088,"Rooks County","Rural Reporter","Rural","DR","DO",0,0,0,0,0,0,0,0,0,0,0,0,0,0,0,0,0
"4730",70088,"Rooks County","Rural Reporter","Rural","DR","DO",0,0,0,0,0,0,0,0,0,0,0,0,0,0,4977,0,4977
"4731",70089,"City of Bonner Springs","Reduced Reporter","Urban","DR","DO",0,0,0,0,0,0,0,0,0,0,0,0,0,0,0,0,0
"4732",70089,"City of Bonner Springs","Reduced Reporter","Urban","DR","DO",0,0,0,0,0,0,0,0,0,0,0,0,0,0,7995,0,7995
"4733",70091,"Southeast Missouri Transportation, Inc.","Rural Reporter","Rural","DR","DO",0,0,0,0,0,0,0,0,0,0,0,0,0,0,0,0,0
"4734",70091,"Southeast Missouri Transportation, Inc.","Rural Reporter","Rural","DR","DO",0,0,0,0,0,0,0,0,0,0,0,0,0,0,73089,0,73089
"4735",70092,"City of Marshalltown","Rural Reporter","Rural","MB","DO",0,0,0,0,0,0,0,0,0,0,0,0,0,0,0,0,0
"4736",70092,"City of Marshalltown","Rural Reporter","Rural","MB","DO",0,0,0,0,0,0,0,0,0,0,0,0,0,0,97795,45144,142939
"4737",70094,"City of Wakeeney","Rural Reporter","Rural","DR","DO",0,0,0,0,0,0,0,0,0,0,0,0,0,0,0,0,0
"4738",70094,"City of Wakeeney","Rural Reporter","Rural","DR","DO",0,0,0,0,0,0,0,0,0,0,0,0,0,0,11420,0,11420
"4739",70096,"Linn County","Rural Reporter","Rural","DR","DO",0,0,0,0,0,0,0,0,0,0,0,0,0,0,0,0,0
"4740",70096,"Linn County","Rural Reporter","Rural","DR","DO",0,0,0,0,0,0,0,0,0,0,0,0,0,0,7757,0,7757
"4741",70098,"Guide Rock","Rural Reporter","Rural","DR","DO",0,0,0,0,0,0,0,0,0,0,0,0,0,0,0,0,0
"4742",70098,"Guide Rock","Rural Reporter","Rural","DR","DO",0,0,0,0,0,0,0,0,0,0,0,0,0,0,1293,0,1293
"4743",70099,"Licking Bridge Builders Senior Center","Rural Reporter","Rural","DR","DO",0,0,0,0,0,0,0,0,0,0,0,0,0,0,0,0,0
"4744",70099,"Licking Bridge Builders Senior Center","Rural Reporter","Rural","DR","DO",0,0,0,0,0,0,0,0,0,0,0,0,0,0,11222,0,11222
"4745",70100,"Stratton Industrial Commission","Rural Reporter","Rural","DR","DO",0,0,0,0,0,0,0,0,0,0,0,0,0,0,0,0,0
"4746",70100,"Stratton Industrial Commission","Rural Reporter","Rural","DR","DO",0,0,0,0,0,0,0,0,0,0,0,0,0,0,18669,68180,86849
"4747",70101,"City of Muscatine","Rural Reporter","Rural","DR","DO",0,0,0,0,0,0,0,0,0,0,0,0,0,0,0,0,0
"4748",70101,"City of Muscatine","Rural Reporter","Rural","DR","DO",0,0,0,0,0,0,0,0,0,0,0,0,0,0,34357,37610,71967
"4749",70101,"City of Muscatine","Rural Reporter","Rural","MB","DO",0,0,0,0,0,0,0,0,0,0,0,0,0,0,0,0,0
"4750",70101,"City of Muscatine","Rural Reporter","Rural","MB","DO",0,0,0,0,0,0,0,0,0,0,0,0,0,0,62835,165,63000
"4751",70102,"Decatur County","Rural Reporter","Rural","DR","DO",0,0,0,0,0,0,0,0,0,0,0,0,0,0,0,0,0
"4752",70102,"Decatur County","Rural Reporter","Rural","DR","DO",0,0,0,0,0,0,0,0,0,0,0,0,0,0,1176,152,1328
"4753",70103,"Jefferson County Service Organization","Rural Reporter","Rural","DR","DO",0,0,0,0,0,0,0,0,0,0,0,0,0,0,0,0,0
"4754",70103,"Jefferson County Service Organization","Rural Reporter","Rural","DR","DO",0,0,0,0,0,0,0,0,0,0,0,0,0,0,10140,0,10140
"4755",70105,"City of Smith Center","Rural Reporter","Rural","DR","DO",0,0,0,0,0,0,0,0,0,0,0,0,0,0,0,0,0
"4756",70105,"City of Smith Center","Rural Reporter","Rural","DR","DO",0,0,0,0,0,0,0,0,0,0,0,0,0,0,7128,0,7128
"4757",70106,"Ray County Transportation, Inc.","Rural Reporter","Rural","DR","DO",0,0,0,0,0,0,0,0,0,0,0,0,0,0,0,0,0
"4758",70106,"Ray County Transportation, Inc.","Rural Reporter","Rural","DR","DO",0,0,0,0,0,0,0,0,0,0,0,0,0,0,5347,0,5347
"4759",70107,"City of Alliance","Rural Reporter","Rural","DR","DO",0,0,0,0,0,0,0,0,0,0,0,0,0,0,0,0,0
"4760",70107,"City of Alliance","Rural Reporter","Rural","DR","DO",0,0,0,0,0,0,0,0,0,0,0,0,0,0,13450,0,13450
"4761",70108,"City of Fort Dodge","Rural Reporter","Rural","DR","PT",0,0,0,0,0,0,0,0,0,0,0,0,0,0,0,0,0
"4762",70108,"City of Fort Dodge","Rural Reporter","Rural","DR","PT",0,0,0,0,0,0,0,0,0,0,0,0,0,0,11717,36636,48353
"4763",70108,"City of Fort Dodge","Rural Reporter","Rural","MB","PT",0,0,0,0,0,0,0,0,0,0,0,0,0,0,0,0,0
"4764",70108,"City of Fort Dodge","Rural Reporter","Rural","MB","PT",0,0,0,0,0,0,0,0,0,0,0,0,0,0,20349,0,20349
"4765",70109,"Osage County","Rural Reporter","Rural","DR","DO",0,0,0,0,0,0,0,0,0,0,0,0,0,0,0,0,0
"4766",70109,"Osage County","Rural Reporter","Rural","DR","DO",0,0,0,0,0,0,0,0,0,0,0,0,0,0,13649,0,13649
"4767",70111,"City of Burlington","Rural Reporter","Rural","MB","DO",0,0,0,0,0,0,0,0,0,0,0,0,0,0,0,0,0
"4768",70111,"City of Burlington","Rural Reporter","Rural","MB","DO",0,0,0,0,0,0,0,0,0,0,0,0,0,0,55887,0,55887
"4769",70112,"Southeast Nebraska Community Action Partnership","Rural Reporter","Rural","DR","DO",0,0,0,0,0,0,0,0,0,0,0,0,0,0,0,0,0
"4770",70112,"Southeast Nebraska Community Action Partnership","Rural Reporter","Rural","DR","DO",0,0,0,0,0,0,0,0,0,0,0,0,0,0,5446,28607,34053
"4771",70113,"Commmunity Memorial Health Center Burwell","Rural Reporter","Rural","DR","DO",0,0,0,0,0,0,0,0,0,0,0,0,0,0,0,0,0
"4772",70113,"Commmunity Memorial Health Center Burwell","Rural Reporter","Rural","DR","DO",0,0,0,0,0,0,0,0,0,0,0,0,0,0,3140,0,3140
"4773",70114,"Ripley County Transit, Inc.","Rural Reporter","Rural","DR","DO",0,0,0,0,0,0,0,0,0,0,0,0,0,0,0,0,0
"4774",70114,"Ripley County Transit, Inc.","Rural Reporter","Rural","DR","DO",0,0,0,0,0,0,0,0,0,0,0,0,0,0,0,0,0
"4775",70115,"City of Hoisington","Rural Reporter","Rural","DR","DO",0,0,0,0,0,0,0,0,0,0,0,0,0,0,0,0,0
"4776",70115,"City of Hoisington","Rural Reporter","Rural","DR","DO",0,0,0,0,0,0,0,0,0,0,0,0,0,0,3328,0,3328
"4777",70119,"City of Broken Bow","Rural Reporter","Rural","DR","DO",0,0,0,0,0,0,0,0,0,0,0,0,0,0,0,0,0
"4778",70119,"City of Broken Bow","Rural Reporter","Rural","DR","DO",0,0,0,0,0,0,0,0,0,0,0,0,0,0,456,0,456
"4779",70120,"City of Herington","Rural Reporter","Rural","DR","DO",0,0,0,0,0,0,0,0,0,0,0,0,0,0,0,0,0
"4780",70120,"City of Herington","Rural Reporter","Rural","DR","DO",0,0,0,0,0,0,0,0,0,0,0,0,0,0,6307,0,6307
"4781",70121,"Butler County Senior Service Program","Rural Reporter","Rural","DR","DO",0,0,0,0,0,0,0,0,0,0,0,0,0,0,0,0,0
"4782",70121,"Butler County Senior Service Program","Rural Reporter","Rural","DR","DO",0,0,0,0,0,0,0,0,0,0,0,0,0,0,11148,35073,46221
"4783",70122,"Pottawatomie County","Rural Reporter","Rural","DR","DO",0,0,0,0,0,0,0,0,0,0,0,0,0,0,0,0,0
"4784",70122,"Pottawatomie County","Rural Reporter","Rural","DR","DO",0,0,0,0,0,0,0,0,0,0,0,0,0,0,3159,0,3159
"4785",70123,"City of Great Bend","Rural Reporter","Rural","DR","DO",0,0,0,0,0,0,0,0,0,0,0,0,0,0,0,0,0
"4786",70123,"City of Great Bend","Rural Reporter","Rural","DR","DO",0,0,0,0,0,0,0,0,0,0,0,0,0,0,28846,0,28846
"4787",70124,"Oakland Heights","Rural Reporter","Rural","DR","DO",0,0,0,0,0,0,0,0,0,0,0,0,0,0,0,0,0
"4788",70124,"Oakland Heights","Rural Reporter","Rural","DR","DO",0,0,0,0,0,0,0,0,0,0,0,0,0,0,4672,0,4672
"4789",70125,"City of Neligh","Rural Reporter","Rural","DR","DO",0,0,0,0,0,0,0,0,0,0,0,0,0,0,0,0,0
"4790",70125,"City of Neligh","Rural Reporter","Rural","DR","DO",0,0,0,0,0,0,0,0,0,0,0,0,0,0,7466,2712,10178
"4791",70126,"Perkins County Public Transit","Rural Reporter","Rural","DR","DO",0,0,0,0,0,0,0,0,0,0,0,0,0,0,0,0,0
"4792",70126,"Perkins County Public Transit","Rural Reporter","Rural","DR","DO",0,0,0,0,0,0,0,0,0,0,0,0,0,0,5208,406,5614
"4793",70127,"Ogallala Transit System","Rural Reporter","Rural","DR","DO",0,0,0,0,0,0,0,0,0,0,0,0,0,0,0,0,0
"4794",70127,"Ogallala Transit System","Rural Reporter","Rural","DR","DO",0,0,0,0,0,0,0,0,0,0,0,0,0,0,27536,1504,29040
"4795",70128,"Chase County","Rural Reporter","Rural","DR","DO",0,0,0,0,0,0,0,0,0,0,0,0,0,0,0,0,0
"4796",70128,"Chase County","Rural Reporter","Rural","DR","DO",0,0,0,0,0,0,0,0,0,0,0,0,0,0,11372,11558,22930
"4797",70129,"Siouxland Interstate Metropolitan Planning Council","Rural Reporter","Rural","DR","DO",0,0,0,0,0,0,0,0,0,0,0,0,0,0,0,0,0
"4798",70129,"Siouxland Interstate Metropolitan Planning Council","Rural Reporter","Rural","DR","DO",0,0,0,0,0,0,0,0,0,0,0,0,0,0,90243,447429,537672
"4799",70130,"Valley County Hospital","Rural Reporter","Rural","DR","DO",0,0,0,0,0,0,0,0,0,0,0,0,0,0,0,0,0
"4800",70130,"Valley County Hospital","Rural Reporter","Rural","DR","DO",0,0,0,0,0,0,0,0,0,0,0,0,0,0,3143,4648,7791
"4801",70132,"Doniphan County","Rural Reporter","Rural","DR","DO",0,0,0,0,0,0,0,0,0,0,0,0,0,0,0,0,0
"4802",70132,"Doniphan County","Rural Reporter","Rural","DR","DO",0,0,0,0,0,0,0,0,0,0,0,0,0,0,12479,0,12479
"4803",70133,"OATS, Inc.","Reduced Reporter","Urban","DR","DO",0,0,0,0,0,0,0,0,0,0,0,0,0,0,0,0,0
"4804",70133,"OATS, Inc.","Reduced Reporter","Urban","DR","DO",0,0,0,0,0,0,0,0,0,0,0,0,0,0,382876,5185916,5568792
"4805",70134,"City of Nevada","Rural Reporter","Rural","DR","DO",0,0,0,0,0,0,0,0,0,0,0,0,0,0,0,0,0
"4806",70134,"City of Nevada","Rural Reporter","Rural","DR","DO",0,0,0,0,0,0,0,0,0,0,0,0,0,0,40895,0,40895
"4807",70135,"Tri-Valley Developmental Services","Rural Reporter","Rural","DR","DO",0,0,0,0,0,0,0,0,0,0,0,0,0,0,0,0,0
"4808",70135,"Tri-Valley Developmental Services","Rural Reporter","Rural","DR","DO",0,0,0,0,0,0,0,0,0,0,0,0,0,0,10062,0,10062
"4809",70136,"Delaware, Dubuque & Jackson County Regional Transit Authority","Rural Reporter","Rural","DR","DO",0,0,0,0,0,0,0,0,0,0,0,0,0,0,0,0,0
"4810",70136,"Delaware, Dubuque & Jackson County Regional Transit Authority","Rural Reporter","Rural","DR","DO",0,0,0,0,0,0,0,0,0,0,0,0,0,0,25479,126897,152376
"4811",70137,"Sunflower Diversified Services","Rural Reporter","Rural","DR","DO",0,0,0,0,0,0,0,0,0,0,0,0,0,0,0,0,0
"4812",70137,"Sunflower Diversified Services","Rural Reporter","Rural","DR","DO",0,0,0,0,0,0,0,0,0,0,0,0,0,0,54628,3220,57848
"4813",70138,"East Central Iowa Council of Governments","Reduced Reporter","Urban","CB","PT",0,0,0,0,0,0,0,0,0,0,0,0,0,0,0,0,0
"4814",70138,"East Central Iowa Council of Governments","Reduced Reporter","Urban","CB","PT",0,0,0,0,0,0,0,0,0,0,0,0,0,0,246134,14150,260284
"4815",70138,"East Central Iowa Council of Governments","Reduced Reporter","Urban","VP","PT",0,0,0,0,0,0,0,0,0,0,0,0,0,0,0,0,0
"4816",70138,"East Central Iowa Council of Governments","Reduced Reporter","Urban","VP","PT",0,0,0,0,0,0,0,0,0,0,0,0,0,0,256316,0,256316
"4817",70139,"City of Dodge City","Rural Reporter","Rural","DR","DO",0,0,0,0,0,0,0,0,0,0,0,0,0,0,0,0,0
"4818",70139,"City of Dodge City","Rural Reporter","Rural","DR","DO",0,0,0,0,0,0,0,0,0,0,0,0,0,0,6036,0,6036
"4819",70139,"City of Dodge City","Rural Reporter","Rural","MB","DO",0,0,0,0,0,0,0,0,0,0,0,0,0,0,0,0,0
"4820",70139,"City of Dodge City","Rural Reporter","Rural","MB","DO",0,0,0,0,0,0,0,0,0,0,0,0,0,0,16319,0,16319
"4821",70140,"Mississippi County Transit System, Inc.","Rural Reporter","Rural","DR","DO",0,0,0,0,0,0,0,0,0,0,0,0,0,0,0,0,0
"4822",70140,"Mississippi County Transit System, Inc.","Rural Reporter","Rural","DR","DO",0,0,0,0,0,0,0,0,0,0,0,0,0,0,20140,0,20140
"4823",70141,"Pratt County","Rural Reporter","Rural","DR","DO",0,0,0,0,0,0,0,0,0,0,0,0,0,0,0,0,0
"4824",70141,"Pratt County","Rural Reporter","Rural","DR","DO",0,0,0,0,0,0,0,0,0,0,0,0,0,0,15500,0,15500
"4825",70143,"Hooker Co","Rural Reporter","Rural","DR","DO",0,0,0,0,0,0,0,0,0,0,0,0,0,0,0,0,0
"4826",70143,"Hooker Co","Rural Reporter","Rural","DR","DO",0,0,0,0,0,0,0,0,0,0,0,0,0,0,3678,0,3678
"4827",70144,"Chase County","Rural Reporter","Rural","DR","DO",0,0,0,0,0,0,0,0,0,0,0,0,0,0,0,0,0
"4828",70144,"Chase County","Rural Reporter","Rural","DR","DO",0,0,0,0,0,0,0,0,0,0,0,0,0,0,1057,0,1057
"4829",70145,"OCCK, Inc.","Rural Reporter","Rural","DR","DO",0,0,0,0,0,0,0,0,0,0,0,0,0,0,0,0,0
"4830",70145,"OCCK, Inc.","Rural Reporter","Rural","DR","DO",0,0,0,0,0,0,0,0,0,0,0,0,0,0,363500,72440,435940
"4831",70145,"OCCK, Inc.","Rural Reporter","Rural","MB","DO",0,0,0,0,0,0,0,0,0,0,0,0,0,0,0,0,0
"4832",70145,"OCCK, Inc.","Rural Reporter","Rural","MB","DO",0,0,0,0,0,0,0,0,0,0,0,0,0,0,417710,0,417710
"4833",70146,"Ottawa County","Rural Reporter","Rural","DR","DO",0,0,0,0,0,0,0,0,0,0,0,0,0,0,0,0,0
"4834",70146,"Ottawa County","Rural Reporter","Rural","DR","DO",0,0,0,0,0,0,0,0,0,0,0,0,0,0,3069,0,3069
"4835",70147,"City of New Madrid","Rural Reporter","Rural","DR","DO",0,0,0,0,0,0,0,0,0,0,0,0,0,0,0,0,0
"4836",70147,"City of New Madrid","Rural Reporter","Rural","DR","DO",0,0,0,0,0,0,0,0,0,0,0,0,0,0,12954,0,12954
"4837",70148,"Saline County Area Transit","Rural Reporter","Rural","DR","DO",0,0,0,0,0,0,0,0,0,0,0,0,0,0,0,0,0
"4838",70148,"Saline County Area Transit","Rural Reporter","Rural","DR","DO",0,0,0,0,0,0,0,0,0,0,0,0,0,0,30793,19649,50442
"4839",70152,"City of Carthage","Rural Reporter","Rural","DR","DO",0,0,0,0,0,0,0,0,0,0,0,0,0,0,0,0,0
"4840",70152,"City of Carthage","Rural Reporter","Rural","DR","DO",0,0,0,0,0,0,0,0,0,0,0,0,0,0,16304,0,16304
"4841",70153,"City of North Platte","Rural Reporter","Rural","DR","DO",0,0,0,0,0,0,0,0,0,0,0,0,0,0,0,0,0
"4842",70153,"City of North Platte","Rural Reporter","Rural","DR","DO",0,0,0,0,0,0,0,0,0,0,0,0,0,0,161232,36393,197625
"4843",70155,"City of West Plains","Rural Reporter","Rural","DR","DO",0,0,0,0,0,0,0,0,0,0,0,0,0,0,0,0,0
"4844",70155,"City of West Plains","Rural Reporter","Rural","DR","DO",0,0,0,0,0,0,0,0,0,0,0,0,0,0,5183,6525,11708
"4845",70156,"Community Concern","Rural Reporter","Rural","DR","DO",0,0,0,0,0,0,0,0,0,0,0,0,0,0,0,0,0
"4846",70156,"Community Concern","Rural Reporter","Rural","DR","DO",0,0,0,0,0,0,0,0,0,0,0,0,0,0,83791,7,83798
"4847",70158,"South Central Kansas Area Agency on Aging","Rural Reporter","Rural","DR","DO",0,0,0,0,0,0,0,0,0,0,0,0,0,0,0,0,0
"4848",70158,"South Central Kansas Area Agency on Aging","Rural Reporter","Rural","DR","DO",0,0,0,0,0,0,0,0,0,0,0,0,0,0,9786,0,9786
"4849",70160,"Eastern Nebraska","Rural Reporter","Rural","DR","DO",0,0,0,0,0,0,0,0,0,0,0,0,0,0,0,0,0
"4850",70160,"Eastern Nebraska","Rural Reporter","Rural","DR","DO",0,0,0,0,0,0,0,0,0,0,0,0,0,0,44992,0,44992
"4851",70162,"City of Excelsior Springs","Rural Reporter","Rural","MB","DO",0,0,0,0,0,0,0,0,0,0,0,0,0,0,0,0,0
"4852",70162,"City of Excelsior Springs","Rural Reporter","Rural","MB","DO",0,0,0,0,0,0,0,0,0,0,0,0,0,0,20427,53198,73625
"4853",70163,"Paola Senior Citizen Center, Inc.","Rural Reporter","Rural","DR","DO",0,0,0,0,0,0,0,0,0,0,0,0,0,0,0,0,0
"4854",70163,"Paola Senior Citizen Center, Inc.","Rural Reporter","Rural","DR","DO",0,0,0,0,0,0,0,0,0,0,0,0,0,0,7923,0,7923
"4855",70164,"Lancaster Co Rural Transit","Rural Reporter","Rural","DR","DO",0,0,0,0,0,0,0,0,0,0,0,0,0,0,0,0,0
"4856",70164,"Lancaster Co Rural Transit","Rural Reporter","Rural","DR","DO",0,0,0,0,0,0,0,0,0,0,0,0,0,0,2298,0,2298
"4857",70165,"City of Houston","Rural Reporter","Rural","DR","DO",0,0,0,0,0,0,0,0,0,0,0,0,0,0,0,0,0
"4858",70165,"City of Houston","Rural Reporter","Rural","DR","DO",0,0,0,0,0,0,0,0,0,0,0,0,0,0,1969,0,1969
"4859",70167,"Ellsworth County","Rural Reporter","Rural","DR","DO",0,0,0,0,0,0,0,0,0,0,0,0,0,0,0,0,0
"4860",70167,"Ellsworth County","Rural Reporter","Rural","DR","DO",0,0,0,0,0,0,0,0,0,0,0,0,0,0,2623,0,2623
"4861",70168,"Scott County Transit System, Inc.","Rural Reporter","Rural","DR","DO",0,0,0,0,0,0,0,0,0,0,0,0,0,0,0,0,0
"4862",70168,"Scott County Transit System, Inc.","Rural Reporter","Rural","DR","DO",0,0,0,0,0,0,0,0,0,0,0,0,0,0,0,0,0
"4863",70171,"City of Wilson","Rural Reporter","Rural","DR","DO",0,0,0,0,0,0,0,0,0,0,0,0,0,0,0,0,0
"4864",70171,"City of Wilson","Rural Reporter","Rural","DR","DO",0,0,0,0,0,0,0,0,0,0,0,0,0,0,333,0,333
"4865",70173,"City of Clinton","Rural Reporter","Rural","DR","DO",0,0,0,0,0,0,0,0,0,0,0,0,0,0,0,0,0
"4866",70173,"City of Clinton","Rural Reporter","Rural","DR","DO",0,0,0,0,0,0,0,0,0,0,0,0,0,0,16313,147889,164202
"4867",70173,"City of Clinton","Rural Reporter","Rural","MB","DO",0,0,0,0,0,0,0,0,0,0,0,0,0,0,0,0,0
"4868",70173,"City of Clinton","Rural Reporter","Rural","MB","DO",0,0,0,0,0,0,0,0,0,0,0,0,0,0,45106,0,45106
"4869",70177,"City of El Dorado Springs","Rural Reporter","Rural","DR","DO",0,0,0,0,0,0,0,0,0,0,0,0,0,0,0,0,0
"4870",70177,"City of El Dorado Springs","Rural Reporter","Rural","DR","DO",0,0,0,0,0,0,0,0,0,0,0,0,0,0,13767,0,13767
"4871",70178,"Lakemary Center, Inc","Rural Reporter","Rural","DR","DO",0,0,0,0,0,0,0,0,0,0,0,0,0,0,0,0,0
"4872",70178,"Lakemary Center, Inc","Rural Reporter","Rural","DR","DO",0,0,0,0,0,0,0,0,0,0,0,0,0,0,3751,0,3751
"4873",70179,"South Central Kansas Area Agency on Aging","Rural Reporter","Rural","DR","DO",0,0,0,0,0,0,0,0,0,0,0,0,0,0,0,0,0
"4874",70179,"South Central Kansas Area Agency on Aging","Rural Reporter","Rural","DR","DO",0,0,0,0,0,0,0,0,0,0,0,0,0,0,12093,0,12093
"4875",70180,"South Central Kansas Area Agency on Aging","Rural Reporter","Rural","DR","DO",0,0,0,0,0,0,0,0,0,0,0,0,0,0,0,0,0
"4876",70180,"South Central Kansas Area Agency on Aging","Rural Reporter","Rural","DR","DO",0,0,0,0,0,0,0,0,0,0,0,0,0,0,20027,0,20027
"4877",70180,"South Central Kansas Area Agency on Aging","Rural Reporter","Rural","MB","DO",0,0,0,0,0,0,0,0,0,0,0,0,0,0,0,0,0
"4878",70180,"South Central Kansas Area Agency on Aging","Rural Reporter","Rural","MB","DO",0,0,0,0,0,0,0,0,0,0,0,0,0,0,26546,0,26546
"4879",70181,"City Of Tecumseh","Rural Reporter","Rural","DR","DO",0,0,0,0,0,0,0,0,0,0,0,0,0,0,0,0,0
"4880",70181,"City Of Tecumseh","Rural Reporter","Rural","DR","DO",0,0,0,0,0,0,0,0,0,0,0,0,0,0,2322,886,3208
"4881",70182,"Phelps County Senior Citizen","Rural Reporter","Rural","DR","DO",0,0,0,0,0,0,0,0,0,0,0,0,0,0,0,0,0
"4882",70182,"Phelps County Senior Citizen","Rural Reporter","Rural","DR","DO",0,0,0,0,0,0,0,0,0,0,0,0,0,0,11537,0,11537
"4883",70183,"Scotts Bluff Public Transit","Rural Reporter","Rural","DR","DO",0,0,0,0,0,0,0,0,0,0,0,0,0,0,0,0,0
"4884",70183,"Scotts Bluff Public Transit","Rural Reporter","Rural","DR","DO",0,0,0,0,0,0,0,0,0,0,0,0,0,0,26866,32189,59055
"4885",70183,"Scotts Bluff Public Transit","Rural Reporter","Rural","MB","DO",0,0,0,0,0,0,0,0,0,0,0,0,0,0,0,0,0
"4886",70183,"Scotts Bluff Public Transit","Rural Reporter","Rural","MB","DO",0,0,0,0,0,0,0,0,0,0,0,0,0,0,18345,22369,40714
"4887",70184,"City of Louisburg","Rural Reporter","Rural","DR","DO",0,0,0,0,0,0,0,0,0,0,0,0,0,0,0,0,0
"4888",70184,"City of Louisburg","Rural Reporter","Rural","DR","DO",0,0,0,0,0,0,0,0,0,0,0,0,0,0,18162,0,18162
"4889",70185,"North Iowa Area Council of Governments","Rural Reporter","Rural","DR","DO",0,0,0,0,0,0,0,0,0,0,0,0,0,0,0,0,0
"4890",70185,"North Iowa Area Council of Governments","Rural Reporter","Rural","DR","DO",0,0,0,0,0,0,0,0,0,0,0,0,0,0,189673,992560,1182233
"4891",70186,"South Central Kansas Area agency on Aging","Rural Reporter","Rural","DR","DO",0,0,0,0,0,0,0,0,0,0,0,0,0,0,0,0,0
"4892",70186,"South Central Kansas Area agency on Aging","Rural Reporter","Rural","DR","DO",0,0,0,0,0,0,0,0,0,0,0,0,0,0,24513,0,24513
"4893",70187,"Twin Rivers Developmental Supports Inc.","Rural Reporter","Rural","DR","DO",0,0,0,0,0,0,0,0,0,0,0,0,0,0,0,0,0
"4894",70187,"Twin Rivers Developmental Supports Inc.","Rural Reporter","Rural","DR","DO",0,0,0,0,0,0,0,0,0,0,0,0,0,0,22286,0,22286
"4895",70189,"City of Clinton","Rural Reporter","Rural","DR","DO",0,0,0,0,0,0,0,0,0,0,0,0,0,0,0,0,0
"4896",70189,"City of Clinton","Rural Reporter","Rural","DR","DO",0,0,0,0,0,0,0,0,0,0,0,0,0,0,17249,0,17249
"4897",70191,"City of Phillipsburg","Rural Reporter","Rural","DR","DO",0,0,0,0,0,0,0,0,0,0,0,0,0,0,0,0,0
"4898",70191,"City of Phillipsburg","Rural Reporter","Rural","DR","DO",0,0,0,0,0,0,0,0,0,0,0,0,0,0,3591,3630,7221
"4899",70192,"Loup City","Rural Reporter","Rural","DR","DO",0,0,0,0,0,0,0,0,0,0,0,0,0,0,0,0,0
"4900",70192,"Loup City","Rural Reporter","Rural","DR","DO",0,0,0,0,0,0,0,0,0,0,0,0,0,0,877,0,877
"4901",70193,"City of Plainview Handivan","Rural Reporter","Rural","DR","DO",0,0,0,0,0,0,0,0,0,0,0,0,0,0,0,0,0
"4902",70193,"City of Plainview Handivan","Rural Reporter","Rural","DR","DO",0,0,0,0,0,0,0,0,0,0,0,0,0,0,3141,0,3141
"4903",70194,"Cambridge Memorial Hospital","Rural Reporter","Rural","DR","DO",0,0,0,0,0,0,0,0,0,0,0,0,0,0,0,0,0
"4904",70194,"Cambridge Memorial Hospital","Rural Reporter","Rural","DR","DO",0,0,0,0,0,0,0,0,0,0,0,0,0,0,20069,65442,85511
"4905",70195,"Northeast Iowa Community Action Corporation","Rural Reporter","Rural","DR","DO",0,0,0,0,0,0,0,0,0,0,0,0,0,0,0,0,0
"4906",70195,"Northeast Iowa Community Action Corporation","Rural Reporter","Rural","DR","DO",0,0,0,0,0,0,0,0,0,0,0,0,0,0,163767,291353,455120
"4907",70196,"Republic County","Rural Reporter","Rural","DR","DO",0,0,0,0,0,0,0,0,0,0,0,0,0,0,0,0,0
"4908",70196,"Republic County","Rural Reporter","Rural","DR","DO",0,0,0,0,0,0,0,0,0,0,0,0,0,0,5732,0,5732
"4909",70197,"Lane County","Rural Reporter","Rural","DR","DO",0,0,0,0,0,0,0,0,0,0,0,0,0,0,0,0,0
"4910",70197,"Lane County","Rural Reporter","Rural","DR","DO",0,0,0,0,0,0,0,0,0,0,0,0,0,0,1393,0,1393
"4911",70198,"Harlan Co. Public Transit","Rural Reporter","Rural","DR","DO",0,0,0,0,0,0,0,0,0,0,0,0,0,0,0,0,0
"4912",70198,"Harlan Co. Public Transit","Rural Reporter","Rural","DR","DO",0,0,0,0,0,0,0,0,0,0,0,0,0,0,3973,0,3973
"4913",70199,"Logan County","Rural Reporter","Rural","DR","DO",0,0,0,0,0,0,0,0,0,0,0,0,0,0,0,0,0
"4914",70199,"Logan County","Rural Reporter","Rural","DR","DO",0,0,0,0,0,0,0,0,0,0,0,0,0,0,7333,0,7333
"4915",70200,"Kimball County Public Transit","Rural Reporter","Rural","DR","DO",0,0,0,0,0,0,0,0,0,0,0,0,0,0,0,0,0
"4916",70200,"Kimball County Public Transit","Rural Reporter","Rural","DR","DO",0,0,0,0,0,0,0,0,0,0,0,0,0,0,100145,65997,166142
"4917",70201,"Independence, Inc.","Reduced Reporter","Urban","DR","DO",0,0,0,0,0,0,0,0,0,0,0,0,0,0,0,0,0
"4918",70201,"Independence, Inc.","Reduced Reporter","Urban","DR","DO",0,0,0,0,0,0,0,0,0,0,0,0,0,0,20135,11394,31529
"4919",70202,"Wolf Memorial Good Samaritan Center","Rural Reporter","Rural","DR","DO",0,0,0,0,0,0,0,0,0,0,0,0,0,0,0,0,0
"4920",70202,"Wolf Memorial Good Samaritan Center","Rural Reporter","Rural","DR","DO",0,0,0,0,0,0,0,0,0,0,0,0,0,0,4307,0,4307
"4921",70203,"Morrill County Handi Bus","Rural Reporter","Rural","DR","DO",0,0,0,0,0,0,0,0,0,0,0,0,0,0,0,0,0
"4922",70203,"Morrill County Handi Bus","Rural Reporter","Rural","DR","DO",0,0,0,0,0,0,0,0,0,0,0,0,0,0,1553,0,1553
"4923",70204,"Anderson County","Rural Reporter","Rural","DR","DO",0,0,0,0,0,0,0,0,0,0,0,0,0,0,0,0,0
"4924",70204,"Anderson County","Rural Reporter","Rural","DR","DO",0,0,0,0,0,0,0,0,0,0,0,0,0,0,6892,0,6892
"4925",70205,"Blue Valley Community Action Partnership","Rural Reporter","Rural","DR","DO",0,0,0,0,0,0,0,0,0,0,0,0,0,0,0,0,0
"4926",70205,"Blue Valley Community Action Partnership","Rural Reporter","Rural","DR","DO",0,0,0,0,0,0,0,0,0,0,0,0,0,0,5758,600,6358
"4927",70206,"South Central Kansas Area Agency on Aging","Rural Reporter","Rural","DR","DO",0,0,0,0,0,0,0,0,0,0,0,0,0,0,0,0,0
"4928",70206,"South Central Kansas Area Agency on Aging","Rural Reporter","Rural","DR","DO",0,0,0,0,0,0,0,0,0,0,0,0,0,0,4876,0,4876
"4929",70208,"Marshall County","Rural Reporter","Rural","DR","DO",0,0,0,0,0,0,0,0,0,0,0,0,0,0,0,0,0
"4930",70208,"Marshall County","Rural Reporter","Rural","DR","DO",0,0,0,0,0,0,0,0,0,0,0,0,0,0,17989,0,17989
"4931",70209,"Four County","Rural Reporter","Rural","DR","DO",0,0,0,0,0,0,0,0,0,0,0,0,0,0,0,0,0
"4932",70209,"Four County","Rural Reporter","Rural","DR","DO",0,0,0,0,0,0,0,0,0,0,0,0,0,0,48419,399406,447825
"4933",70210,"South Central Kansas Area Agency on Aging","Rural Reporter","Rural","DR","DO",0,0,0,0,0,0,0,0,0,0,0,0,0,0,0,0,0
"4934",70210,"South Central Kansas Area Agency on Aging","Rural Reporter","Rural","DR","DO",0,0,0,0,0,0,0,0,0,0,0,0,0,0,18411,35710,54121
"4935",70211,"City of Lamar","Rural Reporter","Rural","DR","DO",0,0,0,0,0,0,0,0,0,0,0,0,0,0,0,0,0
"4936",70211,"City of Lamar","Rural Reporter","Rural","DR","DO",0,0,0,0,0,0,0,0,0,0,0,0,0,0,37537,0,37537
"4937",70212,"Cedar County Transit","Rural Reporter","Rural","DR","DO",0,0,0,0,0,0,0,0,0,0,0,0,0,0,0,0,0
"4938",70212,"Cedar County Transit","Rural Reporter","Rural","DR","DO",0,0,0,0,0,0,0,0,0,0,0,0,0,0,44034,73747,117781
"4939",70213,"Nemaha County","Rural Reporter","Rural","DR","DO",0,0,0,0,0,0,0,0,0,0,0,0,0,0,0,0,0
"4940",70213,"Nemaha County","Rural Reporter","Rural","DR","DO",0,0,0,0,0,0,0,0,0,0,0,0,0,0,14472,35756,50228
"4941",70214,"City of Columbus Transit","Rural Reporter","Rural","DR","DO",0,0,0,0,0,0,0,0,0,0,0,0,0,0,0,0,0
"4942",70214,"City of Columbus Transit","Rural Reporter","Rural","DR","DO",0,0,0,0,0,0,0,0,0,0,0,0,0,0,13332,0,13332
"4943",70215,"City of Goodland","Rural Reporter","Rural","DR","DO",0,0,0,0,0,0,0,0,0,0,0,0,0,0,0,0,0
"4944",70215,"City of Goodland","Rural Reporter","Rural","DR","DO",0,0,0,0,0,0,0,0,0,0,0,0,0,0,7094,0,7094
"4945",70216,"Avera Creighton Hospital","Rural Reporter","Rural","DR","DO",0,0,0,0,0,0,0,0,0,0,0,0,0,0,0,0,0
"4946",70216,"Avera Creighton Hospital","Rural Reporter","Rural","DR","DO",0,0,0,0,0,0,0,0,0,0,0,0,0,0,19020,138644,157664
"4947",70217,"Southeast Iowa Regional Planning Commission","Rural Reporter","Rural","DR","DO",0,0,0,0,0,0,0,0,0,0,0,0,0,0,0,0,0
"4948",70217,"Southeast Iowa Regional Planning Commission","Rural Reporter","Rural","DR","DO",0,0,0,0,0,0,0,0,0,0,0,0,0,0,51803,358239,410042
"4949",70218,"Wabaunsee County","Rural Reporter","Rural","DR","DO",0,0,0,0,0,0,0,0,0,0,0,0,0,0,0,0,0
"4950",70218,"Wabaunsee County","Rural Reporter","Rural","DR","DO",0,0,0,0,0,0,0,0,0,0,0,0,0,0,7061,0,7061
"4951",70219,"Region Six Planning Commission","Rural Reporter","Rural","DR","DO",0,0,0,0,0,0,0,0,0,0,0,0,0,0,0,0,0
"4952",70219,"Region Six Planning Commission","Rural Reporter","Rural","DR","DO",0,0,0,0,0,0,0,0,0,0,0,0,0,0,97502,464954,562456
"4953",70220,"Avera St.Anthony's Hospital","Rural Reporter","Rural","DR","DO",0,0,0,0,0,0,0,0,0,0,0,0,0,0,0,0,0
"4954",70220,"Avera St.Anthony's Hospital","Rural Reporter","Rural","DR","DO",0,0,0,0,0,0,0,0,0,0,0,0,0,0,14796,37874,52670
"4955",70221,"Southern Iowa Trolley","Rural Reporter","Rural","DR","DO",0,0,0,0,0,0,0,0,0,0,0,0,0,0,0,0,0
"4956",70221,"Southern Iowa Trolley","Rural Reporter","Rural","DR","DO",0,0,0,0,0,0,0,0,0,0,0,0,0,0,145407,107365,252772
"4957",70222,"Coffey County","Rural Reporter","Rural","DR","DO",0,0,0,0,0,0,0,0,0,0,0,0,0,0,0,0,0
"4958",70222,"Coffey County","Rural Reporter","Rural","DR","DO",0,0,0,0,0,0,0,0,0,0,0,0,0,0,39044,23236,62280
"4959",70223,"Senior Information Center York","Rural Reporter","Rural","DR","DO",0,0,0,0,0,0,0,0,0,0,0,0,0,0,0,0,0
"4960",70223,"Senior Information Center York","Rural Reporter","Rural","DR","DO",0,0,0,0,0,0,0,0,0,0,0,0,0,0,17010,2112,19122
"4961",70224,"Region 12 Council of Governments","Rural Reporter","Rural","DR","DO",0,0,0,0,0,0,0,0,0,0,0,0,0,0,0,0,0
"4962",70224,"Region 12 Council of Governments","Rural Reporter","Rural","DR","DO",0,0,0,0,0,0,0,0,0,0,0,0,0,0,138500,251613,390113
"4963",70225,"Franklin County","Rural Reporter","Rural","DR","DO",0,0,0,0,0,0,0,0,0,0,0,0,0,0,0,0,0
"4964",70225,"Franklin County","Rural Reporter","Rural","DR","DO",0,0,0,0,0,0,0,0,0,0,0,0,0,0,15370,0,15370
"4965",70226,"Class LTD","Rural Reporter","Rural","DR","DO",0,0,0,0,0,0,0,0,0,0,0,0,0,0,0,0,0
"4966",70226,"Class LTD","Rural Reporter","Rural","DR","DO",0,0,0,0,0,0,0,0,0,0,0,0,0,0,46205,0,46205
"4967",70227,"City of Liberal","Rural Reporter","Rural","DR","DO",0,0,0,0,0,0,0,0,0,0,0,0,0,0,0,0,0
"4968",70227,"City of Liberal","Rural Reporter","Rural","DR","DO",0,0,0,0,0,0,0,0,0,0,0,0,0,0,3652,0,3652
"4969",70227,"City of Liberal","Rural Reporter","Rural","MB","DO",0,0,0,0,0,0,0,0,0,0,0,0,0,0,0,0,0
"4970",70227,"City of Liberal","Rural Reporter","Rural","MB","DO",0,0,0,0,0,0,0,0,0,0,0,0,0,0,9138,682,9820
"4971",70228,"South Central Kansas Area Agency on Aging","Rural Reporter","Rural","DR","DO",0,0,0,0,0,0,0,0,0,0,0,0,0,0,0,0,0
"4972",70228,"South Central Kansas Area Agency on Aging","Rural Reporter","Rural","DR","DO",0,0,0,0,0,0,0,0,0,0,0,0,0,0,22788,0,22788
"4973",70232,"City Of McCook Public Transit","Rural Reporter","Rural","DR","DO",0,0,0,0,0,0,0,0,0,0,0,0,0,0,0,0,0
"4974",70232,"City Of McCook Public Transit","Rural Reporter","Rural","DR","DO",0,0,0,0,0,0,0,0,0,0,0,0,0,0,12191,0,12191
"4975",70233,"Wayne Public Transit","Rural Reporter","Rural","DR","DO",0,0,0,0,0,0,0,0,0,0,0,0,0,0,0,0,0
"4976",70233,"Wayne Public Transit","Rural Reporter","Rural","DR","DO",0,0,0,0,0,0,0,0,0,0,0,0,0,0,8636,1278,9914
"4977",70235,"South Central Kansas Area Agency on Aging","Rural Reporter","Rural","DR","DO",0,0,0,0,0,0,0,0,0,0,0,0,0,0,0,0,0
"4978",70235,"South Central Kansas Area Agency on Aging","Rural Reporter","Rural","DR","DO",0,0,0,0,0,0,0,0,0,0,0,0,0,0,10368,0,10368
"4979",70238,"Harvey County","Rural Reporter","Rural","DR","DO",0,0,0,0,0,0,0,0,0,0,0,0,0,0,0,0,0
"4980",70238,"Harvey County","Rural Reporter","Rural","DR","DO",0,0,0,0,0,0,0,0,0,0,0,0,0,0,15648,13816,29464
"4981",70240,"Regional Transit Authority","Rural Reporter","Rural","DR","DO",0,0,0,0,0,0,0,0,0,0,0,0,0,0,0,0,0
"4982",70240,"Regional Transit Authority","Rural Reporter","Rural","DR","DO",0,0,0,0,0,0,0,0,0,0,0,0,0,0,155718,903139,1058857
"4983",70241,"City of Russell","Rural Reporter","Rural","DR","DO",0,0,0,0,0,0,0,0,0,0,0,0,0,0,0,0,0
"4984",70241,"City of Russell","Rural Reporter","Rural","DR","DO",0,0,0,0,0,0,0,0,0,0,0,0,0,0,10986,2922,13908
"4985",70242,"10-15 Regional Transit Agency","Rural Reporter","Rural","DR","DO",0,0,0,0,0,0,0,0,0,0,0,0,0,0,0,0,0
"4986",70242,"10-15 Regional Transit Agency","Rural Reporter","Rural","DR","DO",0,0,0,0,0,0,0,0,0,0,0,0,0,0,171895,2631105,2803000
"4987",70242,"10-15 Regional Transit Agency","Rural Reporter","Rural","MB","DO",0,0,0,0,0,0,0,0,0,0,0,0,0,0,0,0,0
"4988",70242,"10-15 Regional Transit Agency","Rural Reporter","Rural","MB","DO",0,0,0,0,0,0,0,0,0,0,0,0,0,0,14124,21670,35794
"4989",70244,"City of Benkelman","Rural Reporter","Rural","DR","DO",0,0,0,0,0,0,0,0,0,0,0,0,0,0,0,0,0
"4990",70244,"City of Benkelman","Rural Reporter","Rural","DR","DO",0,0,0,0,0,0,0,0,0,0,0,0,0,0,2145,0,2145
"4991",70245,"Community Senior Service Center","Rural Reporter","Rural","DR","DO",0,0,0,0,0,0,0,0,0,0,0,0,0,0,0,0,0
"4992",70245,"Community Senior Service Center","Rural Reporter","Rural","DR","DO",0,0,0,0,0,0,0,0,0,0,0,0,0,0,12502,0,12502
"4993",70246,"Seward County Public Transit","Rural Reporter","Rural","DR","DO",0,0,0,0,0,0,0,0,0,0,0,0,0,0,0,0,0
"4994",70246,"Seward County Public Transit","Rural Reporter","Rural","DR","DO",0,0,0,0,0,0,0,0,0,0,0,0,0,0,21266,661,21927
"4995",70247,"City of Crawford","Rural Reporter","Rural","DR","DO",0,0,0,0,0,0,0,0,0,0,0,0,0,0,0,0,0
"4996",70247,"City of Crawford","Rural Reporter","Rural","DR","DO",0,0,0,0,0,0,0,0,0,0,0,0,0,0,5530,0,5530
"4997",70248,"Lyon County","Rural Reporter","Rural","DR","DO",0,0,0,0,0,0,0,0,0,0,0,0,0,0,0,0,0
"4998",70248,"Lyon County","Rural Reporter","Rural","DR","DO",0,0,0,0,0,0,0,0,0,0,0,0,0,0,32639,2379,35018
"4999",70248,"Lyon County","Rural Reporter","Rural","MB","DO",0,0,0,0,0,0,0,0,0,0,0,0,0,0,0,0,0
"5000",70248,"Lyon County","Rural Reporter","Rural","MB","DO",0,0,0,0,0,0,0,0,0,0,0,0,0,0,10673,0,10673
"5001",70250,"Clay County Task Force","Rural Reporter","Rural","DR","DO",0,0,0,0,0,0,0,0,0,0,0,0,0,0,0,0,0
"5002",70250,"Clay County Task Force","Rural Reporter","Rural","DR","DO",0,0,0,0,0,0,0,0,0,0,0,0,0,0,13198,0,13198
"5003",70251,"The Guidance Center","Rural Reporter","Rural","DR","DO",0,0,0,0,0,0,0,0,0,0,0,0,0,0,0,0,0
"5004",70251,"The Guidance Center","Rural Reporter","Rural","DR","DO",0,0,0,0,0,0,0,0,0,0,0,0,0,0,5258,0,5258
"5005",70253,"Saunders County Transportation","Rural Reporter","Rural","DR","DO",0,0,0,0,0,0,0,0,0,0,0,0,0,0,0,0,0
"5006",70253,"Saunders County Transportation","Rural Reporter","Rural","DR","DO",0,0,0,0,0,0,0,0,0,0,0,0,0,0,3183,354,3537
"5007",70255,"Solomon Valley","Rural Reporter","Rural","DR","DO",0,0,0,0,0,0,0,0,0,0,0,0,0,0,0,0,0
"5008",70255,"Solomon Valley","Rural Reporter","Rural","DR","DO",0,0,0,0,0,0,0,0,0,0,0,0,0,0,11764,0,11764
"5009",70256,"Mid Iowa Development Association Council of Governments","Rural Reporter","Rural","DR","DO",0,0,0,0,0,0,0,0,0,0,0,0,0,0,0,0,0
"5010",70256,"Mid Iowa Development Association Council of Governments","Rural Reporter","Rural","DR","DO",0,0,0,0,0,0,0,0,0,0,0,0,0,0,33188,54634,87822
"5011",70257,"Macon Area Chamber of Commerce","Rural Reporter","Rural","DR","DO",0,0,0,0,0,0,0,0,0,0,0,0,0,0,0,0,0
"5012",70257,"Macon Area Chamber of Commerce","Rural Reporter","Rural","DR","DO",0,0,0,0,0,0,0,0,0,0,0,0,0,0,3942,0,3942
"5013",70258,"Southwest Iowa Planning Council","Rural Reporter","Rural","DR","DO",0,0,0,0,0,0,0,0,0,0,0,0,0,0,0,0,0
"5014",70258,"Southwest Iowa Planning Council","Rural Reporter","Rural","DR","DO",0,0,0,0,0,0,0,0,0,0,0,0,0,0,461658,657499,1119157
"5015",70259,"Futures Unlimited","Rural Reporter","Rural","DR","DO",0,0,0,0,0,0,0,0,0,0,0,0,0,0,0,0,0
"5016",70259,"Futures Unlimited","Rural Reporter","Rural","DR","DO",0,0,0,0,0,0,0,0,0,0,0,0,0,0,25817,1874,27691
"5017",70260,"City of Mason City","Rural Reporter","Rural","MB","DO",0,0,0,0,0,0,0,0,0,0,0,0,0,0,0,0,0
"5018",70260,"City of Mason City","Rural Reporter","Rural","MB","DO",0,0,0,0,0,0,0,0,0,0,0,0,0,0,40107,12192,52299
"5019",70263,"SERVE, Inc.","Rural Reporter","Rural","DR","DO",0,0,0,0,0,0,0,0,0,0,0,0,0,0,0,0,0
"5020",70263,"SERVE, Inc.","Rural Reporter","Rural","DR","DO",0,0,0,0,0,0,0,0,0,0,0,0,0,0,20724,0,20724
"5021",70265,"City of Chadron","Rural Reporter","Rural","DR","DO",0,0,0,0,0,0,0,0,0,0,0,0,0,0,0,0,0
"5022",70265,"City of Chadron","Rural Reporter","Rural","DR","DO",0,0,0,0,0,0,0,0,0,0,0,0,0,0,5653,0,5653
"5023",70266,"City of Kingman","Rural Reporter","Rural","DR","DO",0,0,0,0,0,0,0,0,0,0,0,0,0,0,0,0,0
"5024",70266,"City of Kingman","Rural Reporter","Rural","DR","DO",0,0,0,0,0,0,0,0,0,0,0,0,0,0,10359,0,10359
"5025",70267,"Project Concern","Rural Reporter","Rural","DR","DO",0,0,0,0,0,0,0,0,0,0,0,0,0,0,0,0,0
"5026",70267,"Project Concern","Rural Reporter","Rural","DR","DO",0,0,0,0,0,0,0,0,0,0,0,0,0,0,9451,314,9765
"5027",70268,"Gove County","Rural Reporter","Rural","DR","DO",0,0,0,0,0,0,0,0,0,0,0,0,0,0,0,0,0
"5028",70268,"Gove County","Rural Reporter","Rural","DR","DO",0,0,0,0,0,0,0,0,0,0,0,0,0,0,1928,0,1928
"5029",70273,"Sac and Fox Nation of Missouri","Reduced Reporter","Tribe","DR","DO",0,0,0,0,0,0,0,0,0,0,0,0,0,0,0,0,0
"5030",70273,"Sac and Fox Nation of Missouri","Reduced Reporter","Tribe","DR","DO",0,0,0,0,0,0,0,0,0,0,0,0,0,0,4450,0,4450
"5031",70277,"Linn County","Reduced Reporter","Urban","DR","DO",0,0,0,0,0,0,0,0,0,0,0,0,0,0,0,0,0
"5032",70277,"Linn County","Reduced Reporter","Urban","DR","DO",0,0,0,0,0,0,0,0,0,0,0,0,0,0,56333,0,56333
"5033",77063,"Ponca Tribe of Nebraska","Reduced Reporter","Tribe","DR","DO",0,0,0,0,0,0,0,0,0,0,0,0,0,0,0,0,0
"5034",77063,"Ponca Tribe of Nebraska","Reduced Reporter","Tribe","DR","DO",0,0,0,0,0,0,0,0,0,0,0,0,0,0,12002,0,12002
"5035",77069,"Santee Sioux Nation","Reduced Reporter","Tribe","MB","DO",0,0,0,0,0,0,0,0,0,0,0,0,0,0,0,0,0
"5036",77069,"Santee Sioux Nation","Reduced Reporter","Tribe","MB","DO",0,0,0,0,0,0,0,0,0,0,0,0,0,0,0,0,0
"5037",77075,"Prairie Band Potawatomi Nation","Reduced Reporter","Tribe","DR","DO",0,0,0,0,0,0,0,0,0,0,0,0,0,0,0,0,0
"5038",77075,"Prairie Band Potawatomi Nation","Reduced Reporter","Tribe","DR","DO",0,0,0,0,0,0,0,0,0,0,0,0,0,0,10928,0,10928
"5039",77076,"Rawlins County","Rural Reporter","Rural","DR","DO",0,0,0,0,0,0,0,0,0,0,0,0,0,0,0,0,0
"5040",77076,"Rawlins County","Rural Reporter","Rural","DR","DO",0,0,0,0,0,0,0,0,0,0,0,0,0,0,873,0,873
"5041",77077,"Omaha Tribe of Nebraska","Reduced Reporter","Tribe","DR","DO",0,0,0,0,0,0,0,0,0,0,0,0,0,0,0,0,0
"5042",77077,"Omaha Tribe of Nebraska","Reduced Reporter","Tribe","DR","DO",0,0,0,0,0,0,0,0,0,0,0,0,0,0,7515,8040,15555
"5043",77078,"Garden County","Rural Reporter","Rural","DR","DO",0,0,0,0,0,0,0,0,0,0,0,0,0,0,0,0,0
"5044",77078,"Garden County","Rural Reporter","Rural","DR","DO",0,0,0,0,0,0,0,0,0,0,0,0,0,0,6752,70371,77123
"5045",77079,"Northeast Kansas Area Agency on Aging","Rural Reporter","Rural","DR","DO",0,0,0,0,0,0,0,0,0,0,0,0,0,0,0,0,0
"5046",77079,"Northeast Kansas Area Agency on Aging","Rural Reporter","Rural","DR","DO",0,0,0,0,0,0,0,0,0,0,0,0,0,0,18305,11650,29955
"5047",77082,"Cheyenne County","Rural Reporter","Rural","DR","DO",0,0,0,0,0,0,0,0,0,0,0,0,0,0,0,0,0
"5048",77082,"Cheyenne County","Rural Reporter","Rural","DR","DO",0,0,0,0,0,0,0,0,0,0,0,0,0,0,375,0,375
"5049",77083,"Multi Community Diversified Services, Inc.","Rural Reporter","Rural","DR","DO",0,0,0,0,0,0,0,0,0,0,0,0,0,0,0,0,0
"5050",77083,"Multi Community Diversified Services, Inc.","Rural Reporter","Rural","DR","DO",0,0,0,0,0,0,0,0,0,0,0,0,0,0,23570,0,23570
"5051",77085,"Nance Trans","Rural Reporter","Rural","DR","DO",0,0,0,0,0,0,0,0,0,0,0,0,0,0,0,0,0
"5052",77085,"Nance Trans","Rural Reporter","Rural","DR","DO",0,0,0,0,0,0,0,0,0,0,0,0,0,0,8209,66715,74924
"5053",77086,"New Bourbon Regional Port Authority","Rural Reporter","Rural","FB","DO",0,0,0,0,0,0,0,0,0,0,0,0,0,0,0,0,0
"5054",77086,"New Bourbon Regional Port Authority","Rural Reporter","Rural","FB","DO",0,0,0,0,0,0,0,0,0,0,0,0,0,0,13304,0,13304
"5055",77087,"Callaway District Hospital","Rural Reporter","Rural","DR","DO",0,0,0,0,0,0,0,0,0,0,0,0,0,0,0,0,0
"5056",77087,"Callaway District Hospital","Rural Reporter","Rural","DR","DO",0,0,0,0,0,0,0,0,0,0,0,0,0,0,2888,38824,41712
"5057",77089,"Jones County","Rural Reporter","Rural","DR","DO",0,0,0,0,0,0,0,0,0,0,0,0,0,0,0,0,0
"5058",77089,"Jones County","Rural Reporter","Rural","DR","DO",0,0,0,0,0,0,0,0,0,0,0,0,0,0,29900,134107,164007
"5059",77090,"Benton County","Rural Reporter","Rural","DR","DO",0,0,0,0,0,0,0,0,0,0,0,0,0,0,0,0,0
"5060",77090,"Benton County","Rural Reporter","Rural","DR","DO",0,0,0,0,0,0,0,0,0,0,0,0,0,0,84896,15690,100586
"5061",77091,"Washington County","Rural Reporter","Rural","DR","DO",0,0,0,0,0,0,0,0,0,0,0,0,0,0,0,0,0
"5062",77091,"Washington County","Rural Reporter","Rural","DR","DO",0,0,0,0,0,0,0,0,0,0,0,0,0,0,58085,93995,152080
"5063",77092,"Iowa County","Rural Reporter","Rural","DR","DO",0,0,0,0,0,0,0,0,0,0,0,0,0,0,0,0,0
"5064",77092,"Iowa County","Rural Reporter","Rural","DR","DO",0,0,0,0,0,0,0,0,0,0,0,0,0,0,81393,167004,248397
"5065",80005,"City of Colorado Springs","Full Reporter","Urban","DR","TX",0,0,0,0,0,0,0,0,0,0,0,0,0,0,1806,0,1806
"5066",80010,"Greeley, City Of","Reduced Reporter","Urban","DR","DO",0,0,0,0,0,0,0,0,0,0,0,0,0,0,0,0,0
"5067",80010,"Greeley, City Of","Reduced Reporter","Urban","DR","DO",0,0,0,0,0,0,0,0,0,0,0,0,0,0,21314,0,21314
"5068",80010,"Greeley, City Of","Reduced Reporter","Urban","MB","DO",0,0,0,0,0,0,0,0,0,0,0,0,0,0,0,0,0
"5069",80010,"Greeley, City Of","Reduced Reporter","Urban","MB","DO",0,0,0,0,0,0,0,0,0,0,0,0,0,0,258130,0,258130
"5070",80011,"City of Fort Collins","Full Reporter","Urban","DR","TX",0,0,0,0,0,0,0,0,0,0,0,0,0,0,0,0,0
"5071",80013,"City of Casper","Reduced Reporter","Urban","DR","DO",0,0,0,0,0,0,0,0,0,0,0,0,0,0,0,0,0
"5072",80013,"City of Casper","Reduced Reporter","Urban","DR","DO",0,0,0,0,0,0,0,0,0,0,0,0,0,0,49535,0,49535
"5073",80013,"City of Casper","Reduced Reporter","Urban","MB","DO",0,0,0,0,0,0,0,0,0,0,0,0,0,0,0,0,0
"5074",80013,"City of Casper","Reduced Reporter","Urban","MB","DO",0,0,0,0,0,0,0,0,0,0,0,0,0,0,46265,0,46265
"5075",80014,"City of Rapid City","Reduced Reporter","Urban","DR","DO",0,0,0,0,0,0,0,0,0,0,0,0,0,0,0,0,0
"5076",80014,"City of Rapid City","Reduced Reporter","Urban","DR","DO",0,0,0,0,0,0,0,0,0,0,0,0,0,0,96330,0,96330
"5077",80014,"City of Rapid City","Reduced Reporter","Urban","MB","DO",0,0,0,0,0,0,0,0,0,0,0,0,0,0,0,0,0
"5078",80014,"City of Rapid City","Reduced Reporter","Urban","MB","DO",0,0,0,0,0,0,0,0,0,0,0,0,0,0,142531,0,142531
"5079",80015,"Shoshone and Arapaho Tribes","Reduced Reporter","Tribe","DR","DO",0,0,0,0,0,0,0,0,0,0,0,0,0,0,0,0,0
"5080",80015,"Shoshone and Arapaho Tribes","Reduced Reporter","Tribe","DR","DO",0,0,0,0,0,0,0,0,0,0,0,0,0,0,0,0,0
"5081",80016,"County of Mesa","Reduced Reporter","Urban","DR","PT",0,0,0,0,0,0,0,0,0,0,0,0,0,0,0,0,0
"5082",80016,"County of Mesa","Reduced Reporter","Urban","DR","PT",0,0,0,0,0,0,0,0,0,0,0,0,0,0,37401,33924,71325
"5083",80016,"County of Mesa","Reduced Reporter","Urban","MB","PT",0,0,0,0,0,0,0,0,0,0,0,0,0,0,0,0,0
"5084",80016,"County of Mesa","Reduced Reporter","Urban","MB","PT",0,0,0,0,0,0,0,0,0,0,0,0,0,0,216069,81302,297371
"5085",80018,"Fort Peck Tribes","Reduced Reporter","Tribe","DR","DO",0,0,0,0,0,0,0,0,0,0,0,0,0,0,0,0,0
"5086",80018,"Fort Peck Tribes","Reduced Reporter","Tribe","DR","DO",0,0,0,0,0,0,0,0,0,0,0,0,0,0,3899,0,3899
"5087",80018,"Fort Peck Tribes","Reduced Reporter","Tribe","MB","DO",0,0,0,0,0,0,0,0,0,0,0,0,0,0,0,0,0
"5088",80018,"Fort Peck Tribes","Reduced Reporter","Tribe","MB","DO",0,0,0,0,0,0,0,0,0,0,0,0,0,0,4980,0,4980
"5089",80019,"Bis-Man Transit Board","Reduced Reporter","Urban","DR","PT",0,0,0,0,0,0,0,0,0,0,0,0,0,0,0,0,0
"5090",80019,"Bis-Man Transit Board","Reduced Reporter","Urban","DR","PT",0,0,0,0,0,0,0,0,0,0,0,0,0,0,235071,14677,249748
"5091",80019,"Bis-Man Transit Board","Reduced Reporter","Urban","MB","PT",0,0,0,0,0,0,0,0,0,0,0,0,0,0,0,0,0
"5092",80019,"Bis-Man Transit Board","Reduced Reporter","Urban","MB","PT",0,0,0,0,0,0,0,0,0,0,0,0,0,0,67498,0,67498
"5093",80020,"The City of Cheyenne","Reduced Reporter","Urban","DR","DO",0,0,0,0,0,0,0,0,0,0,0,0,0,0,0,0,0
"5094",80020,"The City of Cheyenne","Reduced Reporter","Urban","DR","DO",0,0,0,0,0,0,0,0,0,0,0,0,0,0,71094,0,71094
"5095",80025,"City of Loveland, Colorado","Full Reporter","Urban","DR","TX",0,0,0,0,0,0,0,0,0,0,0,0,0,0,3212,4720,7932
"5096",80026,"City of St. George","Reduced Reporter","Urban","DR","DO",0,0,0,0,0,0,0,0,0,0,0,0,0,0,0,0,0
"5097",80026,"City of St. George","Reduced Reporter","Urban","DR","DO",0,0,0,0,0,0,0,0,0,0,0,0,0,0,10585,0,10585
"5098",80026,"City of St. George","Reduced Reporter","Urban","MB","DO",0,0,0,0,0,0,0,0,0,0,0,0,0,0,0,0,0
"5099",80026,"City of St. George","Reduced Reporter","Urban","MB","DO",0,0,0,0,0,0,0,0,0,0,0,0,0,0,132836,40165,173001
"5100",80110,"Fargo Park District","Reduced Reporter","Urban","DR","DO",0,0,0,0,0,0,0,0,0,0,0,0,0,0,0,0,0
"5101",80110,"Fargo Park District","Reduced Reporter","Urban","DR","DO",0,0,0,0,0,0,0,0,0,0,0,0,0,0,103179,0,103179
"5102",80112,"SESDAC, Inc","Rural Reporter","Rural","DR","DO",0,0,0,0,0,0,0,0,0,0,0,0,0,0,0,0,0
"5103",80112,"SESDAC, Inc","Rural Reporter","Rural","DR","DO",0,0,0,0,0,0,0,0,0,0,0,0,0,0,35861,10993,46854
"5104",80114,"Stark County Council on Aging / Elder Care","Rural Reporter","Rural","DR","DO",0,0,0,0,0,0,0,0,0,0,0,0,0,0,0,0,0
"5105",80114,"Stark County Council on Aging / Elder Care","Rural Reporter","Rural","DR","DO",0,0,0,0,0,0,0,0,0,0,0,0,0,0,140778,50795,191573
"5106",80115,"Prowers County","Rural Reporter","Rural","DR","DO",0,0,0,0,0,0,0,0,0,0,0,0,0,0,0,0,0
"5107",80115,"Prowers County","Rural Reporter","Rural","DR","DO",0,0,0,0,0,0,0,0,0,0,0,0,0,0,20836,0,20836
"5108",80115,"Prowers County","Rural Reporter","Rural","MB","DO",0,0,0,0,0,0,0,0,0,0,0,0,0,0,0,0,0
"5109",80115,"Prowers County","Rural Reporter","Rural","MB","DO",0,0,0,0,0,0,0,0,0,0,0,0,0,0,3952,0,3952
"5110",80116,"City of Mitchell","Rural Reporter","Rural","DR","DO",0,0,0,0,0,0,0,0,0,0,0,0,0,0,0,0,0
"5111",80116,"City of Mitchell","Rural Reporter","Rural","DR","DO",0,0,0,0,0,0,0,0,0,0,0,0,0,0,129980,39179,169159
"5112",80117,"Garfield County","Rural Reporter","Rural","DR","DO",0,0,0,0,0,0,0,0,0,0,0,0,0,0,0,0,0
"5113",80117,"Garfield County","Rural Reporter","Rural","DR","DO",0,0,0,0,0,0,0,0,0,0,0,0,0,0,1092,4635,5727
"5114",80118,"Wet Mountain Valley Rotary Community Service, Inc.","Rural Reporter","Rural","DR","DO",0,0,0,0,0,0,0,0,0,0,0,0,0,0,0,0,0
"5115",80118,"Wet Mountain Valley Rotary Community Service, Inc.","Rural Reporter","Rural","DR","DO",0,0,0,0,0,0,0,0,0,0,0,0,0,0,7835,2622,10457
"5116",80119,"City of Black Hawk","Rural Reporter","Rural","MB","PT",0,0,0,0,0,0,0,0,0,0,0,0,0,0,0,0,0
"5117",80119,"City of Black Hawk","Rural Reporter","Rural","MB","PT",0,0,0,0,0,0,0,0,0,0,0,0,0,0,0,0,0
"5118",80120,"South Big Horn Senior Citizens, Inc.","Rural Reporter","Rural","DR","DO",0,0,0,0,0,0,0,0,0,0,0,0,0,0,0,0,0
"5119",80120,"South Big Horn Senior Citizens, Inc.","Rural Reporter","Rural","DR","DO",0,0,0,0,0,0,0,0,0,0,0,0,0,0,493,0,493
"5120",80121,"Fremont County Association of Governments","Rural Reporter","Rural","DR","DO",0,0,0,0,0,0,0,0,0,0,0,0,0,0,0,0,0
"5121",80121,"Fremont County Association of Governments","Rural Reporter","Rural","DR","DO",0,0,0,0,0,0,0,0,0,0,0,0,0,0,67429,208729,276158
"5122",80121,"Fremont County Association of Governments","Rural Reporter","Rural","MB","DO",0,0,0,0,0,0,0,0,0,0,0,0,0,0,0,0,0
"5123",80121,"Fremont County Association of Governments","Rural Reporter","Rural","MB","DO",0,0,0,0,0,0,0,0,0,0,0,0,0,0,0,0,0
"5124",80122,"Devils Lake","Rural Reporter","Rural","DR","DO",0,0,0,0,0,0,0,0,0,0,0,0,0,0,0,0,0
"5125",80122,"Devils Lake","Rural Reporter","Rural","DR","DO",0,0,0,0,0,0,0,0,0,0,0,0,0,0,35846,6271,42117
"5126",80124,"James River Senior Citizens Center, Inc.","Rural Reporter","Rural","DR","DO",0,0,0,0,0,0,0,0,0,0,0,0,0,0,0,0,0
"5127",80124,"James River Senior Citizens Center, Inc.","Rural Reporter","Rural","DR","DO",0,0,0,0,0,0,0,0,0,0,0,0,0,0,79788,19336,99124
"5128",80125,"South Central Adult Services","Rural Reporter","Rural","DR","DO",0,0,0,0,0,0,0,0,0,0,0,0,0,0,0,0,0
"5129",80125,"South Central Adult Services","Rural Reporter","Rural","DR","DO",0,0,0,0,0,0,0,0,0,0,0,0,0,0,111300,8486,119786
"5130",80125,"South Central Adult Services","Rural Reporter","Rural","DR","TX",0,0,0,0,0,0,0,0,0,0,0,0,0,0,0,0,0
"5131",80125,"South Central Adult Services","Rural Reporter","Rural","DR","TX",0,0,0,0,0,0,0,0,0,0,0,0,0,0,90464,0,90464
"5132",80126,"City of Aberdeen","Rural Reporter","Rural","DR","DO",0,0,0,0,0,0,0,0,0,0,0,0,0,0,0,0,0
"5133",80126,"City of Aberdeen","Rural Reporter","Rural","DR","DO",0,0,0,0,0,0,0,0,0,0,0,0,0,0,87755,21838,109593
"5134",80129,"Pembina County Meals and Transportation","Rural Reporter","Rural","DR","DO",0,0,0,0,0,0,0,0,0,0,0,0,0,0,0,0,0
"5135",80129,"Pembina County Meals and Transportation","Rural Reporter","Rural","DR","DO",0,0,0,0,0,0,0,0,0,0,0,0,0,0,16563,5119,21682
"5136",80130,"Dickey County Senior Citizens","Rural Reporter","Rural","DR","DO",0,0,0,0,0,0,0,0,0,0,0,0,0,0,0,0,0
"5137",80130,"Dickey County Senior Citizens","Rural Reporter","Rural","DR","DO",0,0,0,0,0,0,0,0,0,0,0,0,0,0,2517,0,2517
"5138",80134,"Liberty County","Rural Reporter","Rural","DR","DO",0,0,0,0,0,0,0,0,0,0,0,0,0,0,0,0,0
"5139",80134,"Liberty County","Rural Reporter","Rural","DR","DO",0,0,0,0,0,0,0,0,0,0,0,0,0,0,0,0,0
"5140",80135,"Carter County","Rural Reporter","Rural","DR","DO",0,0,0,0,0,0,0,0,0,0,0,0,0,0,0,0,0
"5141",80135,"Carter County","Rural Reporter","Rural","DR","DO",0,0,0,0,0,0,0,0,0,0,0,0,0,0,6742,0,6742
"5142",80137,"Helena, City of","Reduced Reporter","Urban","DR","DO",0,0,0,0,0,0,0,0,0,0,0,0,0,0,0,0,0
"5143",80137,"Helena, City of","Reduced Reporter","Urban","DR","DO",0,0,0,0,0,0,0,0,0,0,0,0,0,0,31739,0,31739
"5144",80139,"Rosebud Health Care Center","Rural Reporter","Rural","DR","DO",0,0,0,0,0,0,0,0,0,0,0,0,0,0,0,0,0
"5145",80139,"Rosebud Health Care Center","Rural Reporter","Rural","DR","DO",0,0,0,0,0,0,0,0,0,0,0,0,0,0,3933,372,4305
"5146",80140,"University of Wyoming","Rural Reporter","Rural","DR","DO",0,0,0,0,0,0,0,0,0,0,0,0,0,0,0,0,0
"5147",80140,"University of Wyoming","Rural Reporter","Rural","DR","DO",0,0,0,0,0,0,0,0,0,0,0,0,0,0,3193,0,3193
"5148",80140,"University of Wyoming","Rural Reporter","Rural","MB","DO",0,0,0,0,0,0,0,0,0,0,0,0,0,0,0,0,0
"5149",80140,"University of Wyoming","Rural Reporter","Rural","MB","DO",0,0,0,0,0,0,0,0,0,0,0,0,0,0,0,0,0
"5150",80142,"Ravalli County Council on Aging","Rural Reporter","Rural","DR","DO",0,0,0,0,0,0,0,0,0,0,0,0,0,0,0,0,0
"5151",80142,"Ravalli County Council on Aging","Rural Reporter","Rural","DR","DO",0,0,0,0,0,0,0,0,0,0,0,0,0,0,21436,7198,28634
"5152",80144,"Liberty Place, Inc.","Rural Reporter","Rural","DR","DO",0,0,0,0,0,0,0,0,0,0,0,0,0,0,0,0,0
"5153",80144,"Liberty Place, Inc.","Rural Reporter","Rural","DR","DO",0,0,0,0,0,0,0,0,0,0,0,0,0,0,6930,5032,11962
"5154",80150,"Gunnison Valley Rural Transportation Authority","Rural Reporter","Rural","CB","PT",0,0,0,0,0,0,0,0,0,0,0,0,0,0,0,0,0
"5155",80150,"Gunnison Valley Rural Transportation Authority","Rural Reporter","Rural","CB","PT",0,0,0,0,0,0,0,0,0,0,0,0,0,0,0,0,0
"5156",80150,"Gunnison Valley Rural Transportation Authority","Rural Reporter","Rural","DR","PT",0,0,0,0,0,0,0,0,0,0,0,0,0,0,0,0,0
"5157",80150,"Gunnison Valley Rural Transportation Authority","Rural Reporter","Rural","DR","PT",0,0,0,0,0,0,0,0,0,0,0,0,0,0,0,0,0
"5158",80151,"Buffalo Senior Center Inc.","Rural Reporter","Rural","DR","DO",0,0,0,0,0,0,0,0,0,0,0,0,0,0,0,0,0
"5159",80151,"Buffalo Senior Center Inc.","Rural Reporter","Rural","DR","DO",0,0,0,0,0,0,0,0,0,0,0,0,0,0,10773,9442,20215
"5160",80152,"Nutrition United","Rural Reporter","Rural","DR","DO",0,0,0,0,0,0,0,0,0,0,0,0,0,0,0,0,0
"5161",80152,"Nutrition United","Rural Reporter","Rural","DR","DO",0,0,0,0,0,0,0,0,0,0,0,0,0,0,3751,6615,10366
"5162",80153,"People's Transit","Rural Reporter","Rural","DR","DO",0,0,0,0,0,0,0,0,0,0,0,0,0,0,0,0,0
"5163",80153,"People's Transit","Rural Reporter","Rural","DR","DO",0,0,0,0,0,0,0,0,0,0,0,0,0,0,151194,63481,214675
"5164",80154,"City of Brandon","Rural Reporter","Rural","DR","DO",0,0,0,0,0,0,0,0,0,0,0,0,0,0,0,0,0
"5165",80154,"City of Brandon","Rural Reporter","Rural","DR","DO",0,0,0,0,0,0,0,0,0,0,0,0,0,0,18424,0,18424
"5166",80155,"Eagle County","Rural Reporter","Rural","MB","DO",0,0,0,0,0,0,0,0,0,0,0,0,0,0,0,0,0
"5167",80155,"Eagle County","Rural Reporter","Rural","MB","DO",0,0,0,0,0,0,0,0,0,0,0,0,0,0,1368751,0,1368751
"5168",80159,"Mountain Express","Rural Reporter","Rural","DR","DO",0,0,0,0,0,0,0,0,0,0,0,0,0,0,0,0,0
"5169",80159,"Mountain Express","Rural Reporter","Rural","DR","DO",0,0,0,0,0,0,0,0,0,0,0,0,0,0,0,0,0
"5170",80159,"Mountain Express","Rural Reporter","Rural","DR","PT",0,0,0,0,0,0,0,0,0,0,0,0,0,0,0,0,0
"5171",80159,"Mountain Express","Rural Reporter","Rural","DR","PT",0,0,0,0,0,0,0,0,0,0,0,0,0,0,36930,0,36930
"5172",80159,"Mountain Express","Rural Reporter","Rural","MB","DO",0,0,0,0,0,0,0,0,0,0,0,0,0,0,0,0,0
"5173",80159,"Mountain Express","Rural Reporter","Rural","MB","DO",0,0,0,0,0,0,0,0,0,0,0,0,0,0,0,0,0
"5174",80160,"Williston Council for the Aging","Rural Reporter","Rural","DR","DO",0,0,0,0,0,0,0,0,0,0,0,0,0,0,0,0,0
"5175",80160,"Williston Council for the Aging","Rural Reporter","Rural","DR","DO",0,0,0,0,0,0,0,0,0,0,0,0,0,0,50601,200,50801
"5176",80161,"Summit County","Rural Reporter","Rural","CB","DO",0,0,0,0,0,0,0,0,0,0,0,0,0,0,0,0,0
"5177",80161,"Summit County","Rural Reporter","Rural","CB","DO",0,0,0,0,0,0,0,0,0,0,0,0,0,0,0,0,0
"5178",80161,"Summit County","Rural Reporter","Rural","DR","DO",0,0,0,0,0,0,0,0,0,0,0,0,0,0,0,0,0
"5179",80161,"Summit County","Rural Reporter","Rural","DR","DO",0,0,0,0,0,0,0,0,0,0,0,0,0,0,0,0,0
"5180",80161,"Summit County","Rural Reporter","Rural","MB","DO",0,0,0,0,0,0,0,0,0,0,0,0,0,0,0,0,0
"5181",80161,"Summit County","Rural Reporter","Rural","MB","DO",0,0,0,0,0,0,0,0,0,0,0,0,0,0,0,0,0
"5182",80162,"East Central Council of Local Governments","Rural Reporter","Rural","DR","DO",0,0,0,0,0,0,0,0,0,0,0,0,0,0,0,0,0
"5183",80162,"East Central Council of Local Governments","Rural Reporter","Rural","DR","DO",0,0,0,0,0,0,0,0,0,0,0,0,0,0,1539,0,1539
"5184",80163,"Campbell County Senior Citizens Association Inc","Rural Reporter","Rural","DR","DO",0,0,0,0,0,0,0,0,0,0,0,0,0,0,0,0,0
"5185",80163,"Campbell County Senior Citizens Association Inc","Rural Reporter","Rural","DR","DO",0,0,0,0,0,0,0,0,0,0,0,0,0,0,16631,9085,25716
"5186",80164,"Sanders County Council on Aging","Rural Reporter","Rural","DR","DO",0,0,0,0,0,0,0,0,0,0,0,0,0,0,0,0,0
"5187",80164,"Sanders County Council on Aging","Rural Reporter","Rural","DR","DO",0,0,0,0,0,0,0,0,0,0,0,0,0,0,19355,3350,22705
"5188",80166,"Urban Transportation District of Dawson County","Rural Reporter","Rural","DR","DO",0,0,0,0,0,0,0,0,0,0,0,0,0,0,0,0,0
"5189",80166,"Urban Transportation District of Dawson County","Rural Reporter","Rural","DR","DO",0,0,0,0,0,0,0,0,0,0,0,0,0,0,22841,0,22841
"5190",80167,"Powder River County","Rural Reporter","Rural","DR","DO",0,0,0,0,0,0,0,0,0,0,0,0,0,0,0,0,0
"5191",80167,"Powder River County","Rural Reporter","Rural","DR","DO",0,0,0,0,0,0,0,0,0,0,0,0,0,0,14145,3602,17747
"5192",80168,"Dolores County","Rural Reporter","Rural","DR","DO",0,0,0,0,0,0,0,0,0,0,0,0,0,0,0,0,0
"5193",80168,"Dolores County","Rural Reporter","Rural","DR","DO",0,0,0,0,0,0,0,0,0,0,0,0,0,0,4412,0,4412
"5194",80169,"Toole County","Rural Reporter","Rural","MB","DO",0,0,0,0,0,0,0,0,0,0,0,0,0,0,0,0,0
"5195",80169,"Toole County","Rural Reporter","Rural","MB","DO",0,0,0,0,0,0,0,0,0,0,0,0,0,0,2754,0,2754
"5196",80170,"Town of Breckenridge","Rural Reporter","Rural","MB","DO",0,0,0,0,0,0,0,0,0,0,0,0,0,0,0,0,0
"5197",80170,"Town of Breckenridge","Rural Reporter","Rural","MB","DO",0,0,0,0,0,0,0,0,0,0,0,0,0,0,0,0,0
"5198",80171,"Community Coordinated Transportation Systems","Rural Reporter","Rural","DR","DO",0,0,0,0,0,0,0,0,0,0,0,0,0,0,0,0,0
"5199",80171,"Community Coordinated Transportation Systems","Rural Reporter","Rural","DR","DO",0,0,0,0,0,0,0,0,0,0,0,0,0,0,363199,50039,413238
"5200",80172,"Lincoln County Transportation Service, Inc.","Rural Reporter","Rural","DR","DO",0,0,0,0,0,0,0,0,0,0,0,0,0,0,0,0,0
"5201",80172,"Lincoln County Transportation Service, Inc.","Rural Reporter","Rural","DR","DO",0,0,0,0,0,0,0,0,0,0,0,0,0,0,21593,12996,34589
"5202",80173,"Mineral County Pioneer Council, Inc.","Rural Reporter","Rural","DR","DO",0,0,0,0,0,0,0,0,0,0,0,0,0,0,0,0,0
"5203",80173,"Mineral County Pioneer Council, Inc.","Rural Reporter","Rural","DR","DO",0,0,0,0,0,0,0,0,0,0,0,0,0,0,2704,0,2704
"5204",80174,"Silver Bow County","Rural Reporter","Rural","DR","DO",0,0,0,0,0,0,0,0,0,0,0,0,0,0,0,0,0
"5205",80174,"Silver Bow County","Rural Reporter","Rural","DR","DO",0,0,0,0,0,0,0,0,0,0,0,0,0,0,0,0,0
"5206",80174,"Silver Bow County","Rural Reporter","Rural","MB","DO",0,0,0,0,0,0,0,0,0,0,0,0,0,0,0,0,0
"5207",80174,"Silver Bow County","Rural Reporter","Rural","MB","DO",0,0,0,0,0,0,0,0,0,0,0,0,0,0,0,0,0
"5208",80179,"City of Burlington","Rural Reporter","Rural","DR","DO",0,0,0,0,0,0,0,0,0,0,0,0,0,0,0,0,0
"5209",80179,"City of Burlington","Rural Reporter","Rural","DR","DO",0,0,0,0,0,0,0,0,0,0,0,0,0,0,2659,0,2659
"5210",80181,"Custer County","Rural Reporter","Rural","DR","DO",0,0,0,0,0,0,0,0,0,0,0,0,0,0,0,0,0
"5211",80181,"Custer County","Rural Reporter","Rural","DR","DO",0,0,0,0,0,0,0,0,0,0,0,0,0,0,16672,291,16963
"5212",80182,"Rural Office of Community Services","Rural Reporter","Rural","DR","DO",0,0,0,0,0,0,0,0,0,0,0,0,0,0,0,0,0
"5213",80182,"Rural Office of Community Services","Rural Reporter","Rural","DR","DO",0,0,0,0,0,0,0,0,0,0,0,0,0,0,228500,210877,439377
"5214",80183,"Valley County","Rural Reporter","Rural","DR","DO",0,0,0,0,0,0,0,0,0,0,0,0,0,0,0,0,0
"5215",80183,"Valley County","Rural Reporter","Rural","DR","DO",0,0,0,0,0,0,0,0,0,0,0,0,0,0,46372,0,46372
"5216",80184,"Lake County Council on Aging","Rural Reporter","Rural","DR","DO",0,0,0,0,0,0,0,0,0,0,0,0,0,0,0,0,0
"5217",80184,"Lake County Council on Aging","Rural Reporter","Rural","DR","DO",0,0,0,0,0,0,0,0,0,0,0,0,0,0,2941,877,3818
"5218",80184,"Lake County Council on Aging","Rural Reporter","Rural","DR","PT",0,0,0,0,0,0,0,0,0,0,0,0,0,0,0,0,0
"5219",80184,"Lake County Council on Aging","Rural Reporter","Rural","DR","PT",0,0,0,0,0,0,0,0,0,0,0,0,0,0,5695,0,5695
"5220",80185,"Riverton Senior Center","Rural Reporter","Rural","DR","DO",0,0,0,0,0,0,0,0,0,0,0,0,0,0,0,0,0
"5221",80185,"Riverton Senior Center","Rural Reporter","Rural","DR","DO",0,0,0,0,0,0,0,0,0,0,0,0,0,0,12485,27598,40083
"5222",80186,"City of Steamboat Springs","Rural Reporter","Rural","CB","DO",0,0,0,0,0,0,0,0,0,0,0,0,0,0,0,0,0
"5223",80186,"City of Steamboat Springs","Rural Reporter","Rural","CB","DO",0,0,0,0,0,0,0,0,0,0,0,0,0,0,168419,0,168419
"5224",80186,"City of Steamboat Springs","Rural Reporter","Rural","DR","DO",0,0,0,0,0,0,0,0,0,0,0,0,0,0,0,0,0
"5225",80186,"City of Steamboat Springs","Rural Reporter","Rural","DR","DO",0,0,0,0,0,0,0,0,0,0,0,0,0,0,0,0,0
"5226",80186,"City of Steamboat Springs","Rural Reporter","Rural","DR","PT",0,0,0,0,0,0,0,0,0,0,0,0,0,0,0,0,0
"5227",80186,"City of Steamboat Springs","Rural Reporter","Rural","DR","PT",0,0,0,0,0,0,0,0,0,0,0,0,0,0,0,0,0
"5228",80186,"City of Steamboat Springs","Rural Reporter","Rural","MB","DO",0,0,0,0,0,0,0,0,0,0,0,0,0,0,0,0,0
"5229",80186,"City of Steamboat Springs","Rural Reporter","Rural","MB","DO",0,0,0,0,0,0,0,0,0,0,0,0,0,0,0,0,0
"5230",80187,"Brookings Area Transit Authority","Rural Reporter","Rural","DR","DO",0,0,0,0,0,0,0,0,0,0,0,0,0,0,0,0,0
"5231",80187,"Brookings Area Transit Authority","Rural Reporter","Rural","DR","DO",0,0,0,0,0,0,0,0,0,0,0,0,0,0,209755,62592,272347
"5232",80188,"Southern Teton Area Rapid Transit","Rural Reporter","Rural","DR","DO",0,0,0,0,0,0,0,0,0,0,0,0,0,0,0,0,0
"5233",80188,"Southern Teton Area Rapid Transit","Rural Reporter","Rural","DR","DO",0,0,0,0,0,0,0,0,0,0,0,0,0,0,0,0,0
"5234",80188,"Southern Teton Area Rapid Transit","Rural Reporter","Rural","DR","PT",0,0,0,0,0,0,0,0,0,0,0,0,0,0,0,0,0
"5235",80188,"Southern Teton Area Rapid Transit","Rural Reporter","Rural","DR","PT",0,0,0,0,0,0,0,0,0,0,0,0,0,0,0,0,0
"5236",80188,"Southern Teton Area Rapid Transit","Rural Reporter","Rural","MB","DO",0,0,0,0,0,0,0,0,0,0,0,0,0,0,0,0,0
"5237",80188,"Southern Teton Area Rapid Transit","Rural Reporter","Rural","MB","DO",0,0,0,0,0,0,0,0,0,0,0,0,0,0,113709,0,113709
"5238",80188,"Southern Teton Area Rapid Transit","Rural Reporter","Rural","MB","PT",0,0,0,0,0,0,0,0,0,0,0,0,0,0,0,0,0
"5239",80188,"Southern Teton Area Rapid Transit","Rural Reporter","Rural","MB","PT",0,0,0,0,0,0,0,0,0,0,0,0,0,0,0,0,0
"5240",80188,"Southern Teton Area Rapid Transit","Rural Reporter","Rural","DR","DO",0,0,0,0,0,0,0,0,0,0,0,0,0,0,0,0,0
"5241",80188,"Southern Teton Area Rapid Transit","Rural Reporter","Rural","DR","DO",0,0,0,0,0,0,0,0,0,0,0,0,0,0,0,0,0
"5242",80188,"Southern Teton Area Rapid Transit","Rural Reporter","Rural","DR","PT",0,0,0,0,0,0,0,0,0,0,0,0,0,0,0,0,0
"5243",80188,"Southern Teton Area Rapid Transit","Rural Reporter","Rural","DR","PT",0,0,0,0,0,0,0,0,0,0,0,0,0,0,0,0,0
"5244",80188,"Southern Teton Area Rapid Transit","Rural Reporter","Rural","MB","DO",0,0,0,0,0,0,0,0,0,0,0,0,0,0,0,0,0
"5245",80188,"Southern Teton Area Rapid Transit","Rural Reporter","Rural","MB","DO",0,0,0,0,0,0,0,0,0,0,0,0,0,0,296228,0,296228
"5246",80188,"Southern Teton Area Rapid Transit","Rural Reporter","Rural","MB","PT",0,0,0,0,0,0,0,0,0,0,0,0,0,0,0,0,0
"5247",80188,"Southern Teton Area Rapid Transit","Rural Reporter","Rural","MB","PT",0,0,0,0,0,0,0,0,0,0,0,0,0,0,0,0,0
"5248",80189,"Southern Colorado Community Action Agency, Inc.","Rural Reporter","Rural","CB","DO",0,0,0,0,0,0,0,0,0,0,0,0,0,0,0,0,0
"5249",80189,"Southern Colorado Community Action Agency, Inc.","Rural Reporter","Rural","CB","DO",0,0,0,0,0,0,0,0,0,0,0,0,0,0,98958,0,98958
"5250",80189,"Southern Colorado Community Action Agency, Inc.","Rural Reporter","Rural","DR","DO",0,0,0,0,0,0,0,0,0,0,0,0,0,0,0,0,0
"5251",80189,"Southern Colorado Community Action Agency, Inc.","Rural Reporter","Rural","DR","DO",0,0,0,0,0,0,0,0,0,0,0,0,0,0,10988,16,11004
"5252",80189,"Southern Colorado Community Action Agency, Inc.","Rural Reporter","Rural","MB","DO",0,0,0,0,0,0,0,0,0,0,0,0,0,0,0,0,0
"5253",80189,"Southern Colorado Community Action Agency, Inc.","Rural Reporter","Rural","MB","DO",0,0,0,0,0,0,0,0,0,0,0,0,0,0,10433,254,10687
"5254",80190,"East Dakota Transit, Inc.","Rural Reporter","Rural","DR","DO",0,0,0,0,0,0,0,0,0,0,0,0,0,0,0,0,0
"5255",80190,"East Dakota Transit, Inc.","Rural Reporter","Rural","DR","DO",0,0,0,0,0,0,0,0,0,0,0,0,0,0,21110,2114,23224
"5256",80193,"Senior Citizens Council","Rural Reporter","Rural","DR","DO",0,0,0,0,0,0,0,0,0,0,0,0,0,0,0,0,0
"5257",80193,"Senior Citizens Council","Rural Reporter","Rural","DR","DO",0,0,0,0,0,0,0,0,0,0,0,0,0,0,38187,13731,51918
"5258",80193,"Senior Citizens Council","Rural Reporter","Rural","MB","DO",0,0,0,0,0,0,0,0,0,0,0,0,0,0,0,0,0
"5259",80193,"Senior Citizens Council","Rural Reporter","Rural","MB","DO",0,0,0,0,0,0,0,0,0,0,0,0,0,0,909,0,909
"5260",80196,"Kenmare Wheels & Meals","Rural Reporter","Rural","DR","DO",0,0,0,0,0,0,0,0,0,0,0,0,0,0,0,0,0
"5261",80196,"Kenmare Wheels & Meals","Rural Reporter","Rural","DR","DO",0,0,0,0,0,0,0,0,0,0,0,0,0,0,5786,460,6246
"5262",80200,"Missoula Ravalli Transportation Management Association","Rural Reporter","Rural","VP","DO",0,0,0,0,0,0,0,0,0,0,0,0,0,0,0,0,0
"5263",80200,"Missoula Ravalli Transportation Management Association","Rural Reporter","Rural","VP","DO",0,0,0,0,0,0,0,0,0,0,0,0,0,0,9013,0,9013
"5264",80201,"Montezuma County","Rural Reporter","Rural","DR","DO",0,0,0,0,0,0,0,0,0,0,0,0,0,0,0,0,0
"5265",80201,"Montezuma County","Rural Reporter","Rural","DR","DO",0,0,0,0,0,0,0,0,0,0,0,0,0,0,8883,35353,44236
"5266",80204,"Opportunity Link","Rural Reporter","Rural","MB","DO",0,0,0,0,0,0,0,0,0,0,0,0,0,0,0,0,0
"5267",80204,"Opportunity Link","Rural Reporter","Rural","MB","DO",0,0,0,0,0,0,0,0,0,0,0,0,0,0,0,0,0
"5268",80205,"Daniels Memorial Healthcare Foundation","Rural Reporter","Rural","DR","DO",0,0,0,0,0,0,0,0,0,0,0,0,0,0,0,0,0
"5269",80205,"Daniels Memorial Healthcare Foundation","Rural Reporter","Rural","DR","DO",0,0,0,0,0,0,0,0,0,0,0,0,0,0,6682,0,6682
"5270",80206,"City of Durango","Rural Reporter","Rural","DR","DO",0,0,0,0,0,0,0,0,0,0,0,0,0,0,0,0,0
"5271",80206,"City of Durango","Rural Reporter","Rural","DR","DO",0,0,0,0,0,0,0,0,0,0,0,0,0,0,4807,0,4807
"5272",80206,"City of Durango","Rural Reporter","Rural","MB","DO",0,0,0,0,0,0,0,0,0,0,0,0,0,0,0,0,0
"5273",80206,"City of Durango","Rural Reporter","Rural","MB","DO",0,0,0,0,0,0,0,0,0,0,0,0,0,0,163470,4000,167470
"5274",80211,"Town of Limon","Rural Reporter","Rural","DR","DO",0,0,0,0,0,0,0,0,0,0,0,0,0,0,0,0,0
"5275",80211,"Town of Limon","Rural Reporter","Rural","DR","DO",0,0,0,0,0,0,0,0,0,0,0,0,0,0,3633,0,3633
"5276",80216,"Converse County Aging Services","Rural Reporter","Rural","DR","DO",0,0,0,0,0,0,0,0,0,0,0,0,0,0,0,0,0
"5277",80216,"Converse County Aging Services","Rural Reporter","Rural","DR","DO",0,0,0,0,0,0,0,0,0,0,0,0,0,0,6030,0,6030
"5278",80218,"Sweetwater County Transit Authority","Rural Reporter","Rural","DR","DO",0,0,0,0,0,0,0,0,0,0,0,0,0,0,0,0,0
"5279",80218,"Sweetwater County Transit Authority","Rural Reporter","Rural","DR","DO",0,0,0,0,0,0,0,0,0,0,0,0,0,0,13151,3740,16891
"5280",80220,"Flathead County","Rural Reporter","Rural","DR","DO",0,0,0,0,0,0,0,0,0,0,0,0,0,0,0,0,0
"5281",80220,"Flathead County","Rural Reporter","Rural","DR","DO",0,0,0,0,0,0,0,0,0,0,0,0,0,0,0,0,0
"5282",80220,"Flathead County","Rural Reporter","Rural","MB","DO",0,0,0,0,0,0,0,0,0,0,0,0,0,0,0,0,0
"5283",80220,"Flathead County","Rural Reporter","Rural","MB","DO",0,0,0,0,0,0,0,0,0,0,0,0,0,0,0,4668,4668
"5284",80221,"Northeastern Colorado Association of Local Governments","Rural Reporter","Rural","DR","DO",0,0,0,0,0,0,0,0,0,0,0,0,0,0,0,0,0
"5285",80221,"Northeastern Colorado Association of Local Governments","Rural Reporter","Rural","DR","DO",0,0,0,0,0,0,0,0,0,0,0,0,0,0,95364,901087,996451
"5286",80221,"Northeastern Colorado Association of Local Governments","Rural Reporter","Rural","MB","DO",0,0,0,0,0,0,0,0,0,0,0,0,0,0,0,0,0
"5287",80221,"Northeastern Colorado Association of Local Governments","Rural Reporter","Rural","MB","DO",0,0,0,0,0,0,0,0,0,0,0,0,0,0,34347,0,34347
"5288",80223,"Lander Senior Citizens Center, Inc.","Rural Reporter","Rural","DR","DO",0,0,0,0,0,0,0,0,0,0,0,0,0,0,0,0,0
"5289",80223,"Lander Senior Citizens Center, Inc.","Rural Reporter","Rural","DR","DO",0,0,0,0,0,0,0,0,0,0,0,0,0,0,15465,9968,25433
"5290",80224,"Phillips Transit Authority","Rural Reporter","Rural","DR","DO",0,0,0,0,0,0,0,0,0,0,0,0,0,0,0,0,0
"5291",80224,"Phillips Transit Authority","Rural Reporter","Rural","DR","DO",0,0,0,0,0,0,0,0,0,0,0,0,0,0,14165,0,14165
"5292",80225,"City of La Junta","Rural Reporter","Rural","DR","DO",0,0,0,0,0,0,0,0,0,0,0,0,0,0,0,0,0
"5293",80225,"City of La Junta","Rural Reporter","Rural","DR","DO",0,0,0,0,0,0,0,0,0,0,0,0,0,0,11931,0,11931
"5294",80227,"Huerfano/Las Animas Area Council of Governments","Rural Reporter","Rural","DR","DO",0,0,0,0,0,0,0,0,0,0,0,0,0,0,0,0,0
"5295",80227,"Huerfano/Las Animas Area Council of Governments","Rural Reporter","Rural","DR","DO",0,0,0,0,0,0,0,0,0,0,0,0,0,0,0,0,0
"5296",80228,"Kidder-Emmons County Senior Services","Rural Reporter","Rural","DR","DO",0,0,0,0,0,0,0,0,0,0,0,0,0,0,0,0,0
"5297",80228,"Kidder-Emmons County Senior Services","Rural Reporter","Rural","DR","DO",0,0,0,0,0,0,0,0,0,0,0,0,0,0,4220,40,4260
"5298",80233,"Cavalier County Senior Meals & Services","Rural Reporter","Rural","DR","DO",0,0,0,0,0,0,0,0,0,0,0,0,0,0,0,0,0
"5299",80233,"Cavalier County Senior Meals & Services","Rural Reporter","Rural","DR","DO",0,0,0,0,0,0,0,0,0,0,0,0,0,0,11696,2764,14460
"5300",80235,"Human Resource Development Council District IX, Inc.","Reduced Reporter","Urban","DR","DO",0,0,0,0,0,0,0,0,0,0,0,0,0,0,0,0,0
"5301",80235,"Human Resource Development Council District IX, Inc.","Reduced Reporter","Urban","DR","DO",0,0,0,0,0,0,0,0,0,0,0,0,0,0,6715,0,6715
"5302",80235,"Human Resource Development Council District IX, Inc.","Reduced Reporter","Urban","MB","PT",0,0,0,0,0,0,0,0,0,0,0,0,0,0,0,0,0
"5303",80235,"Human Resource Development Council District IX, Inc.","Reduced Reporter","Urban","MB","PT",0,0,0,0,0,0,0,0,0,0,0,0,0,0,0,0,0
"5304",80236,"Fergus County Council on Aging","Rural Reporter","Rural","DR","DO",0,0,0,0,0,0,0,0,0,0,0,0,0,0,0,0,0
"5305",80236,"Fergus County Council on Aging","Rural Reporter","Rural","DR","DO",0,0,0,0,0,0,0,0,0,0,0,0,0,0,8758,22861,31619
"5306",80237,"Neighbor to Neighbor Volunteers","Rural Reporter","Rural","DR","DO",0,0,0,0,0,0,0,0,0,0,0,0,0,0,0,0,0
"5307",80237,"Neighbor to Neighbor Volunteers","Rural Reporter","Rural","DR","DO",0,0,0,0,0,0,0,0,0,0,0,0,0,0,6879,293811,300690
"5308",80238,"West River Transit","Rural Reporter","Rural","DR","DO",0,0,0,0,0,0,0,0,0,0,0,0,0,0,0,0,0
"5309",80238,"West River Transit","Rural Reporter","Rural","DR","DO",0,0,0,0,0,0,0,0,0,0,0,0,0,0,83281,1820,85101
"5310",80248,"Cedar City","Rural Reporter","Rural","DR","DO",0,0,0,0,0,0,0,0,0,0,0,0,0,0,0,0,0
"5311",80248,"Cedar City","Rural Reporter","Rural","DR","DO",0,0,0,0,0,0,0,0,0,0,0,0,0,0,10666,2479,13145
"5312",80248,"Cedar City","Rural Reporter","Rural","MB","DO",0,0,0,0,0,0,0,0,0,0,0,0,0,0,0,0,0
"5313",80248,"Cedar City","Rural Reporter","Rural","MB","DO",0,0,0,0,0,0,0,0,0,0,0,0,0,0,11555,609,12164
"5314",80249,"Benson County Transportation","Rural Reporter","Rural","DR","DO",0,0,0,0,0,0,0,0,0,0,0,0,0,0,0,0,0
"5315",80249,"Benson County Transportation","Rural Reporter","Rural","DR","DO",0,0,0,0,0,0,0,0,0,0,0,0,0,0,198,3690,3888
"5316",80252,"Eppson Center for Seniors","Rural Reporter","Rural","DR","DO",0,0,0,0,0,0,0,0,0,0,0,0,0,0,0,0,0
"5317",80252,"Eppson Center for Seniors","Rural Reporter","Rural","DR","DO",0,0,0,0,0,0,0,0,0,0,0,0,0,0,4488,658,5146
"5318",80253,"West River Transit Authority, Inc.","Rural Reporter","Rural","DR","DO",0,0,0,0,0,0,0,0,0,0,0,0,0,0,0,0,0
"5319",80253,"West River Transit Authority, Inc.","Rural Reporter","Rural","DR","DO",0,0,0,0,0,0,0,0,0,0,0,0,0,0,47590,41580,89170
"5320",80254,"Glen-wood, Inc.","Rural Reporter","Rural","DR","DO",0,0,0,0,0,0,0,0,0,0,0,0,0,0,0,0,0
"5321",80254,"Glen-wood, Inc.","Rural Reporter","Rural","DR","DO",0,0,0,0,0,0,0,0,0,0,0,0,0,0,18933,1426,20359
"5322",80255,"Big Sky Transportation District","Rural Reporter","Rural","DR","PT",0,0,0,0,0,0,0,0,0,0,0,0,0,0,0,0,0
"5323",80255,"Big Sky Transportation District","Rural Reporter","Rural","DR","PT",0,0,0,0,0,0,0,0,0,0,0,0,0,0,0,0,0
"5324",80255,"Big Sky Transportation District","Rural Reporter","Rural","MB","PT",0,0,0,0,0,0,0,0,0,0,0,0,0,0,0,0,0
"5325",80255,"Big Sky Transportation District","Rural Reporter","Rural","MB","PT",0,0,0,0,0,0,0,0,0,0,0,0,0,0,21823,195325,217148
"5326",80256,"Town of Mountain Village","Rural Reporter","Rural","MB","DO",0,0,0,0,0,0,0,0,0,0,0,0,0,0,0,0,0
"5327",80256,"Town of Mountain Village","Rural Reporter","Rural","MB","DO",0,0,0,0,0,0,0,0,0,0,0,0,0,0,0,0,0
"5328",80256,"Town of Mountain Village","Rural Reporter","Rural","TR","DO",0,0,0,0,0,0,0,0,0,0,0,0,0,0,0,0,0
"5329",80256,"Town of Mountain Village","Rural Reporter","Rural","TR","DO",0,0,0,0,0,0,0,0,0,0,0,0,0,0,0,0,0
"5330",80258,"City of Glenwood Springs","Rural Reporter","Rural","MB","PT",0,0,0,0,0,0,0,0,0,0,0,0,0,0,0,0,0
"5331",80258,"City of Glenwood Springs","Rural Reporter","Rural","MB","PT",0,0,0,0,0,0,0,0,0,0,0,0,0,0,0,0,0
"5332",80259,"Richland County","Rural Reporter","Rural","DR","DO",0,0,0,0,0,0,0,0,0,0,0,0,0,0,0,0,0
"5333",80259,"Richland County","Rural Reporter","Rural","DR","DO",0,0,0,0,0,0,0,0,0,0,0,0,0,0,0,0,0
"5334",80260,"Uintah Basin Association of Governments","Rural Reporter","Rural","DR","DO",0,0,0,0,0,0,0,0,0,0,0,0,0,0,0,0,0
"5335",80260,"Uintah Basin Association of Governments","Rural Reporter","Rural","DR","DO",0,0,0,0,0,0,0,0,0,0,0,0,0,0,0,0,0
"5336",80260,"Uintah Basin Association of Governments","Rural Reporter","Rural","MB","DO",0,0,0,0,0,0,0,0,0,0,0,0,0,0,0,0,0
"5337",80260,"Uintah Basin Association of Governments","Rural Reporter","Rural","MB","DO",0,0,0,0,0,0,0,0,0,0,0,0,0,0,0,0,0
"5338",80261,"Can-Do Transportation","Rural Reporter","Rural","DR","DO",0,0,0,0,0,0,0,0,0,0,0,0,0,0,0,0,0
"5339",80261,"Can-Do Transportation","Rural Reporter","Rural","DR","DO",0,0,0,0,0,0,0,0,0,0,0,0,0,0,8036,1543,9579
"5340",80262,"City of Laurel","Rural Reporter","Rural","DR","DO",0,0,0,0,0,0,0,0,0,0,0,0,0,0,0,0,0
"5341",80262,"City of Laurel","Rural Reporter","Rural","DR","DO",0,0,0,0,0,0,0,0,0,0,0,0,0,0,6853,0,6853
"5342",80263,"Town of Snowmass Village","Rural Reporter","Rural","MB","DO",0,0,0,0,0,0,0,0,0,0,0,0,0,0,0,0,0
"5343",80263,"Town of Snowmass Village","Rural Reporter","Rural","MB","DO",0,0,0,0,0,0,0,0,0,0,0,0,0,0,0,0,0
"5344",80264,"Cody Council on Aging, Inc.","Rural Reporter","Rural","DR","DO",0,0,0,0,0,0,0,0,0,0,0,0,0,0,0,0,0
"5345",80264,"Cody Council on Aging, Inc.","Rural Reporter","Rural","DR","DO",0,0,0,0,0,0,0,0,0,0,0,0,0,0,7324,447,7771
"5346",80267,"Senior Resource Development Agency, Pueblo, Inc.","Reduced Reporter","Urban","DR","DO",0,0,0,0,0,0,0,0,0,0,0,0,0,0,0,0,0
"5347",80267,"Senior Resource Development Agency, Pueblo, Inc.","Reduced Reporter","Urban","DR","DO",0,0,0,0,0,0,0,0,0,0,0,0,0,0,18603,88364,106967
"5348",80267,"Senior Resource Development Agency, Pueblo, Inc.","Reduced Reporter","Urban","MB","DO",0,0,0,0,0,0,0,0,0,0,0,0,0,0,0,0,0
"5349",80267,"Senior Resource Development Agency, Pueblo, Inc.","Reduced Reporter","Urban","MB","DO",0,0,0,0,0,0,0,0,0,0,0,0,0,0,56862,0,56862
"5350",80268,"Southwest Transportation Services","Rural Reporter","Rural","DR","DO",0,0,0,0,0,0,0,0,0,0,0,0,0,0,0,0,0
"5351",80268,"Southwest Transportation Services","Rural Reporter","Rural","DR","DO",0,0,0,0,0,0,0,0,0,0,0,0,0,0,18853,7328,26181
"5352",80269,"West Yellowstone Foundation, Inc.","Rural Reporter","Rural","DR","DO",0,0,0,0,0,0,0,0,0,0,0,0,0,0,0,0,0
"5353",80269,"West Yellowstone Foundation, Inc.","Rural Reporter","Rural","DR","DO",0,0,0,0,0,0,0,0,0,0,0,0,0,0,14375,0,14375
"5354",80270,"Golden Valley/Billings County Council On Aging","Rural Reporter","Rural","DR","DO",0,0,0,0,0,0,0,0,0,0,0,0,0,0,0,0,0
"5355",80270,"Golden Valley/Billings County Council On Aging","Rural Reporter","Rural","DR","DO",0,0,0,0,0,0,0,0,0,0,0,0,0,0,17083,1865,18948
"5356",80271,"Yankton Transit, Inc.","Rural Reporter","Rural","DR","DO",0,0,0,0,0,0,0,0,0,0,0,0,0,0,0,0,0
"5357",80271,"Yankton Transit, Inc.","Rural Reporter","Rural","DR","DO",0,0,0,0,0,0,0,0,0,0,0,0,0,0,92073,3720,95793
"5358",80274,"Canon City Golden Age Council, Inc","Rural Reporter","Rural","DR","DO",0,0,0,0,0,0,0,0,0,0,0,0,0,0,0,0,0
"5359",80274,"Canon City Golden Age Council, Inc","Rural Reporter","Rural","DR","DO",0,0,0,0,0,0,0,0,0,0,0,0,0,0,15046,103762,118808
"5360",80275,"City of Cripple Creek","Rural Reporter","Rural","DR","DO",0,0,0,0,0,0,0,0,0,0,0,0,0,0,0,0,0
"5361",80275,"City of Cripple Creek","Rural Reporter","Rural","DR","DO",0,0,0,0,0,0,0,0,0,0,0,0,0,0,0,0,0
"5362",80275,"City of Cripple Creek","Rural Reporter","Rural","MB","DO",0,0,0,0,0,0,0,0,0,0,0,0,0,0,0,0,0
"5363",80275,"City of Cripple Creek","Rural Reporter","Rural","MB","DO",0,0,0,0,0,0,0,0,0,0,0,0,0,0,0,0,0
"5364",80280,"Archuleta County","Rural Reporter","Rural","DR","DO",0,0,0,0,0,0,0,0,0,0,0,0,0,0,0,0,0
"5365",80280,"Archuleta County","Rural Reporter","Rural","DR","DO",0,0,0,0,0,0,0,0,0,0,0,0,0,0,3970,0,3970
"5366",80280,"Archuleta County","Rural Reporter","Rural","MB","DO",0,0,0,0,0,0,0,0,0,0,0,0,0,0,0,0,0
"5367",80280,"Archuleta County","Rural Reporter","Rural","MB","DO",0,0,0,0,0,0,0,0,0,0,0,0,0,0,3523,0,3523
"5368",80284,"Park City Municipal Corporation","Rural Reporter","Rural","DR","DO",0,0,0,0,0,0,0,0,0,0,0,0,0,0,0,0,0
"5369",80284,"Park City Municipal Corporation","Rural Reporter","Rural","DR","DO",0,0,0,0,0,0,0,0,0,0,0,0,0,0,0,0,0
"5370",80284,"Park City Municipal Corporation","Rural Reporter","Rural","MB","DO",0,0,0,0,0,0,0,0,0,0,0,0,0,0,0,0,0
"5371",80284,"Park City Municipal Corporation","Rural Reporter","Rural","MB","DO",0,0,0,0,0,0,0,0,0,0,0,0,0,0,6519,0,6519
"5372",80287,"Goshen County Senior Friendship Center","Rural Reporter","Rural","DR","DO",0,0,0,0,0,0,0,0,0,0,0,0,0,0,0,0,0
"5373",80287,"Goshen County Senior Friendship Center","Rural Reporter","Rural","DR","DO",0,0,0,0,0,0,0,0,0,0,0,0,0,0,2870,3027,5897
"5374",80289,"Roaring Fork Transportation Authority","Rural Reporter","Rural","CB","DO",0,0,0,0,0,0,0,0,0,0,0,0,0,0,0,0,0
"5375",80289,"Roaring Fork Transportation Authority","Rural Reporter","Rural","CB","DO",0,0,0,0,0,0,0,0,0,0,0,0,0,0,1914694,0,1914694
"5376",80289,"Roaring Fork Transportation Authority","Rural Reporter","Rural","DR","DO",0,0,0,0,0,0,0,0,0,0,0,0,0,0,0,0,0
"5377",80289,"Roaring Fork Transportation Authority","Rural Reporter","Rural","DR","DO",0,0,0,0,0,0,0,0,0,0,0,0,0,0,0,0,0
"5378",80289,"Roaring Fork Transportation Authority","Rural Reporter","Rural","MB","DO",0,0,0,0,0,0,0,0,0,0,0,0,0,0,0,0,0
"5379",80289,"Roaring Fork Transportation Authority","Rural Reporter","Rural","MB","DO",0,0,0,0,0,0,0,0,0,0,0,0,0,0,1295851,0,1295851
"5380",80289,"Roaring Fork Transportation Authority","Rural Reporter","Rural","RB","DO",0,0,0,0,0,0,0,0,0,0,0,0,0,0,0,0,0
"5381",80289,"Roaring Fork Transportation Authority","Rural Reporter","Rural","RB","DO",0,0,0,0,0,0,0,0,0,0,0,0,0,0,1731169,0,1731169
"5382",80290,"Hazen Busing Project","Rural Reporter","Rural","DR","DO",0,0,0,0,0,0,0,0,0,0,0,0,0,0,0,0,0
"5383",80290,"Hazen Busing Project","Rural Reporter","Rural","DR","DO",0,0,0,0,0,0,0,0,0,0,0,0,0,0,25721,8579,34300
"5384",80296,"Walsh County Transportation Program","Rural Reporter","Rural","DR","DO",0,0,0,0,0,0,0,0,0,0,0,0,0,0,0,0,0
"5385",80296,"Walsh County Transportation Program","Rural Reporter","Rural","DR","DO",0,0,0,0,0,0,0,0,0,0,0,0,0,0,8211,6207,14418
"5386",80298,"Community Coordinated Transportation System","Reduced Reporter","Urban","DR","DO",0,0,0,0,0,0,0,0,0,0,0,0,0,0,0,0,0
"5387",80298,"Community Coordinated Transportation System","Reduced Reporter","Urban","DR","DO",0,0,0,0,0,0,0,0,0,0,0,0,0,0,210920,561468,772388
"5388",80299,"Silver Key Senior Services, Inc","Reduced Reporter","Urban","DR","DO",0,0,0,0,0,0,0,0,0,0,0,0,0,0,0,0,0
"5389",80299,"Silver Key Senior Services, Inc","Reduced Reporter","Urban","DR","DO",0,0,0,0,0,0,0,0,0,0,0,0,0,0,73756,0,73756
"5390",80302,"Souris Basin Transit","Reduced Reporter","Urban","DR","DO",0,0,0,0,0,0,0,0,0,0,0,0,0,0,0,0,0
"5391",80302,"Souris Basin Transit","Reduced Reporter","Urban","DR","DO",0,0,0,0,0,0,0,0,0,0,0,0,0,0,170540,30105,200645
"5392",80303,"City of Minot","Reduced Reporter","Urban","MB","DO",0,0,0,0,0,0,0,0,0,0,0,0,0,0,0,0,0
"5393",80303,"City of Minot","Reduced Reporter","Urban","MB","DO",0,0,0,0,0,0,0,0,0,0,0,0,0,0,68731,0,68731
"5394",80304,"Services for Seniors, Inc.","Rural Reporter","Rural","DR","DO",0,0,0,0,0,0,0,0,0,0,0,0,0,0,0,0,0
"5395",80304,"Services for Seniors, Inc.","Rural Reporter","Rural","DR","DO",0,0,0,0,0,0,0,0,0,0,0,0,0,0,3144,0,3144
"5396",88116,"Northern Cheyenne Tribe","Reduced Reporter","Tribe","MB","DO",0,0,0,0,0,0,0,0,0,0,0,0,0,0,0,0,0
"5397",88116,"Northern Cheyenne Tribe","Reduced Reporter","Tribe","MB","DO",0,0,0,0,0,0,0,0,0,0,0,0,0,0,0,0,0
"5398",88122,"Oglala Sioux Tribe","Reduced Reporter","Tribe","MB","DO",0,0,0,0,0,0,0,0,0,0,0,0,0,0,0,0,0
"5399",88122,"Oglala Sioux Tribe","Reduced Reporter","Tribe","MB","DO",0,0,0,0,0,0,0,0,0,0,0,0,0,0,29024,0,29024
"5400",88128,"Spirit Lake Tribe","Reduced Reporter","Tribe","DR","DO",0,0,0,0,0,0,0,0,0,0,0,0,0,0,0,0,0
"5401",88128,"Spirit Lake Tribe","Reduced Reporter","Tribe","DR","DO",0,0,0,0,0,0,0,0,0,0,0,0,0,0,5779,0,5779
"5402",88134,"Confederated Salish and Kootenai Tribes","Reduced Reporter","Tribe","CB","DO",0,0,0,0,0,0,0,0,0,0,0,0,0,0,0,0,0
"5403",88134,"Confederated Salish and Kootenai Tribes","Reduced Reporter","Tribe","CB","DO",0,0,0,0,0,0,0,0,0,0,0,0,0,0,31720,3500,35220
"5404",88134,"Confederated Salish and Kootenai Tribes","Reduced Reporter","Tribe","DR","DO",0,0,0,0,0,0,0,0,0,0,0,0,0,0,0,0,0
"5405",88134,"Confederated Salish and Kootenai Tribes","Reduced Reporter","Tribe","DR","DO",0,0,0,0,0,0,0,0,0,0,0,0,0,0,10678,558,11236
"5406",88140,"Sitting Bull College","Reduced Reporter","Tribe","DR","DO",0,0,0,0,0,0,0,0,0,0,0,0,0,0,0,0,0
"5407",88140,"Sitting Bull College","Reduced Reporter","Tribe","DR","DO",0,0,0,0,0,0,0,0,0,0,0,0,0,0,33415,4034,37449
"5408",88146,"Turtle Mountain Band of Chippewa Indian","Reduced Reporter","Tribe","DR","DO",0,0,0,0,0,0,0,0,0,0,0,0,0,0,0,0,0
"5409",88146,"Turtle Mountain Band of Chippewa Indian","Reduced Reporter","Tribe","DR","DO",0,0,0,0,0,0,0,0,0,0,0,0,0,0,0,0,0
"5410",88152,"Blackfeet Nation","Reduced Reporter","Tribe","DR","DO",0,0,0,0,0,0,0,0,0,0,0,0,0,0,0,0,0
"5411",88152,"Blackfeet Nation","Reduced Reporter","Tribe","DR","DO",0,0,0,0,0,0,0,0,0,0,0,0,0,0,14655,0,14655
"5412",88158,"Cheyenne River Sioux Tribe","Reduced Reporter","Tribe","DR","PT",0,0,0,0,0,0,0,0,0,0,0,0,0,0,0,0,0
"5413",88158,"Cheyenne River Sioux Tribe","Reduced Reporter","Tribe","DR","PT",0,0,0,0,0,0,0,0,0,0,0,0,0,0,17818,6502,24320
"5414",88164,"Chippewa Cree Tribe","Reduced Reporter","Tribe","DR","DO",0,0,0,0,0,0,0,0,0,0,0,0,0,0,0,0,0
"5415",88164,"Chippewa Cree Tribe","Reduced Reporter","Tribe","DR","DO",0,0,0,0,0,0,0,0,0,0,0,0,0,0,0,0,0
"5416",88164,"Chippewa Cree Tribe","Reduced Reporter","Tribe","MB","DO",0,0,0,0,0,0,0,0,0,0,0,0,0,0,0,0,0
"5417",88164,"Chippewa Cree Tribe","Reduced Reporter","Tribe","MB","DO",0,0,0,0,0,0,0,0,0,0,0,0,0,0,0,0,0
"5418",88170,"Fort Belknap Indian Community","Reduced Reporter","Tribe","MB","DO",0,0,0,0,0,0,0,0,0,0,0,0,0,0,0,0,0
"5419",88170,"Fort Belknap Indian Community","Reduced Reporter","Tribe","MB","DO",0,0,0,0,0,0,0,0,0,0,0,0,0,0,0,0,0
"5420",88176,"Lower Brule Sioux Tribe","Reduced Reporter","Tribe","DR","DO",0,0,0,0,0,0,0,0,0,0,0,0,0,0,0,0,0
"5421",88176,"Lower Brule Sioux Tribe","Reduced Reporter","Tribe","DR","DO",0,0,0,0,0,0,0,0,0,0,0,0,0,0,585,0,585
"5422",88182,"Rosebud Sioux Tribe","Reduced Reporter","Tribe","DR","DO",0,0,0,0,0,0,0,0,0,0,0,0,0,0,0,0,0
"5423",88182,"Rosebud Sioux Tribe","Reduced Reporter","Tribe","DR","DO",0,0,0,0,0,0,0,0,0,0,0,0,0,0,109871,0,109871
"5424",88188,"Crow Tribe of Indians","Reduced Reporter","Tribe","DR","DO",0,0,0,0,0,0,0,0,0,0,0,0,0,0,0,0,0
"5425",88188,"Crow Tribe of Indians","Reduced Reporter","Tribe","DR","DO",0,0,0,0,0,0,0,0,0,0,0,0,0,0,0,0,0
"5426",88188,"Crow Tribe of Indians","Reduced Reporter","Tribe","MB","DO",0,0,0,0,0,0,0,0,0,0,0,0,0,0,0,0,0
"5427",88188,"Crow Tribe of Indians","Reduced Reporter","Tribe","MB","DO",0,0,0,0,0,0,0,0,0,0,0,0,0,0,0,0,0
"5428",88194,"Yankton Sioux Tribe","Reduced Reporter","Tribe","DR","DO",0,0,0,0,0,0,0,0,0,0,0,0,0,0,0,0,0
"5429",88194,"Yankton Sioux Tribe","Reduced Reporter","Tribe","DR","DO",0,0,0,0,0,0,0,0,0,0,0,0,0,0,270,0,270
"5430",88194,"Yankton Sioux Tribe","Reduced Reporter","Tribe","MB","DO",0,0,0,0,0,0,0,0,0,0,0,0,0,0,0,0,0
"5431",88194,"Yankton Sioux Tribe","Reduced Reporter","Tribe","MB","DO",0,0,0,0,0,0,0,0,0,0,0,0,0,0,4243,0,4243
"5432",88200,"Ute Tribe","Reduced Reporter","Tribe","DR","DO",0,0,0,0,0,0,0,0,0,0,0,0,0,0,0,0,0
"5433",88200,"Ute Tribe","Reduced Reporter","Tribe","DR","DO",0,0,0,0,0,0,0,0,0,0,0,0,0,0,154,0,154
"5434",88200,"Ute Tribe","Reduced Reporter","Tribe","MB","DO",0,0,0,0,0,0,0,0,0,0,0,0,0,0,0,0,0
"5435",88200,"Ute Tribe","Reduced Reporter","Tribe","MB","DO",0,0,0,0,0,0,0,0,0,0,0,0,0,0,63,0,63
"5436",88201,"Sisseton-Wahpeton Oyate","Reduced Reporter","Tribe","DR","PT",0,0,0,0,0,0,0,0,0,0,0,0,0,0,0,0,0
"5437",88201,"Sisseton-Wahpeton Oyate","Reduced Reporter","Tribe","DR","PT",0,0,0,0,0,0,0,0,0,0,0,0,0,0,25547,0,25547
"5438",88215,"Montrose County Senior Citizens Transportation, Inc.","Rural Reporter","Rural","DR","DO",0,0,0,0,0,0,0,0,0,0,0,0,0,0,0,0,0
"5439",88215,"Montrose County Senior Citizens Transportation, Inc.","Rural Reporter","Rural","DR","DO",0,0,0,0,0,0,0,0,0,0,0,0,0,0,5153,351110,356263
"5440",88215,"Montrose County Senior Citizens Transportation, Inc.","Rural Reporter","Rural","MB","DO",0,0,0,0,0,0,0,0,0,0,0,0,0,0,0,0,0
"5441",88215,"Montrose County Senior Citizens Transportation, Inc.","Rural Reporter","Rural","MB","DO",0,0,0,0,0,0,0,0,0,0,0,0,0,0,21791,14882,36673
"5442",88216,"City of Dillon","Rural Reporter","Rural","DR","DO",0,0,0,0,0,0,0,0,0,0,0,0,0,0,0,0,0
"5443",88216,"City of Dillon","Rural Reporter","Rural","DR","DO",0,0,0,0,0,0,0,0,0,0,0,0,0,0,0,0,0
"5444",88217,"Fallon County","Rural Reporter","Rural","DR","DO",0,0,0,0,0,0,0,0,0,0,0,0,0,0,0,0,0
"5445",88217,"Fallon County","Rural Reporter","Rural","DR","DO",0,0,0,0,0,0,0,0,0,0,0,0,0,0,6106,52,6158
"5446",88218,"Powell County","Rural Reporter","Rural","DR","DO",0,0,0,0,0,0,0,0,0,0,0,0,0,0,0,0,0
"5447",88218,"Powell County","Rural Reporter","Rural","DR","DO",0,0,0,0,0,0,0,0,0,0,0,0,0,0,11144,300,11444
"5448",88219,"Powell Senior Citizens A-Go Go, Inc.","Rural Reporter","Rural","DR","DO",0,0,0,0,0,0,0,0,0,0,0,0,0,0,0,0,0
"5449",88219,"Powell Senior Citizens A-Go Go, Inc.","Rural Reporter","Rural","DR","DO",0,0,0,0,0,0,0,0,0,0,0,0,0,0,3630,5674,9304
"5450",88222,"Wildrose Public Transportation","Rural Reporter","Rural","DR","DO",0,0,0,0,0,0,0,0,0,0,0,0,0,0,0,0,0
"5451",88222,"Wildrose Public Transportation","Rural Reporter","Rural","DR","DO",0,0,0,0,0,0,0,0,0,0,0,0,0,0,3338,10345,13683
"5452",88224,"Washakie County Senior Citizens Center","Rural Reporter","Rural","DR","DO",0,0,0,0,0,0,0,0,0,0,0,0,0,0,0,0,0
"5453",88224,"Washakie County Senior Citizens Center","Rural Reporter","Rural","DR","DO",0,0,0,0,0,0,0,0,0,0,0,0,0,0,6450,2028,8478
"5454",88225,"Town of Winter Park","Rural Reporter","Rural","CB","PT",0,0,0,0,0,0,0,0,0,0,0,0,0,0,0,0,0
"5455",88225,"Town of Winter Park","Rural Reporter","Rural","CB","PT",0,0,0,0,0,0,0,0,0,0,0,0,0,0,0,0,0
"5456",88225,"Town of Winter Park","Rural Reporter","Rural","DR","PT",0,0,0,0,0,0,0,0,0,0,0,0,0,0,0,0,0
"5457",88225,"Town of Winter Park","Rural Reporter","Rural","DR","PT",0,0,0,0,0,0,0,0,0,0,0,0,0,0,0,0,0
"5458",88225,"Town of Winter Park","Rural Reporter","Rural","MB","PT",0,0,0,0,0,0,0,0,0,0,0,0,0,0,0,0,0
"5459",88225,"Town of Winter Park","Rural Reporter","Rural","MB","PT",0,0,0,0,0,0,0,0,0,0,0,0,0,0,0,0,0
"5460",88226,"Town of Telluride","Rural Reporter","Rural","MB","DO",0,0,0,0,0,0,0,0,0,0,0,0,0,0,0,0,0
"5461",88226,"Town of Telluride","Rural Reporter","Rural","MB","DO",0,0,0,0,0,0,0,0,0,0,0,0,0,0,0,0,0
"5462",88228,"Town of Avon","Rural Reporter","Rural","MB","DO",0,0,0,0,0,0,0,0,0,0,0,0,0,0,0,0,0
"5463",88228,"Town of Avon","Rural Reporter","Rural","MB","DO",0,0,0,0,0,0,0,0,0,0,0,0,0,0,0,0,0
"5464",88230,"Teller Senior Coalition","Rural Reporter","Rural","DR","DO",0,0,0,0,0,0,0,0,0,0,0,0,0,0,0,0,0
"5465",88230,"Teller Senior Coalition","Rural Reporter","Rural","DR","DO",0,0,0,0,0,0,0,0,0,0,0,0,0,0,665,153974,154639
"5466",88230,"Teller Senior Coalition","Rural Reporter","Rural","MB","DO",0,0,0,0,0,0,0,0,0,0,0,0,0,0,0,0,0
"5467",88230,"Teller Senior Coalition","Rural Reporter","Rural","MB","DO",0,0,0,0,0,0,0,0,0,0,0,0,0,0,0,0,0
"5468",88239,"High Valley Transit District","Rural Reporter","Rural","DR","PT",0,0,0,0,0,0,0,0,0,0,0,0,0,0,0,0,0
"5469",88239,"High Valley Transit District","Rural Reporter","Rural","DR","PT",0,0,0,0,0,0,0,0,0,0,0,0,0,0,0,0,0
"5470",88239,"High Valley Transit District","Rural Reporter","Rural","MB","PT",0,0,0,0,0,0,0,0,0,0,0,0,0,0,0,0,0
"5471",88239,"High Valley Transit District","Rural Reporter","Rural","MB","PT",0,0,0,0,0,0,0,0,0,0,0,0,0,0,0,0,0
"5472",88281,"Town of Estes Park","Rural Reporter","Rural","MB","PT",0,0,0,0,0,0,0,0,0,0,0,0,0,0,0,0,0
"5473",88281,"Town of Estes Park","Rural Reporter","Rural","MB","PT",0,0,0,0,0,0,0,0,0,0,0,0,0,0,0,0,0
"5474",88288,"Disability Services, Inc.","Reduced Reporter","Urban","DR","DO",0,0,0,0,0,0,0,0,0,0,0,0,0,0,0,0,0
"5475",88288,"Disability Services, Inc.","Reduced Reporter","Urban","DR","DO",0,0,0,0,0,0,0,0,0,0,0,0,0,0,0,0,0
"5476",88288,"Disability Services, Inc.","Reduced Reporter","Urban","MB","DO",0,0,0,0,0,0,0,0,0,0,0,0,0,0,0,0,0
"5477",88288,"Disability Services, Inc.","Reduced Reporter","Urban","MB","DO",0,0,0,0,0,0,0,0,0,0,0,0,0,0,0,0,0
"5478",88293,"Park County","Rural Reporter","Rural","MB","DO",0,0,0,0,0,0,0,0,0,0,0,0,0,0,0,0,0
"5479",88293,"Park County","Rural Reporter","Rural","MB","DO",0,0,0,0,0,0,0,0,0,0,0,0,0,0,0,0,0
"5480",88294,"San Miguel Authority for Regional Transportation","Rural Reporter","Rural","CB","PT",0,0,0,0,0,0,0,0,0,0,0,0,0,0,0,0,0
"5481",88294,"San Miguel Authority for Regional Transportation","Rural Reporter","Rural","CB","PT",0,0,0,0,0,0,0,0,0,0,0,0,0,0,52689,0,52689
"5482",88294,"San Miguel Authority for Regional Transportation","Rural Reporter","Rural","MB","PT",0,0,0,0,0,0,0,0,0,0,0,0,0,0,0,0,0
"5483",88294,"San Miguel Authority for Regional Transportation","Rural Reporter","Rural","MB","PT",0,0,0,0,0,0,0,0,0,0,0,0,0,0,0,0,0
"5484",88294,"San Miguel Authority for Regional Transportation","Rural Reporter","Rural","VP","DO",0,0,0,0,0,0,0,0,0,0,0,0,0,0,0,0,0
"5485",88294,"San Miguel Authority for Regional Transportation","Rural Reporter","Rural","VP","DO",0,0,0,0,0,0,0,0,0,0,0,0,0,0,22810,0,22810
"5486",88296,"Butte Silver Bow County Council on Aging","Rural Reporter","Rural","DR","DO",0,0,0,0,0,0,0,0,0,0,0,0,0,0,0,0,0
"5487",88296,"Butte Silver Bow County Council on Aging","Rural Reporter","Rural","DR","DO",0,0,0,0,0,0,0,0,0,0,0,0,0,0,0,0,0
"5488",88297,"Community Transit of Watertown/Sisseton, Inc.","Rural Reporter","Rural","DR","DO",0,0,0,0,0,0,0,0,0,0,0,0,0,0,0,0,0
"5489",88297,"Community Transit of Watertown/Sisseton, Inc.","Rural Reporter","Rural","DR","DO",0,0,0,0,0,0,0,0,0,0,0,0,0,0,257947,243424,501371
"5490",88298,"Town of Vail","Rural Reporter","Rural","DR","DO",0,0,0,0,0,0,0,0,0,0,0,0,0,0,0,0,0
"5491",88298,"Town of Vail","Rural Reporter","Rural","DR","DO",0,0,0,0,0,0,0,0,0,0,0,0,0,0,0,0,0
"5492",88298,"Town of Vail","Rural Reporter","Rural","MB","DO",0,0,0,0,0,0,0,0,0,0,0,0,0,0,0,0,0
"5493",88298,"Town of Vail","Rural Reporter","Rural","MB","DO",0,0,0,0,0,0,0,0,0,0,0,0,0,0,0,0,0
"5494",88299,"Clear Creek County","Rural Reporter","Rural","MB","DO",0,0,0,0,0,0,0,0,0,0,0,0,0,0,0,0,0
"5495",88299,"Clear Creek County","Rural Reporter","Rural","MB","DO",0,0,0,0,0,0,0,0,0,0,0,0,0,0,560,150,710
"5496",88303,"Red Lodge Area Community Foundation","Rural Reporter","Rural","DR","DO",0,0,0,0,0,0,0,0,0,0,0,0,0,0,0,0,0
"5497",88303,"Red Lodge Area Community Foundation","Rural Reporter","Rural","DR","DO",0,0,0,0,0,0,0,0,0,0,0,0,0,0,0,0,0
"5498",90002,"City and County of Honolulu","Full Reporter","Urban","DR","TX",0,0,0,0,0,0,0,0,0,0,0,0,0,0,104459,0,104459
"5499",90003,"San Francisco Bay Area Rapid Transit District","Full Reporter","Urban","DR","PT",0,0,0,0,0,0,0,0,0,0,0,0,0,0,504938,0,504938
"5500",90005,"Navajo Nation","Reduced Reporter","Tribe","CB","DO",0,0,0,0,0,0,0,0,0,0,0,0,0,0,0,0,0
"5501",90005,"Navajo Nation","Reduced Reporter","Tribe","CB","DO",0,0,0,0,0,0,0,0,0,0,0,0,0,0,0,0,0
"5502",90008,"City of Santa Monica","Full Reporter","Urban","DR","TN",0,0,0,0,0,0,0,0,0,0,0,0,0,0,7229,0,7229
"5503",90009,"San Mateo County Transit District","Full Reporter","Urban","DR","TX",0,0,0,0,0,0,0,0,0,0,0,0,0,0,58482,0,58482
"5504",90010,"City of Torrance","Full Reporter","Urban","DR","TX",0,0,0,0,0,0,0,0,0,0,0,0,0,0,65158,0,65158
"5505",90011,"Reno-Sparks Indian Colony","Reduced Reporter","Tribe","MB","DO",0,0,0,0,0,0,0,0,0,0,0,0,0,0,0,0,0
"5506",90011,"Reno-Sparks Indian Colony","Reduced Reporter","Tribe","MB","DO",0,0,0,0,0,0,0,0,0,0,0,0,0,0,0,0,0
"5507",90019,"Sacramento Regional Transit District","Full Reporter","Urban","DR","TN",0,0,0,0,0,0,0,0,0,0,0,0,0,0,116558,0,116558
"5508",90026,"San Diego Metropolitan Transit System","Full Reporter","Urban","DR","TX",0,0,0,0,0,0,0,0,0,0,0,0,0,0,232152,99175,331327
"5509",90036,"Orange County Transportation Authority","Full Reporter","Urban","DR","TX",0,0,0,0,0,0,0,0,0,0,0,0,0,0,786288,195428,981716
"5510",90041,"City of Montebello","Full Reporter","Urban","DR","TX",0,0,0,0,0,0,0,0,0,0,0,0,0,0,31389,0,31389
"5511",90044,"City of Arcadia","Reduced Reporter","Urban","DR","PT",0,0,0,0,0,0,0,0,0,0,0,0,0,0,0,0,0
"5512",90044,"City of Arcadia","Reduced Reporter","Urban","DR","PT",0,0,0,0,0,0,0,0,0,0,0,0,0,0,4342,0,4342
"5513",90044,"City of Arcadia","Reduced Reporter","Urban","MB","PT",0,0,0,0,0,0,0,0,0,0,0,0,0,0,0,0,0
"5514",90044,"City of Arcadia","Reduced Reporter","Urban","MB","PT",0,0,0,0,0,0,0,0,0,0,0,0,0,0,2553,0,2553
"5515",90050,"City of Simi Valley","Reduced Reporter","Urban","DR","DO",0,0,0,0,0,0,0,0,0,0,0,0,0,0,0,0,0
"5516",90050,"City of Simi Valley","Reduced Reporter","Urban","DR","DO",0,0,0,0,0,0,0,0,0,0,0,0,0,0,48519,17502,66021
"5517",90050,"City of Simi Valley","Reduced Reporter","Urban","MB","DO",0,0,0,0,0,0,0,0,0,0,0,0,0,0,0,0,0
"5518",90050,"City of Simi Valley","Reduced Reporter","Urban","MB","DO",0,0,0,0,0,0,0,0,0,0,0,0,0,0,127826,71681,199507
"5519",90052,"City of Corona","Reduced Reporter","Urban","DR","PT",0,0,0,0,0,0,0,0,0,0,0,0,0,0,0,0,0
"5520",90052,"City of Corona","Reduced Reporter","Urban","DR","PT",0,0,0,0,0,0,0,0,0,0,0,0,0,0,13361,117,13478
"5521",90052,"City of Corona","Reduced Reporter","Urban","MB","PT",0,0,0,0,0,0,0,0,0,0,0,0,0,0,0,0,0
"5522",90052,"City of Corona","Reduced Reporter","Urban","MB","PT",0,0,0,0,0,0,0,0,0,0,0,0,0,0,18423,168,18591
"5523",90061,"Yuba-Sutter Transit Authority","Reduced Reporter","Urban","CB","PT",0,0,0,0,0,0,0,0,0,0,0,0,0,0,0,0,0
"5524",90061,"Yuba-Sutter Transit Authority","Reduced Reporter","Urban","CB","PT",0,0,0,0,0,0,0,0,0,0,0,0,0,0,35630,159551,195181
"5525",90061,"Yuba-Sutter Transit Authority","Reduced Reporter","Urban","DR","PT",0,0,0,0,0,0,0,0,0,0,0,0,0,0,0,0,0
"5526",90061,"Yuba-Sutter Transit Authority","Reduced Reporter","Urban","DR","PT",0,0,0,0,0,0,0,0,0,0,0,0,0,0,35739,101399,137138
"5527",90061,"Yuba-Sutter Transit Authority","Reduced Reporter","Urban","MB","PT",0,0,0,0,0,0,0,0,0,0,0,0,0,0,0,0,0
"5528",90061,"Yuba-Sutter Transit Authority","Reduced Reporter","Urban","MB","PT",0,0,0,0,0,0,0,0,0,0,0,0,0,0,209739,311238,520977
"5529",90062,"Monterey-Salinas Transit","Full Reporter","Urban","DR","TX",0,0,0,0,0,0,0,0,0,0,0,0,0,0,20220,0,20220
"5530",90093,"Redding Area Bus Authority","Reduced Reporter","Urban","DR","PT",0,0,0,0,0,0,0,0,0,0,0,0,0,0,0,0,0
"5531",90093,"Redding Area Bus Authority","Reduced Reporter","Urban","DR","PT",0,0,0,0,0,0,0,0,0,0,0,0,0,0,83054,0,83054
"5532",90093,"Redding Area Bus Authority","Reduced Reporter","Urban","MB","PT",0,0,0,0,0,0,0,0,0,0,0,0,0,0,0,0,0
"5533",90093,"Redding Area Bus Authority","Reduced Reporter","Urban","MB","PT",0,0,0,0,0,0,0,0,0,0,0,0,0,0,555251,67000,622251
"5534",90119,"City of Laguna Beach","Reduced Reporter","Urban","DR","PT",0,0,0,0,0,0,0,0,0,0,0,0,0,0,0,0,0
"5535",90119,"City of Laguna Beach","Reduced Reporter","Urban","DR","PT",0,0,0,0,0,0,0,0,0,0,0,0,0,0,0,0,0
"5536",90119,"City of Laguna Beach","Reduced Reporter","Urban","MB","PT",0,0,0,0,0,0,0,0,0,0,0,0,0,0,0,0,0
"5537",90119,"City of Laguna Beach","Reduced Reporter","Urban","MB","PT",0,0,0,0,0,0,0,0,0,0,0,0,0,0,0,0,0
"5538",90136,"Regional Public Transportation Authority","Full Reporter","Urban","DR","TX",0,0,0,0,0,0,0,0,0,0,0,0,0,0,328790,0,328790
"5539",90144,"Livermore / Amador Valley Transit Authority","Full Reporter","Urban","DR","PT",0,0,0,0,0,0,0,0,0,0,0,0,0,0,105302,35232,140534
"5540",90147,"City of Los Angeles","Full Reporter","Urban","DR","TX",0,0,0,0,0,0,0,0,0,0,0,0,0,0,184190,0,184190
"5541",90149,"City of Lompoc","Reduced Reporter","Urban","DR","PT",0,0,0,0,0,0,0,0,0,0,0,0,0,0,0,0,0
"5542",90149,"City of Lompoc","Reduced Reporter","Urban","DR","PT",0,0,0,0,0,0,0,0,0,0,0,0,0,0,24616,0,24616
"5543",90149,"City of Lompoc","Reduced Reporter","Urban","MB","PT",0,0,0,0,0,0,0,0,0,0,0,0,0,0,0,0,0
"5544",90149,"City of Lompoc","Reduced Reporter","Urban","MB","PT",0,0,0,0,0,0,0,0,0,0,0,0,0,0,72784,0,72784
"5545",90155,"City of Vacaville","Reduced Reporter","Urban","DR","PT",0,0,0,0,0,0,0,0,0,0,0,0,0,0,0,0,0
"5546",90155,"City of Vacaville","Reduced Reporter","Urban","DR","PT",0,0,0,0,0,0,0,0,0,0,0,0,0,0,24117,0,24117
"5547",90155,"City of Vacaville","Reduced Reporter","Urban","MB","PT",0,0,0,0,0,0,0,0,0,0,0,0,0,0,0,0,0
"5548",90155,"City of Vacaville","Reduced Reporter","Urban","MB","PT",0,0,0,0,0,0,0,0,0,0,0,0,0,0,163949,0,163949
"5549",90157,"Access Services","Full Reporter","Urban","DR","TX",0,0,0,0,0,0,0,0,0,0,0,0,0,0,2228490,0,2228490
"5550",90161,"City of Union City","Reduced Reporter","Urban","DR","PT",0,0,0,0,0,0,0,0,0,0,0,0,0,0,0,0,0
"5551",90161,"City of Union City","Reduced Reporter","Urban","DR","PT",0,0,0,0,0,0,0,0,0,0,0,0,0,0,37186,0,37186
"5552",90161,"City of Union City","Reduced Reporter","Urban","MB","PT",0,0,0,0,0,0,0,0,0,0,0,0,0,0,0,0,0
"5553",90161,"City of Union City","Reduced Reporter","Urban","MB","PT",0,0,0,0,0,0,0,0,0,0,0,0,0,0,240064,0,240064
"5554",90162,"The Eastern Contra Costa Transit Authority","Full Reporter","Urban","DR","TN",0,0,0,0,0,0,0,0,0,0,0,0,0,0,139738,0,139738
"5555",90163,"City of Camarillo","Reduced Reporter","Urban","DR","PT",0,0,0,0,0,0,0,0,0,0,0,0,0,0,0,0,0
"5556",90163,"City of Camarillo","Reduced Reporter","Urban","DR","PT",0,0,0,0,0,0,0,0,0,0,0,0,0,0,91769,0,91769
"5557",90163,"City of Camarillo","Reduced Reporter","Urban","MB","PT",0,0,0,0,0,0,0,0,0,0,0,0,0,0,0,0,0
"5558",90163,"City of Camarillo","Reduced Reporter","Urban","MB","PT",0,0,0,0,0,0,0,0,0,0,0,0,0,0,16665,2247,18912
"5559",90165,"City of Thousand Oaks","Reduced Reporter","Urban","DR","PT",0,0,0,0,0,0,0,0,0,0,0,0,0,0,0,0,0
"5560",90165,"City of Thousand Oaks","Reduced Reporter","Urban","DR","PT",0,0,0,0,0,0,0,0,0,0,0,0,0,0,132300,0,132300
"5561",90165,"City of Thousand Oaks","Reduced Reporter","Urban","MB","PT",0,0,0,0,0,0,0,0,0,0,0,0,0,0,0,0,0
"5562",90165,"City of Thousand Oaks","Reduced Reporter","Urban","MB","PT",0,0,0,0,0,0,0,0,0,0,0,0,0,0,152132,0,152132
"5563",90167,"City of Davis","Reduced Reporter","Urban","DR","DO",0,0,0,0,0,0,0,0,0,0,0,0,0,0,0,0,0
"5564",90167,"City of Davis","Reduced Reporter","Urban","DR","DO",0,0,0,0,0,0,0,0,0,0,0,0,0,0,32427,0,32427
"5565",90168,"City of Roseville","Reduced Reporter","Urban","CB","PT",0,0,0,0,0,0,0,0,0,0,0,0,0,0,0,0,0
"5566",90168,"City of Roseville","Reduced Reporter","Urban","CB","PT",0,0,0,0,0,0,0,0,0,0,0,0,0,0,124496,0,124496
"5567",90168,"City of Roseville","Reduced Reporter","Urban","DR","PT",0,0,0,0,0,0,0,0,0,0,0,0,0,0,0,0,0
"5568",90168,"City of Roseville","Reduced Reporter","Urban","DR","PT",0,0,0,0,0,0,0,0,0,0,0,0,0,0,55478,15879,71357
"5569",90168,"City of Roseville","Reduced Reporter","Urban","MB","PT",0,0,0,0,0,0,0,0,0,0,0,0,0,0,0,0,0
"5570",90168,"City of Roseville","Reduced Reporter","Urban","MB","PT",0,0,0,0,0,0,0,0,0,0,0,0,0,0,117070,845,117915
"5571",90175,"City of Lodi","Reduced Reporter","Urban","DR","PT",0,0,0,0,0,0,0,0,0,0,0,0,0,0,0,0,0
"5572",90175,"City of Lodi","Reduced Reporter","Urban","DR","PT",0,0,0,0,0,0,0,0,0,0,0,0,0,0,30910,0,30910
"5573",90175,"City of Lodi","Reduced Reporter","Urban","MB","PT",0,0,0,0,0,0,0,0,0,0,0,0,0,0,0,0,0
"5574",90175,"City of Lodi","Reduced Reporter","Urban","MB","PT",0,0,0,0,0,0,0,0,0,0,0,0,0,0,67453,0,67453
"5575",90191,"Town of Oro Valley","Reduced Reporter","Urban","DR","DO",0,0,0,0,0,0,0,0,0,0,0,0,0,0,0,0,0
"5576",90191,"Town of Oro Valley","Reduced Reporter","Urban","DR","DO",0,0,0,0,0,0,0,0,0,0,0,0,0,0,0,0,0
"5577",90194,"City of Atascadero","Reduced Reporter","Urban","DR","PT",0,0,0,0,0,0,0,0,0,0,0,0,0,0,0,0,0
"5578",90194,"City of Atascadero","Reduced Reporter","Urban","DR","PT",0,0,0,0,0,0,0,0,0,0,0,0,0,0,21588,0,21588
"5579",90197,"City of Tracy","Reduced Reporter","Urban","DR","PT",0,0,0,0,0,0,0,0,0,0,0,0,0,0,0,0,0
"5580",90197,"City of Tracy","Reduced Reporter","Urban","DR","PT",0,0,0,0,0,0,0,0,0,0,0,0,0,0,25464,0,25464
"5581",90197,"City of Tracy","Reduced Reporter","Urban","MB","PT",0,0,0,0,0,0,0,0,0,0,0,0,0,0,0,0,0
"5582",90197,"City of Tracy","Reduced Reporter","Urban","MB","PT",0,0,0,0,0,0,0,0,0,0,0,0,0,0,49292,52129,101421
"5583",90199,"City of Madera","Reduced Reporter","Urban","DR","PT",0,0,0,0,0,0,0,0,0,0,0,0,0,0,0,0,0
"5584",90199,"City of Madera","Reduced Reporter","Urban","DR","PT",0,0,0,0,0,0,0,0,0,0,0,0,0,0,904,0,904
"5585",90199,"City of Madera","Reduced Reporter","Urban","MB","PT",0,0,0,0,0,0,0,0,0,0,0,0,0,0,0,0,0
"5586",90199,"City of Madera","Reduced Reporter","Urban","MB","PT",0,0,0,0,0,0,0,0,0,0,0,0,0,0,0,0,0
"5587",90215,"Carson Area Metropolitan Planning Organization","Reduced Reporter","Urban","DR","PT",0,0,0,0,0,0,0,0,0,0,0,0,0,0,0,0,0
"5588",90215,"Carson Area Metropolitan Planning Organization","Reduced Reporter","Urban","DR","PT",0,0,0,0,0,0,0,0,0,0,0,0,0,0,13646,17765,31411
"5589",90215,"Carson Area Metropolitan Planning Organization","Reduced Reporter","Urban","MB","PT",0,0,0,0,0,0,0,0,0,0,0,0,0,0,0,0,0
"5590",90215,"Carson Area Metropolitan Planning Organization","Reduced Reporter","Urban","MB","PT",0,0,0,0,0,0,0,0,0,0,0,0,0,0,45254,0,45254
"5591",90216,"County of Sacramento Municipal Services Agency","Reduced Reporter","Urban","CB","PT",0,0,0,0,0,0,0,0,0,0,0,0,0,0,0,0,0
"5592",90216,"County of Sacramento Municipal Services Agency","Reduced Reporter","Urban","CB","PT",0,0,0,0,0,0,0,0,0,0,0,0,0,0,60023,0,60023
"5593",90216,"County of Sacramento Municipal Services Agency","Reduced Reporter","Urban","DR","PT",0,0,0,0,0,0,0,0,0,0,0,0,0,0,0,0,0
"5594",90216,"County of Sacramento Municipal Services Agency","Reduced Reporter","Urban","DR","PT",0,0,0,0,0,0,0,0,0,0,0,0,0,0,44053,0,44053
"5595",90216,"County of Sacramento Municipal Services Agency","Reduced Reporter","Urban","MB","PT",0,0,0,0,0,0,0,0,0,0,0,0,0,0,0,0,0
"5596",90216,"County of Sacramento Municipal Services Agency","Reduced Reporter","Urban","MB","PT",0,0,0,0,0,0,0,0,0,0,0,0,0,0,4194,0,4194
"5597",90217,"City of Manteca","Reduced Reporter","Urban","DR","PT",0,0,0,0,0,0,0,0,0,0,0,0,0,0,0,0,0
"5598",90217,"City of Manteca","Reduced Reporter","Urban","DR","PT",0,0,0,0,0,0,0,0,0,0,0,0,0,0,15870,0,15870
"5599",90217,"City of Manteca","Reduced Reporter","Urban","MB","PT",0,0,0,0,0,0,0,0,0,0,0,0,0,0,0,0,0
"5600",90217,"City of Manteca","Reduced Reporter","Urban","MB","PT",0,0,0,0,0,0,0,0,0,0,0,0,0,0,31933,0,31933
"5601",90227,"City of Moorpark","Reduced Reporter","Urban","MB","PT",0,0,0,0,0,0,0,0,0,0,0,0,0,0,0,0,0
"5602",90227,"City of Moorpark","Reduced Reporter","Urban","MB","PT",0,0,0,0,0,0,0,0,0,0,0,0,0,0,28231,0,28231
"5603",90229,"El Dorado County Transit Authority","Reduced Reporter","Urban","CB","DO",0,0,0,0,0,0,0,0,0,0,0,0,0,0,0,0,0
"5604",90229,"El Dorado County Transit Authority","Reduced Reporter","Urban","CB","DO",0,0,0,0,0,0,0,0,0,0,0,0,0,0,135357,0,135357
"5605",90229,"El Dorado County Transit Authority","Reduced Reporter","Urban","DR","DO",0,0,0,0,0,0,0,0,0,0,0,0,0,0,0,0,0
"5606",90229,"El Dorado County Transit Authority","Reduced Reporter","Urban","DR","DO",0,0,0,0,0,0,0,0,0,0,0,0,0,0,40573,149249,189822
"5607",90229,"El Dorado County Transit Authority","Reduced Reporter","Urban","MB","DO",0,0,0,0,0,0,0,0,0,0,0,0,0,0,0,0,0
"5608",90229,"El Dorado County Transit Authority","Reduced Reporter","Urban","MB","DO",0,0,0,0,0,0,0,0,0,0,0,0,0,0,111564,0,111564
"5609",90237,"County of Kaua'i","Rural Reporter","Rural","DR","DO",0,0,0,0,0,0,0,0,0,0,0,0,0,0,0,0,0
"5610",90237,"County of Kaua'i","Rural Reporter","Rural","DR","DO",0,0,0,0,0,0,0,0,0,0,0,0,0,0,95437,67697,163134
"5611",90237,"County of Kaua'i","Rural Reporter","Rural","MB","DO",0,0,0,0,0,0,0,0,0,0,0,0,0,0,0,0,0
"5612",90237,"County of Kaua'i","Rural Reporter","Rural","MB","DO",0,0,0,0,0,0,0,0,0,0,0,0,0,0,761496,89559,851055
"5613",90238,"City of Delano","Reduced Reporter","Urban","DR","DO",0,0,0,0,0,0,0,0,0,0,0,0,0,0,0,0,0
"5614",90238,"City of Delano","Reduced Reporter","Urban","DR","DO",0,0,0,0,0,0,0,0,0,0,0,0,0,0,0,27981,27981
"5615",90238,"City of Delano","Reduced Reporter","Urban","MB","DO",0,0,0,0,0,0,0,0,0,0,0,0,0,0,0,0,0
"5616",90238,"City of Delano","Reduced Reporter","Urban","MB","DO",0,0,0,0,0,0,0,0,0,0,0,0,0,0,0,0,0
"5617",90239,"City of Sierra Vista","Reduced Reporter","Urban","DR","DO",0,0,0,0,0,0,0,0,0,0,0,0,0,0,0,0,0
"5618",90239,"City of Sierra Vista","Reduced Reporter","Urban","DR","DO",0,0,0,0,0,0,0,0,0,0,0,0,0,0,10133,0,10133
"5619",90239,"City of Sierra Vista","Reduced Reporter","Urban","MB","DO",0,0,0,0,0,0,0,0,0,0,0,0,0,0,0,0,0
"5620",90239,"City of Sierra Vista","Reduced Reporter","Urban","MB","DO",0,0,0,0,0,0,0,0,0,0,0,0,0,0,24808,0,24808
"5621",90243,"Easy Lift Transportation","Reduced Reporter","Urban","DR","DO",0,0,0,0,0,0,0,0,0,0,0,0,0,0,0,0,0
"5622",90243,"Easy Lift Transportation","Reduced Reporter","Urban","DR","DO",0,0,0,0,0,0,0,0,0,0,0,0,0,0,145443,1060788,1206231
"5623",90246,"City of Agoura Hills","Reduced Reporter","Urban","DR","PT",0,0,0,0,0,0,0,0,0,0,0,0,0,0,0,0,0
"5624",90246,"City of Agoura Hills","Reduced Reporter","Urban","DR","PT",0,0,0,0,0,0,0,0,0,0,0,0,0,0,4176,0,4176
"5625",90247,"City of Alhambra","Reduced Reporter","Urban","DR","PT",0,0,0,0,0,0,0,0,0,0,0,0,0,0,0,0,0
"5626",90247,"City of Alhambra","Reduced Reporter","Urban","DR","PT",0,0,0,0,0,0,0,0,0,0,0,0,0,0,0,0,0
"5627",90247,"City of Alhambra","Reduced Reporter","Urban","MB","PT",0,0,0,0,0,0,0,0,0,0,0,0,0,0,0,0,0
"5628",90247,"City of Alhambra","Reduced Reporter","Urban","MB","PT",0,0,0,0,0,0,0,0,0,0,0,0,0,0,50711,0,50711
"5629",90249,"City of Avalon","Reduced Reporter","Urban","DR","PT",0,0,0,0,0,0,0,0,0,0,0,0,0,0,0,0,0
"5630",90249,"City of Avalon","Reduced Reporter","Urban","DR","PT",0,0,0,0,0,0,0,0,0,0,0,0,0,0,18538,0,18538
"5631",90249,"City of Avalon","Reduced Reporter","Urban","MB","PT",0,0,0,0,0,0,0,0,0,0,0,0,0,0,0,0,0
"5632",90249,"City of Avalon","Reduced Reporter","Urban","MB","PT",0,0,0,0,0,0,0,0,0,0,0,0,0,0,63717,0,63717
"5633",90250,"City of Azusa","Reduced Reporter","Urban","DR","DO",0,0,0,0,0,0,0,0,0,0,0,0,0,0,0,0,0
"5634",90250,"City of Azusa","Reduced Reporter","Urban","DR","DO",0,0,0,0,0,0,0,0,0,0,0,0,0,0,5819,0,5819
"5635",90251,"City of Baldwin Park","Reduced Reporter","Urban","DR","PT",0,0,0,0,0,0,0,0,0,0,0,0,0,0,0,0,0
"5636",90251,"City of Baldwin Park","Reduced Reporter","Urban","DR","PT",0,0,0,0,0,0,0,0,0,0,0,0,0,0,2777,0,2777
"5637",90251,"City of Baldwin Park","Reduced Reporter","Urban","MB","PT",0,0,0,0,0,0,0,0,0,0,0,0,0,0,0,0,0
"5638",90251,"City of Baldwin Park","Reduced Reporter","Urban","MB","PT",0,0,0,0,0,0,0,0,0,0,0,0,0,0,35130,0,35130
"5639",90252,"City of Bell","Reduced Reporter","Urban","DR","PT",0,0,0,0,0,0,0,0,0,0,0,0,0,0,0,0,0
"5640",90252,"City of Bell","Reduced Reporter","Urban","DR","PT",0,0,0,0,0,0,0,0,0,0,0,0,0,0,0,0,0
"5641",90252,"City of Bell","Reduced Reporter","Urban","DR","TX",0,0,0,0,0,0,0,0,0,0,0,0,0,0,0,0,0
"5642",90252,"City of Bell","Reduced Reporter","Urban","DR","TX",0,0,0,0,0,0,0,0,0,0,0,0,0,0,1312,0,1312
"5643",90252,"City of Bell","Reduced Reporter","Urban","MB","PT",0,0,0,0,0,0,0,0,0,0,0,0,0,0,0,0,0
"5644",90252,"City of Bell","Reduced Reporter","Urban","MB","PT",0,0,0,0,0,0,0,0,0,0,0,0,0,0,7960,0,7960
"5645",90253,"City of Bell Gardens","Reduced Reporter","Urban","DR","PT",0,0,0,0,0,0,0,0,0,0,0,0,0,0,0,0,0
"5646",90253,"City of Bell Gardens","Reduced Reporter","Urban","DR","PT",0,0,0,0,0,0,0,0,0,0,0,0,0,0,4774,0,4774
"5647",90253,"City of Bell Gardens","Reduced Reporter","Urban","MB","PT",0,0,0,0,0,0,0,0,0,0,0,0,0,0,0,0,0
"5648",90253,"City of Bell Gardens","Reduced Reporter","Urban","MB","PT",0,0,0,0,0,0,0,0,0,0,0,0,0,0,33740,0,33740
"5649",90254,"City of Bellflower","Reduced Reporter","Urban","DR","PT",0,0,0,0,0,0,0,0,0,0,0,0,0,0,0,0,0
"5650",90254,"City of Bellflower","Reduced Reporter","Urban","DR","PT",0,0,0,0,0,0,0,0,0,0,0,0,0,0,3393,0,3393
"5651",90254,"City of Bellflower","Reduced Reporter","Urban","MB","PT",0,0,0,0,0,0,0,0,0,0,0,0,0,0,0,0,0
"5652",90254,"City of Bellflower","Reduced Reporter","Urban","MB","PT",0,0,0,0,0,0,0,0,0,0,0,0,0,0,12446,0,12446
"5653",90255,"City of Beverly Hills","Reduced Reporter","Urban","DR","PT",0,0,0,0,0,0,0,0,0,0,0,0,0,0,0,0,0
"5654",90255,"City of Beverly Hills","Reduced Reporter","Urban","DR","PT",0,0,0,0,0,0,0,0,0,0,0,0,0,0,0,0,0
"5655",90256,"City of Burbank","Reduced Reporter","Urban","DR","DO",0,0,0,0,0,0,0,0,0,0,0,0,0,0,0,0,0
"5656",90256,"City of Burbank","Reduced Reporter","Urban","DR","DO",0,0,0,0,0,0,0,0,0,0,0,0,0,0,6648,0,6648
"5657",90256,"City of Burbank","Reduced Reporter","Urban","MB","PT",0,0,0,0,0,0,0,0,0,0,0,0,0,0,0,0,0
"5658",90256,"City of Burbank","Reduced Reporter","Urban","MB","PT",0,0,0,0,0,0,0,0,0,0,0,0,0,0,112941,0,112941
"5659",90257,"City of Calabasas","Reduced Reporter","Urban","DR","PT",0,0,0,0,0,0,0,0,0,0,0,0,0,0,0,0,0
"5660",90257,"City of Calabasas","Reduced Reporter","Urban","DR","PT",0,0,0,0,0,0,0,0,0,0,0,0,0,0,9425,0,9425
"5661",90257,"City of Calabasas","Reduced Reporter","Urban","MB","PT",0,0,0,0,0,0,0,0,0,0,0,0,0,0,0,0,0
"5662",90257,"City of Calabasas","Reduced Reporter","Urban","MB","PT",0,0,0,0,0,0,0,0,0,0,0,0,0,0,13027,0,13027
"5663",90258,"City of Carson","Reduced Reporter","Urban","DR","TN",0,0,0,0,0,0,0,0,0,0,0,0,0,0,0,0,0
"5664",90258,"City of Carson","Reduced Reporter","Urban","DR","TN",0,0,0,0,0,0,0,0,0,0,0,0,0,0,45769,0,45769
"5665",90258,"City of Carson","Reduced Reporter","Urban","DR","TX",0,0,0,0,0,0,0,0,0,0,0,0,0,0,0,0,0
"5666",90258,"City of Carson","Reduced Reporter","Urban","DR","TX",0,0,0,0,0,0,0,0,0,0,0,0,0,0,39720,0,39720
"5667",90258,"City of Carson","Reduced Reporter","Urban","MB","DO",0,0,0,0,0,0,0,0,0,0,0,0,0,0,0,0,0
"5668",90258,"City of Carson","Reduced Reporter","Urban","MB","DO",0,0,0,0,0,0,0,0,0,0,0,0,0,0,308,0,308
"5669",90259,"City of Cerritos","Reduced Reporter","Urban","DR","PT",0,0,0,0,0,0,0,0,0,0,0,0,0,0,0,0,0
"5670",90259,"City of Cerritos","Reduced Reporter","Urban","DR","PT",0,0,0,0,0,0,0,0,0,0,0,0,0,0,8831,0,8831
"5671",90259,"City of Cerritos","Reduced Reporter","Urban","MB","PT",0,0,0,0,0,0,0,0,0,0,0,0,0,0,0,0,0
"5672",90259,"City of Cerritos","Reduced Reporter","Urban","MB","PT",0,0,0,0,0,0,0,0,0,0,0,0,0,0,13881,0,13881
"5673",90260,"City of Compton","Reduced Reporter","Urban","DR","DO",0,0,0,0,0,0,0,0,0,0,0,0,0,0,0,0,0
"5674",90260,"City of Compton","Reduced Reporter","Urban","DR","DO",0,0,0,0,0,0,0,0,0,0,0,0,0,0,0,0,0
"5675",90260,"City of Compton","Reduced Reporter","Urban","MB","PT",0,0,0,0,0,0,0,0,0,0,0,0,0,0,0,0,0
"5676",90260,"City of Compton","Reduced Reporter","Urban","MB","PT",0,0,0,0,0,0,0,0,0,0,0,0,0,0,25623,0,25623
"5677",90261,"City of Covina","Reduced Reporter","Urban","DR","PT",0,0,0,0,0,0,0,0,0,0,0,0,0,0,0,0,0
"5678",90261,"City of Covina","Reduced Reporter","Urban","DR","PT",0,0,0,0,0,0,0,0,0,0,0,0,0,0,7208,0,7208
"5679",90262,"City of Cudahy","Reduced Reporter","Urban","DR","TX",0,0,0,0,0,0,0,0,0,0,0,0,0,0,0,0,0
"5680",90262,"City of Cudahy","Reduced Reporter","Urban","DR","TX",0,0,0,0,0,0,0,0,0,0,0,0,0,0,2235,0,2235
"5681",90262,"City of Cudahy","Reduced Reporter","Urban","MB","PT",0,0,0,0,0,0,0,0,0,0,0,0,0,0,0,0,0
"5682",90262,"City of Cudahy","Reduced Reporter","Urban","MB","PT",0,0,0,0,0,0,0,0,0,0,0,0,0,0,0,0,0
"5683",90263,"City of Downey","Reduced Reporter","Urban","DR","PT",0,0,0,0,0,0,0,0,0,0,0,0,0,0,0,0,0
"5684",90263,"City of Downey","Reduced Reporter","Urban","DR","PT",0,0,0,0,0,0,0,0,0,0,0,0,0,0,0,0,0
"5685",90263,"City of Downey","Reduced Reporter","Urban","MB","PT",0,0,0,0,0,0,0,0,0,0,0,0,0,0,0,0,0
"5686",90263,"City of Downey","Reduced Reporter","Urban","MB","PT",0,0,0,0,0,0,0,0,0,0,0,0,0,0,0,0,0
"5687",90265,"City of El Monte","Reduced Reporter","Urban","DR","DO",0,0,0,0,0,0,0,0,0,0,0,0,0,0,0,0,0
"5688",90265,"City of El Monte","Reduced Reporter","Urban","DR","DO",0,0,0,0,0,0,0,0,0,0,0,0,0,0,0,0,0
"5689",90265,"City of El Monte","Reduced Reporter","Urban","DR","PT",0,0,0,0,0,0,0,0,0,0,0,0,0,0,0,0,0
"5690",90265,"City of El Monte","Reduced Reporter","Urban","DR","PT",0,0,0,0,0,0,0,0,0,0,0,0,0,0,7954,0,7954
"5691",90265,"City of El Monte","Reduced Reporter","Urban","MB","DO",0,0,0,0,0,0,0,0,0,0,0,0,0,0,0,0,0
"5692",90265,"City of El Monte","Reduced Reporter","Urban","MB","DO",0,0,0,0,0,0,0,0,0,0,0,0,0,0,4870,0,4870
"5693",90265,"City of El Monte","Reduced Reporter","Urban","MB","PT",0,0,0,0,0,0,0,0,0,0,0,0,0,0,0,0,0
"5694",90265,"City of El Monte","Reduced Reporter","Urban","MB","PT",0,0,0,0,0,0,0,0,0,0,0,0,0,0,82841,0,82841
"5695",90266,"City of Glendora","Reduced Reporter","Urban","DR","PT",0,0,0,0,0,0,0,0,0,0,0,0,0,0,0,0,0
"5696",90266,"City of Glendora","Reduced Reporter","Urban","DR","PT",0,0,0,0,0,0,0,0,0,0,0,0,0,0,4498,0,4498
"5697",90266,"City of Glendora","Reduced Reporter","Urban","MB","PT",0,0,0,0,0,0,0,0,0,0,0,0,0,0,0,0,0
"5698",90266,"City of Glendora","Reduced Reporter","Urban","MB","PT",0,0,0,0,0,0,0,0,0,0,0,0,0,0,5205,0,5205
"5699",90267,"City of Huntington Park","Reduced Reporter","Urban","DR","TX",0,0,0,0,0,0,0,0,0,0,0,0,0,0,0,0,0
"5700",90267,"City of Huntington Park","Reduced Reporter","Urban","DR","TX",0,0,0,0,0,0,0,0,0,0,0,0,0,0,30890,0,30890
"5701",90267,"City of Huntington Park","Reduced Reporter","Urban","MB","PT",0,0,0,0,0,0,0,0,0,0,0,0,0,0,0,0,0
"5702",90267,"City of Huntington Park","Reduced Reporter","Urban","MB","PT",0,0,0,0,0,0,0,0,0,0,0,0,0,0,18467,0,18467
"5703",90268,"City of Inglewood","Reduced Reporter","Urban","DR","DO",0,0,0,0,0,0,0,0,0,0,0,0,0,0,0,0,0
"5704",90268,"City of Inglewood","Reduced Reporter","Urban","DR","DO",0,0,0,0,0,0,0,0,0,0,0,0,0,0,0,0,0
"5705",90268,"City of Inglewood","Reduced Reporter","Urban","MB","DO",0,0,0,0,0,0,0,0,0,0,0,0,0,0,0,0,0
"5706",90268,"City of Inglewood","Reduced Reporter","Urban","MB","DO",0,0,0,0,0,0,0,0,0,0,0,0,0,0,0,0,0
"5707",90269,"Los Angeles County","Reduced Reporter","Urban","MB","PT",0,0,0,0,0,0,0,0,0,0,0,0,0,0,0,0,0
"5708",90269,"Los Angeles County","Reduced Reporter","Urban","MB","PT",0,0,0,0,0,0,0,0,0,0,0,0,0,0,6074,0,6074
"5709",90270,"Los Angeles County","Reduced Reporter","Urban","MB","PT",0,0,0,0,0,0,0,0,0,0,0,0,0,0,0,0,0
"5710",90270,"Los Angeles County","Reduced Reporter","Urban","MB","PT",0,0,0,0,0,0,0,0,0,0,0,0,0,0,3390,0,3390
"5711",90271,"Los Angeles County","Reduced Reporter","Urban","DR","PT",0,0,0,0,0,0,0,0,0,0,0,0,0,0,0,0,0
"5712",90271,"Los Angeles County","Reduced Reporter","Urban","DR","PT",0,0,0,0,0,0,0,0,0,0,0,0,0,0,3260,0,3260
"5713",90271,"Los Angeles County","Reduced Reporter","Urban","MB","PT",0,0,0,0,0,0,0,0,0,0,0,0,0,0,0,0,0
"5714",90271,"Los Angeles County","Reduced Reporter","Urban","MB","PT",0,0,0,0,0,0,0,0,0,0,0,0,0,0,43560,0,43560
"5715",90272,"Los Angeles County","Reduced Reporter","Urban","MB","PT",0,0,0,0,0,0,0,0,0,0,0,0,0,0,0,0,0
"5716",90272,"Los Angeles County","Reduced Reporter","Urban","MB","PT",0,0,0,0,0,0,0,0,0,0,0,0,0,0,3318,0,3318
"5717",90273,"Los Angeles County","Reduced Reporter","Urban","MB","PT",0,0,0,0,0,0,0,0,0,0,0,0,0,0,0,0,0
"5718",90273,"Los Angeles County","Reduced Reporter","Urban","MB","PT",0,0,0,0,0,0,0,0,0,0,0,0,0,0,20918,0,20918
"5719",90274,"Los Angeles County","Reduced Reporter","Urban","MB","PT",0,0,0,0,0,0,0,0,0,0,0,0,0,0,0,0,0
"5720",90274,"Los Angeles County","Reduced Reporter","Urban","MB","PT",0,0,0,0,0,0,0,0,0,0,0,0,0,0,0,0,0
"5721",90275,"Los Angeles County","Reduced Reporter","Urban","MB","PT",0,0,0,0,0,0,0,0,0,0,0,0,0,0,0,0,0
"5722",90275,"Los Angeles County","Reduced Reporter","Urban","MB","PT",0,0,0,0,0,0,0,0,0,0,0,0,0,0,6647,0,6647
"5723",90276,"Los Angeles County","Reduced Reporter","Urban","MB","PT",0,0,0,0,0,0,0,0,0,0,0,0,0,0,0,0,0
"5724",90276,"Los Angeles County","Reduced Reporter","Urban","MB","PT",0,0,0,0,0,0,0,0,0,0,0,0,0,0,12975,0,12975
"5725",90277,"Los Angeles County","Reduced Reporter","Urban","DR","PT",0,0,0,0,0,0,0,0,0,0,0,0,0,0,0,0,0
"5726",90277,"Los Angeles County","Reduced Reporter","Urban","DR","PT",0,0,0,0,0,0,0,0,0,0,0,0,0,0,8119,0,8119
"5727",90278,"Los Angeles County","Reduced Reporter","Urban","MB","PT",0,0,0,0,0,0,0,0,0,0,0,0,0,0,0,0,0
"5728",90278,"Los Angeles County","Reduced Reporter","Urban","MB","PT",0,0,0,0,0,0,0,0,0,0,0,0,0,0,3640,0,3640
"5729",90279,"Los Angeles County","Reduced Reporter","Urban","DR","PT",0,0,0,0,0,0,0,0,0,0,0,0,0,0,0,0,0
"5730",90279,"Los Angeles County","Reduced Reporter","Urban","DR","PT",0,0,0,0,0,0,0,0,0,0,0,0,0,0,1626,0,1626
"5731",90281,"City of Lynwood","Reduced Reporter","Urban","MB","PT",0,0,0,0,0,0,0,0,0,0,0,0,0,0,0,0,0
"5732",90281,"City of Lynwood","Reduced Reporter","Urban","MB","PT",0,0,0,0,0,0,0,0,0,0,0,0,0,0,25416,0,25416
"5733",90282,"City of Malibu","Reduced Reporter","Urban","DR","PT",0,0,0,0,0,0,0,0,0,0,0,0,0,0,0,0,0
"5734",90282,"City of Malibu","Reduced Reporter","Urban","DR","PT",0,0,0,0,0,0,0,0,0,0,0,0,0,0,703,0,703
"5735",90283,"City of Manhattan Beach","Reduced Reporter","Urban","DR","DO",0,0,0,0,0,0,0,0,0,0,0,0,0,0,0,0,0
"5736",90283,"City of Manhattan Beach","Reduced Reporter","Urban","DR","DO",0,0,0,0,0,0,0,0,0,0,0,0,0,0,2354,0,2354
"5737",90284,"City of Maywood","Reduced Reporter","Urban","DR","PT",0,0,0,0,0,0,0,0,0,0,0,0,0,0,0,0,0
"5738",90284,"City of Maywood","Reduced Reporter","Urban","DR","PT",0,0,0,0,0,0,0,0,0,0,0,0,0,0,0,0,0
"5739",90284,"City of Maywood","Reduced Reporter","Urban","MB","PT",0,0,0,0,0,0,0,0,0,0,0,0,0,0,0,0,0
"5740",90284,"City of Maywood","Reduced Reporter","Urban","MB","PT",0,0,0,0,0,0,0,0,0,0,0,0,0,0,0,0,0
"5741",90285,"City of Monrovia","Reduced Reporter","Urban","DR","PT",0,0,0,0,0,0,0,0,0,0,0,0,0,0,0,0,0
"5742",90285,"City of Monrovia","Reduced Reporter","Urban","DR","PT",0,0,0,0,0,0,0,0,0,0,0,0,0,0,3910,0,3910
"5743",90286,"City of Monterey Park","Reduced Reporter","Urban","DR","DO",0,0,0,0,0,0,0,0,0,0,0,0,0,0,0,0,0
"5744",90286,"City of Monterey Park","Reduced Reporter","Urban","DR","DO",0,0,0,0,0,0,0,0,0,0,0,0,0,0,0,0,0
"5745",90286,"City of Monterey Park","Reduced Reporter","Urban","MB","PT",0,0,0,0,0,0,0,0,0,0,0,0,0,0,0,0,0
"5746",90286,"City of Monterey Park","Reduced Reporter","Urban","MB","PT",0,0,0,0,0,0,0,0,0,0,0,0,0,0,4137,0,4137
"5747",90287,"Palos Verdes Peninsula Transit Authority","Reduced Reporter","Urban","DR","TX",0,0,0,0,0,0,0,0,0,0,0,0,0,0,0,0,0
"5748",90287,"Palos Verdes Peninsula Transit Authority","Reduced Reporter","Urban","DR","TX",0,0,0,0,0,0,0,0,0,0,0,0,0,0,8047,0,8047
"5749",90287,"Palos Verdes Peninsula Transit Authority","Reduced Reporter","Urban","MB","PT",0,0,0,0,0,0,0,0,0,0,0,0,0,0,0,0,0
"5750",90287,"Palos Verdes Peninsula Transit Authority","Reduced Reporter","Urban","MB","PT",0,0,0,0,0,0,0,0,0,0,0,0,0,0,200574,0,200574
"5751",90288,"City of Pico Rivera","Reduced Reporter","Urban","DR","PT",0,0,0,0,0,0,0,0,0,0,0,0,0,0,0,0,0
"5752",90288,"City of Pico Rivera","Reduced Reporter","Urban","DR","PT",0,0,0,0,0,0,0,0,0,0,0,0,0,0,0,0,0
"5753",90289,"City of Rosemead","Reduced Reporter","Urban","DR","PT",0,0,0,0,0,0,0,0,0,0,0,0,0,0,0,0,0
"5754",90289,"City of Rosemead","Reduced Reporter","Urban","DR","PT",0,0,0,0,0,0,0,0,0,0,0,0,0,0,3174,0,3174
"5755",90289,"City of Rosemead","Reduced Reporter","Urban","MB","PT",0,0,0,0,0,0,0,0,0,0,0,0,0,0,0,0,0
"5756",90289,"City of Rosemead","Reduced Reporter","Urban","MB","PT",0,0,0,0,0,0,0,0,0,0,0,0,0,0,8031,0,8031
"5757",90290,"City of Santa Fe Springs","Reduced Reporter","Urban","DR","DO",0,0,0,0,0,0,0,0,0,0,0,0,0,0,0,0,0
"5758",90290,"City of Santa Fe Springs","Reduced Reporter","Urban","DR","DO",0,0,0,0,0,0,0,0,0,0,0,0,0,0,0,0,0
"5759",90291,"City of South Gate","Reduced Reporter","Urban","DR","TX",0,0,0,0,0,0,0,0,0,0,0,0,0,0,0,0,0
"5760",90291,"City of South Gate","Reduced Reporter","Urban","DR","TX",0,0,0,0,0,0,0,0,0,0,0,0,0,0,51988,0,51988
"5761",90291,"City of South Gate","Reduced Reporter","Urban","MB","PT",0,0,0,0,0,0,0,0,0,0,0,0,0,0,0,0,0
"5762",90291,"City of South Gate","Reduced Reporter","Urban","MB","PT",0,0,0,0,0,0,0,0,0,0,0,0,0,0,18035,0,18035
"5763",90292,"City of South Pasadena","Reduced Reporter","Urban","DR","DO",0,0,0,0,0,0,0,0,0,0,0,0,0,0,0,0,0
"5764",90292,"City of South Pasadena","Reduced Reporter","Urban","DR","DO",0,0,0,0,0,0,0,0,0,0,0,0,0,0,3059,0,3059
"5765",90293,"City of West Covina","Reduced Reporter","Urban","DR","PT",0,0,0,0,0,0,0,0,0,0,0,0,0,0,0,0,0
"5766",90293,"City of West Covina","Reduced Reporter","Urban","DR","PT",0,0,0,0,0,0,0,0,0,0,0,0,0,0,3252,0,3252
"5767",90293,"City of West Covina","Reduced Reporter","Urban","MB","PT",0,0,0,0,0,0,0,0,0,0,0,0,0,0,0,0,0
"5768",90293,"City of West Covina","Reduced Reporter","Urban","MB","PT",0,0,0,0,0,0,0,0,0,0,0,0,0,0,15415,0,15415
"5769",90294,"City of West Hollywood","Reduced Reporter","Urban","DR","PT",0,0,0,0,0,0,0,0,0,0,0,0,0,0,0,0,0
"5770",90294,"City of West Hollywood","Reduced Reporter","Urban","DR","PT",0,0,0,0,0,0,0,0,0,0,0,0,0,0,0,0,0
"5771",90294,"City of West Hollywood","Reduced Reporter","Urban","MB","PT",0,0,0,0,0,0,0,0,0,0,0,0,0,0,0,0,0
"5772",90294,"City of West Hollywood","Reduced Reporter","Urban","MB","PT",0,0,0,0,0,0,0,0,0,0,0,0,0,0,0,0,0
"5773",90295,"City of Whittier","Reduced Reporter","Urban","DR","PT",0,0,0,0,0,0,0,0,0,0,0,0,0,0,0,0,0
"5774",90295,"City of Whittier","Reduced Reporter","Urban","DR","PT",0,0,0,0,0,0,0,0,0,0,0,0,0,0,19524,0,19524
"5775",90296,"City of Claremont","Reduced Reporter","Urban","DR","PT",0,0,0,0,0,0,0,0,0,0,0,0,0,0,0,0,0
"5776",90296,"City of Claremont","Reduced Reporter","Urban","DR","PT",0,0,0,0,0,0,0,0,0,0,0,0,0,0,6913,0,6913
"5777",90296,"City of Claremont","Reduced Reporter","Urban","DR","TX",0,0,0,0,0,0,0,0,0,0,0,0,0,0,0,0,0
"5778",90296,"City of Claremont","Reduced Reporter","Urban","DR","TX",0,0,0,0,0,0,0,0,0,0,0,0,0,0,3542,0,3542
"5779",90298,"County of Ventura","Reduced Reporter","Urban","MB","PT",0,0,0,0,0,0,0,0,0,0,0,0,0,0,0,0,0
"5780",90298,"County of Ventura","Reduced Reporter","Urban","MB","PT",0,0,0,0,0,0,0,0,0,0,0,0,0,0,0,0,0
"5781",90300,"City of Artesia","Reduced Reporter","Urban","DR","TX",0,0,0,0,0,0,0,0,0,0,0,0,0,0,0,0,0
"5782",90300,"City of Artesia","Reduced Reporter","Urban","DR","TX",0,0,0,0,0,0,0,0,0,0,0,0,0,0,0,0,0
"5783",90301,"City of Lakewood","Reduced Reporter","Urban","DR","DO",0,0,0,0,0,0,0,0,0,0,0,0,0,0,0,0,0
"5784",90301,"City of Lakewood","Reduced Reporter","Urban","DR","DO",0,0,0,0,0,0,0,0,0,0,0,0,0,0,0,0,0
"5785",90303,"Santa Barbara County Association of Governments","Reduced Reporter","Urban","CB","PT",0,0,0,0,0,0,0,0,0,0,0,0,0,0,0,0,0
"5786",90303,"Santa Barbara County Association of Governments","Reduced Reporter","Urban","CB","PT",0,0,0,0,0,0,0,0,0,0,0,0,0,0,487000,0,487000
"5787",90305,"Lake Havasu City","Reduced Reporter","Urban","DR","DO",0,0,0,0,0,0,0,0,0,0,0,0,0,0,0,0,0
"5788",90305,"Lake Havasu City","Reduced Reporter","Urban","DR","DO",0,0,0,0,0,0,0,0,0,0,0,0,0,0,62499,300,62799
"5789",90307,"Town of Prescott Valley","Reduced Reporter","Urban","DR","PT",0,0,0,0,0,0,0,0,0,0,0,0,0,0,0,0,0
"5790",90307,"Town of Prescott Valley","Reduced Reporter","Urban","DR","PT",0,0,0,0,0,0,0,0,0,0,0,0,0,0,0,0,0
"5791",90999,"Government of Guam-Guam Regional Transit Authority","Reduced Reporter","Urban","DR","DO",0,0,0,0,0,0,0,0,0,0,0,0,0,0,0,0,0
"5792",90999,"Government of Guam-Guam Regional Transit Authority","Reduced Reporter","Urban","DR","DO",0,0,0,0,0,0,0,0,0,0,0,0,0,0,16260,234,16494
"5793",90999,"Government of Guam-Guam Regional Transit Authority","Reduced Reporter","Urban","MB","DO",0,0,0,0,0,0,0,0,0,0,0,0,0,0,0,0,0
"5794",90999,"Government of Guam-Guam Regional Transit Authority","Reduced Reporter","Urban","MB","DO",0,0,0,0,0,0,0,0,0,0,0,0,0,0,75687,11571,87258
"5795",91000,"Amador Transit","Rural Reporter","Rural","CB","DO",0,0,0,0,0,0,0,0,0,0,0,0,0,0,0,0,0
"5796",91000,"Amador Transit","Rural Reporter","Rural","CB","DO",0,0,0,0,0,0,0,0,0,0,0,0,0,0,5866,0,5866
"5797",91000,"Amador Transit","Rural Reporter","Rural","DR","DO",0,0,0,0,0,0,0,0,0,0,0,0,0,0,0,0,0
"5798",91000,"Amador Transit","Rural Reporter","Rural","DR","DO",0,0,0,0,0,0,0,0,0,0,0,0,0,0,21494,14363,35857
"5799",91000,"Amador Transit","Rural Reporter","Rural","MB","DO",0,0,0,0,0,0,0,0,0,0,0,0,0,0,0,0,0
"5800",91000,"Amador Transit","Rural Reporter","Rural","MB","DO",0,0,0,0,0,0,0,0,0,0,0,0,0,0,40493,0,40493
"5801",91001,"City of Show Low","Rural Reporter","Rural","MB","PT",0,0,0,0,0,0,0,0,0,0,0,0,0,0,0,0,0
"5802",91001,"City of Show Low","Rural Reporter","Rural","MB","PT",0,0,0,0,0,0,0,0,0,0,0,0,0,0,23681,3073,26754
"5803",91002,"City of Corcoran","Rural Reporter","Rural","DR","DO",0,0,0,0,0,0,0,0,0,0,0,0,0,0,0,0,0
"5804",91002,"City of Corcoran","Rural Reporter","Rural","DR","DO",0,0,0,0,0,0,0,0,0,0,0,0,0,0,45715,0,45715
"5805",91004,"Port of Administration Authority","Rural Reporter","Rural","FB","DO",0,0,0,0,0,0,0,0,0,0,0,0,0,0,0,0,0
"5806",91004,"Port of Administration Authority","Rural Reporter","Rural","FB","DO",0,0,0,0,0,0,0,0,0,0,0,0,0,0,37735,0,37735
"5807",91005,"Madera County","Reduced Reporter","Urban","CB","PT",0,0,0,0,0,0,0,0,0,0,0,0,0,0,0,0,0
"5808",91005,"Madera County","Reduced Reporter","Urban","CB","PT",0,0,0,0,0,0,0,0,0,0,0,0,0,0,42691,0,42691
"5809",91005,"Madera County","Reduced Reporter","Urban","DR","PT",0,0,0,0,0,0,0,0,0,0,0,0,0,0,0,0,0
"5810",91005,"Madera County","Reduced Reporter","Urban","DR","PT",0,0,0,0,0,0,0,0,0,0,0,0,0,0,9602,0,9602
"5811",91006,"City of Ridgecrest","Rural Reporter","Rural","DR","DO",0,0,0,0,0,0,0,0,0,0,0,0,0,0,0,0,0
"5812",91006,"City of Ridgecrest","Rural Reporter","Rural","DR","DO",0,0,0,0,0,0,0,0,0,0,0,0,0,0,50862,0,50862
"5813",91006,"City of Ridgecrest","Rural Reporter","Rural","MB","DO",0,0,0,0,0,0,0,0,0,0,0,0,0,0,0,0,0
"5814",91006,"City of Ridgecrest","Rural Reporter","Rural","MB","DO",0,0,0,0,0,0,0,0,0,0,0,0,0,0,3509,0,3509
"5815",91007,"Fresno County Rural Transit Agency","Rural Reporter","Rural","DR","PT",0,0,0,0,0,0,0,0,0,0,0,0,0,0,0,0,0
"5816",91007,"Fresno County Rural Transit Agency","Rural Reporter","Rural","DR","PT",0,0,0,0,0,0,0,0,0,0,0,0,0,0,47537,0,47537
"5817",91007,"Fresno County Rural Transit Agency","Rural Reporter","Rural","MB","PT",0,0,0,0,0,0,0,0,0,0,0,0,0,0,0,0,0
"5818",91007,"Fresno County Rural Transit Agency","Rural Reporter","Rural","MB","PT",0,0,0,0,0,0,0,0,0,0,0,0,0,0,80173,0,80173
"5819",91008,"Modoc Transportation Agency","Rural Reporter","Rural","DR","PT",0,0,0,0,0,0,0,0,0,0,0,0,0,0,0,0,0
"5820",91008,"Modoc Transportation Agency","Rural Reporter","Rural","DR","PT",0,0,0,0,0,0,0,0,0,0,0,0,0,0,11132,0,11132
"5821",91008,"Modoc Transportation Agency","Rural Reporter","Rural","MB","PT",0,0,0,0,0,0,0,0,0,0,0,0,0,0,0,0,0
"5822",91008,"Modoc Transportation Agency","Rural Reporter","Rural","MB","PT",0,0,0,0,0,0,0,0,0,0,0,0,0,0,34772,0,34772
"5823",91009,"San Benito County Local Transportation Authority","Rural Reporter","Rural","CB","PT",0,0,0,0,0,0,0,0,0,0,0,0,0,0,0,0,0
"5824",91009,"San Benito County Local Transportation Authority","Rural Reporter","Rural","CB","PT",0,0,0,0,0,0,0,0,0,0,0,0,0,0,36936,0,36936
"5825",91009,"San Benito County Local Transportation Authority","Rural Reporter","Rural","DR","PT",0,0,0,0,0,0,0,0,0,0,0,0,0,0,0,0,0
"5826",91009,"San Benito County Local Transportation Authority","Rural Reporter","Rural","DR","PT",0,0,0,0,0,0,0,0,0,0,0,0,0,0,49999,0,49999
"5827",91009,"San Benito County Local Transportation Authority","Rural Reporter","Rural","MB","PT",0,0,0,0,0,0,0,0,0,0,0,0,0,0,0,0,0
"5828",91009,"San Benito County Local Transportation Authority","Rural Reporter","Rural","MB","PT",0,0,0,0,0,0,0,0,0,0,0,0,0,0,5802,0,5802
"5829",91010,"City of Cottonwood","Rural Reporter","Rural","DR","DO",0,0,0,0,0,0,0,0,0,0,0,0,0,0,0,0,0
"5830",91010,"City of Cottonwood","Rural Reporter","Rural","DR","DO",0,0,0,0,0,0,0,0,0,0,0,0,0,0,11892,0,11892
"5831",91010,"City of Cottonwood","Rural Reporter","Rural","MB","DO",0,0,0,0,0,0,0,0,0,0,0,0,0,0,0,0,0
"5832",91010,"City of Cottonwood","Rural Reporter","Rural","MB","DO",0,0,0,0,0,0,0,0,0,0,0,0,0,0,144209,0,144209
"5833",91012,"Mountain Area Regional Transit Authority","Rural Reporter","Rural","CB","DO",0,0,0,0,0,0,0,0,0,0,0,0,0,0,0,0,0
"5834",91012,"Mountain Area Regional Transit Authority","Rural Reporter","Rural","CB","DO",0,0,0,0,0,0,0,0,0,0,0,0,0,0,40184,0,40184
"5835",91012,"Mountain Area Regional Transit Authority","Rural Reporter","Rural","DR","DO",0,0,0,0,0,0,0,0,0,0,0,0,0,0,0,0,0
"5836",91012,"Mountain Area Regional Transit Authority","Rural Reporter","Rural","DR","DO",0,0,0,0,0,0,0,0,0,0,0,0,0,0,14845,0,14845
"5837",91012,"Mountain Area Regional Transit Authority","Rural Reporter","Rural","MB","DO",0,0,0,0,0,0,0,0,0,0,0,0,0,0,0,0,0
"5838",91012,"Mountain Area Regional Transit Authority","Rural Reporter","Rural","MB","DO",0,0,0,0,0,0,0,0,0,0,0,0,0,0,451714,0,451714
"5839",91014,"City of Rio Vista","Rural Reporter","Rural","DR","PT",0,0,0,0,0,0,0,0,0,0,0,0,0,0,0,0,0
"5840",91014,"City of Rio Vista","Rural Reporter","Rural","DR","PT",0,0,0,0,0,0,0,0,0,0,0,0,0,0,2979,0,2979
"5841",91014,"City of Rio Vista","Rural Reporter","Rural","MB","PT",0,0,0,0,0,0,0,0,0,0,0,0,0,0,0,0,0
"5842",91014,"City of Rio Vista","Rural Reporter","Rural","MB","PT",0,0,0,0,0,0,0,0,0,0,0,0,0,0,7690,0,7690
"5843",91016,"Helping Hands Agency, Inc.","Rural Reporter","Rural","MB","DO",0,0,0,0,0,0,0,0,0,0,0,0,0,0,0,0,0
"5844",91016,"Helping Hands Agency, Inc.","Rural Reporter","Rural","MB","DO",0,0,0,0,0,0,0,0,0,0,0,0,0,0,6223,1070,7293
"5845",91018,"City of Arcata","Rural Reporter","Rural","MB","PT",0,0,0,0,0,0,0,0,0,0,0,0,0,0,0,0,0
"5846",91018,"City of Arcata","Rural Reporter","Rural","MB","PT",0,0,0,0,0,0,0,0,0,0,0,0,0,0,45354,185514,230868
"5847",91020,"City of Needles","Rural Reporter","Rural","MB","PT",0,0,0,0,0,0,0,0,0,0,0,0,0,0,0,0,0
"5848",91020,"City of Needles","Rural Reporter","Rural","MB","PT",0,0,0,0,0,0,0,0,0,0,0,0,0,0,25381,0,25381
"5849",91022,"Lincoln County","Rural Reporter","Rural","DR","DO",0,0,0,0,0,0,0,0,0,0,0,0,0,0,0,0,0
"5850",91022,"Lincoln County","Rural Reporter","Rural","DR","DO",0,0,0,0,0,0,0,0,0,0,0,0,0,0,1334,0,1334
"5851",91023,"Humboldt County","Rural Reporter","Rural","DR","DO",0,0,0,0,0,0,0,0,0,0,0,0,0,0,0,0,0
"5852",91023,"Humboldt County","Rural Reporter","Rural","DR","DO",0,0,0,0,0,0,0,0,0,0,0,0,0,0,3282,0,3282
"5853",91027,"City of Arvin","Rural Reporter","Rural","DR","DO",0,0,0,0,0,0,0,0,0,0,0,0,0,0,0,0,0
"5854",91027,"City of Arvin","Rural Reporter","Rural","DR","DO",0,0,0,0,0,0,0,0,0,0,0,0,0,0,2944,0,2944
"5855",91027,"City of Arvin","Rural Reporter","Rural","MB","DO",0,0,0,0,0,0,0,0,0,0,0,0,0,0,0,0,0
"5856",91027,"City of Arvin","Rural Reporter","Rural","MB","DO",0,0,0,0,0,0,0,0,0,0,0,0,0,0,39028,0,39028
"5857",91028,"City of Solvang","Rural Reporter","Rural","DR","PT",0,0,0,0,0,0,0,0,0,0,0,0,0,0,0,0,0
"5858",91028,"City of Solvang","Rural Reporter","Rural","DR","PT",0,0,0,0,0,0,0,0,0,0,0,0,0,0,5155,0,5155
"5859",91028,"City of Solvang","Rural Reporter","Rural","MB","PT",0,0,0,0,0,0,0,0,0,0,0,0,0,0,0,0,0
"5860",91028,"City of Solvang","Rural Reporter","Rural","MB","PT",0,0,0,0,0,0,0,0,0,0,0,0,0,0,50918,0,50918
"5861",91029,"Nye County","Rural Reporter","Rural","DR","DO",0,0,0,0,0,0,0,0,0,0,0,0,0,0,0,0,0
"5862",91029,"Nye County","Rural Reporter","Rural","DR","DO",0,0,0,0,0,0,0,0,0,0,0,0,0,0,2097,0,2097
"5863",91032,"City of Auburn","Rural Reporter","Rural","DR","DO",0,0,0,0,0,0,0,0,0,0,0,0,0,0,0,0,0
"5864",91032,"City of Auburn","Rural Reporter","Rural","DR","DO",0,0,0,0,0,0,0,0,0,0,0,0,0,0,20204,0,20204
"5865",91032,"City of Auburn","Rural Reporter","Rural","MB","DO",0,0,0,0,0,0,0,0,0,0,0,0,0,0,0,0,0
"5866",91032,"City of Auburn","Rural Reporter","Rural","MB","DO",0,0,0,0,0,0,0,0,0,0,0,0,0,0,38814,0,38814
"5867",91035,"Trinity County","Rural Reporter","Rural","MB","DO",0,0,0,0,0,0,0,0,0,0,0,0,0,0,0,0,0
"5868",91035,"Trinity County","Rural Reporter","Rural","MB","DO",0,0,0,0,0,0,0,0,0,0,0,0,0,0,30391,0,30391
"5869",91036,"Humboldt Transit Authority","Rural Reporter","Rural","CB","DO",0,0,0,0,0,0,0,0,0,0,0,0,0,0,0,0,0
"5870",91036,"Humboldt Transit Authority","Rural Reporter","Rural","CB","DO",0,0,0,0,0,0,0,0,0,0,0,0,0,0,102383,92,102475
"5871",91036,"Humboldt Transit Authority","Rural Reporter","Rural","MB","DO",0,0,0,0,0,0,0,0,0,0,0,0,0,0,0,0,0
"5872",91036,"Humboldt Transit Authority","Rural Reporter","Rural","MB","DO",0,0,0,0,0,0,0,0,0,0,0,0,0,0,652662,56769,709431
"5873",91037,"City of Bullhead","Reduced Reporter","Urban","DR","DO",0,0,0,0,0,0,0,0,0,0,0,0,0,0,0,0,0
"5874",91037,"City of Bullhead","Reduced Reporter","Urban","DR","DO",0,0,0,0,0,0,0,0,0,0,0,0,0,0,18711,1476,20187
"5875",91037,"City of Bullhead","Reduced Reporter","Urban","MB","DO",0,0,0,0,0,0,0,0,0,0,0,0,0,0,0,0,0
"5876",91037,"City of Bullhead","Reduced Reporter","Urban","MB","DO",0,0,0,0,0,0,0,0,0,0,0,0,0,0,90359,8392,98751
"5877",91038,"Sierra County","Rural Reporter","Rural","DR","PT",0,0,0,0,0,0,0,0,0,0,0,0,0,0,0,0,0
"5878",91038,"Sierra County","Rural Reporter","Rural","DR","PT",0,0,0,0,0,0,0,0,0,0,0,0,0,0,16764,5752,22516
"5879",91041,"City of Dixon","Rural Reporter","Rural","DR","DO",0,0,0,0,0,0,0,0,0,0,0,0,0,0,0,0,0
"5880",91041,"City of Dixon","Rural Reporter","Rural","DR","DO",0,0,0,0,0,0,0,0,0,0,0,0,0,0,87736,0,87736
"5881",91043,"City of Guadalupe","Rural Reporter","Rural","DR","PT",0,0,0,0,0,0,0,0,0,0,0,0,0,0,0,0,0
"5882",91043,"City of Guadalupe","Rural Reporter","Rural","DR","PT",0,0,0,0,0,0,0,0,0,0,0,0,0,0,3885,0,3885
"5883",91043,"City of Guadalupe","Rural Reporter","Rural","MB","PT",0,0,0,0,0,0,0,0,0,0,0,0,0,0,0,0,0
"5884",91043,"City of Guadalupe","Rural Reporter","Rural","MB","PT",0,0,0,0,0,0,0,0,0,0,0,0,0,0,50658,0,50658
"5885",91045,"Northern Marianas - Commonwealth Office of Transit Authority","Rural Reporter","Rural","DR","DO",0,0,0,0,0,0,0,0,0,0,0,0,0,0,0,0,0
"5886",91045,"Northern Marianas - Commonwealth Office of Transit Authority","Rural Reporter","Rural","DR","DO",0,0,0,0,0,0,0,0,0,0,0,0,0,0,11620,70061,81681
"5887",91047,"Mendocino Transit Authority","Rural Reporter","Rural","DR","DO",0,0,0,0,0,0,0,0,0,0,0,0,0,0,0,0,0
"5888",91047,"Mendocino Transit Authority","Rural Reporter","Rural","DR","DO",0,0,0,0,0,0,0,0,0,0,0,0,0,0,41809,48960,90769
"5889",91047,"Mendocino Transit Authority","Rural Reporter","Rural","MB","DO",0,0,0,0,0,0,0,0,0,0,0,0,0,0,0,0,0
"5890",91047,"Mendocino Transit Authority","Rural Reporter","Rural","MB","DO",0,0,0,0,0,0,0,0,0,0,0,0,0,0,116181,47576,163757
"5891",91048,"County of Siskiyou","Rural Reporter","Rural","MB","DO",0,0,0,0,0,0,0,0,0,0,0,0,0,0,0,0,0
"5892",91048,"County of Siskiyou","Rural Reporter","Rural","MB","DO",0,0,0,0,0,0,0,0,0,0,0,0,0,0,38557,0,38557
"5893",91052,"City of Douglas","Rural Reporter","Rural","DR","DO",0,0,0,0,0,0,0,0,0,0,0,0,0,0,0,0,0
"5894",91052,"City of Douglas","Rural Reporter","Rural","DR","DO",0,0,0,0,0,0,0,0,0,0,0,0,0,0,0,0,0
"5895",91052,"City of Douglas","Rural Reporter","Rural","MB","DO",0,0,0,0,0,0,0,0,0,0,0,0,0,0,0,0,0
"5896",91052,"City of Douglas","Rural Reporter","Rural","MB","DO",0,0,0,0,0,0,0,0,0,0,0,0,0,0,26645,1318,27963
"5897",91053,"Lake Transit Authority","Rural Reporter","Rural","DR","PT",0,0,0,0,0,0,0,0,0,0,0,0,0,0,0,0,0
"5898",91053,"Lake Transit Authority","Rural Reporter","Rural","DR","PT",0,0,0,0,0,0,0,0,0,0,0,0,0,0,10553,0,10553
"5899",91053,"Lake Transit Authority","Rural Reporter","Rural","MB","PT",0,0,0,0,0,0,0,0,0,0,0,0,0,0,0,0,0
"5900",91053,"Lake Transit Authority","Rural Reporter","Rural","MB","PT",0,0,0,0,0,0,0,0,0,0,0,0,0,0,238576,0,238576
"5901",91057,"Tuolumne County Transit","Rural Reporter","Rural","DR","PT",0,0,0,0,0,0,0,0,0,0,0,0,0,0,0,0,0
"5902",91057,"Tuolumne County Transit","Rural Reporter","Rural","DR","PT",0,0,0,0,0,0,0,0,0,0,0,0,0,0,0,27548,27548
"5903",91057,"Tuolumne County Transit","Rural Reporter","Rural","MB","PT",0,0,0,0,0,0,0,0,0,0,0,0,0,0,0,0,0
"5904",91057,"Tuolumne County Transit","Rural Reporter","Rural","MB","PT",0,0,0,0,0,0,0,0,0,0,0,0,0,0,7292,1646,8938
"5905",91058,"City of Ojai","Reduced Reporter","Urban","MB","DO",0,0,0,0,0,0,0,0,0,0,0,0,0,0,0,0,0
"5906",91058,"City of Ojai","Reduced Reporter","Urban","MB","DO",0,0,0,0,0,0,0,0,0,0,0,0,0,0,40152,0,40152
"5907",91059,"Kern Regional Transit","Reduced Reporter","Urban","DR","PT",0,0,0,0,0,0,0,0,0,0,0,0,0,0,0,0,0
"5908",91059,"Kern Regional Transit","Reduced Reporter","Urban","DR","PT",0,0,0,0,0,0,0,0,0,0,0,0,0,0,51115,5364,56479
"5909",91059,"Kern Regional Transit","Reduced Reporter","Urban","MB","PT",0,0,0,0,0,0,0,0,0,0,0,0,0,0,0,0,0
"5910",91059,"Kern Regional Transit","Reduced Reporter","Urban","MB","PT",0,0,0,0,0,0,0,0,0,0,0,0,0,0,372029,39037,411066
"5911",91061,"Elko County","Rural Reporter","Rural","DR","DO",0,0,0,0,0,0,0,0,0,0,0,0,0,0,0,0,0
"5912",91061,"Elko County","Rural Reporter","Rural","DR","DO",0,0,0,0,0,0,0,0,0,0,0,0,0,0,17768,0,17768
"5913",91062,"Eastern Sierra Transit Authority","Rural Reporter","Rural","CB","DO",0,0,0,0,0,0,0,0,0,0,0,0,0,0,0,0,0
"5914",91062,"Eastern Sierra Transit Authority","Rural Reporter","Rural","CB","DO",0,0,0,0,0,0,0,0,0,0,0,0,0,0,74088,0,74088
"5915",91062,"Eastern Sierra Transit Authority","Rural Reporter","Rural","DR","DO",0,0,0,0,0,0,0,0,0,0,0,0,0,0,0,0,0
"5916",91062,"Eastern Sierra Transit Authority","Rural Reporter","Rural","DR","DO",0,0,0,0,0,0,0,0,0,0,0,0,0,0,147475,0,147475
"5917",91062,"Eastern Sierra Transit Authority","Rural Reporter","Rural","MB","DO",0,0,0,0,0,0,0,0,0,0,0,0,0,0,0,0,0
"5918",91062,"Eastern Sierra Transit Authority","Rural Reporter","Rural","MB","DO",0,0,0,0,0,0,0,0,0,0,0,0,0,0,851359,0,851359
"5919",91064,"Douglas County","Rural Reporter","Rural","DR","DO",0,0,0,0,0,0,0,0,0,0,0,0,0,0,0,0,0
"5920",91064,"Douglas County","Rural Reporter","Rural","DR","DO",0,0,0,0,0,0,0,0,0,0,0,0,0,0,1543,0,1543
"5921",91064,"Douglas County","Rural Reporter","Rural","MB","DO",0,0,0,0,0,0,0,0,0,0,0,0,0,0,0,0,0
"5922",91064,"Douglas County","Rural Reporter","Rural","MB","DO",0,0,0,0,0,0,0,0,0,0,0,0,0,0,2522,0,2522
"5923",91066,"City of Taft","Rural Reporter","Rural","DR","DO",0,0,0,0,0,0,0,0,0,0,0,0,0,0,0,0,0
"5924",91066,"City of Taft","Rural Reporter","Rural","DR","DO",0,0,0,0,0,0,0,0,0,0,0,0,0,0,51113,0,51113
"5925",91069,"Town of Miami","Rural Reporter","Rural","DR","DO",0,0,0,0,0,0,0,0,0,0,0,0,0,0,0,0,0
"5926",91069,"Town of Miami","Rural Reporter","Rural","DR","DO",0,0,0,0,0,0,0,0,0,0,0,0,0,0,7808,0,7808
"5927",91069,"Town of Miami","Rural Reporter","Rural","MB","DO",0,0,0,0,0,0,0,0,0,0,0,0,0,0,0,0,0
"5928",91069,"Town of Miami","Rural Reporter","Rural","MB","DO",0,0,0,0,0,0,0,0,0,0,0,0,0,0,8471,0,8471
"5929",91070,"Yosemite Area Regional Transportation System","Rural Reporter","Rural","MB","PT",0,0,0,0,0,0,0,0,0,0,0,0,0,0,0,0,0
"5930",91070,"Yosemite Area Regional Transportation System","Rural Reporter","Rural","MB","PT",0,0,0,0,0,0,0,0,0,0,0,0,0,0,608265,0,608265
"5931",91071,"City of Chowchilla","Rural Reporter","Rural","DR","DO",0,0,0,0,0,0,0,0,0,0,0,0,0,0,0,0,0
"5932",91071,"City of Chowchilla","Rural Reporter","Rural","DR","DO",0,0,0,0,0,0,0,0,0,0,0,0,0,0,25827,0,25827
"5933",91072,"Southern Nevada Transit Coalition","Reduced Reporter","Urban","CB","DO",0,0,0,0,0,0,0,0,0,0,0,0,0,0,0,0,0
"5934",91072,"Southern Nevada Transit Coalition","Reduced Reporter","Urban","CB","DO",0,0,0,0,0,0,0,0,0,0,0,0,0,0,42124,0,42124
"5935",91072,"Southern Nevada Transit Coalition","Reduced Reporter","Urban","DR","DO",0,0,0,0,0,0,0,0,0,0,0,0,0,0,0,0,0
"5936",91072,"Southern Nevada Transit Coalition","Reduced Reporter","Urban","DR","DO",0,0,0,0,0,0,0,0,0,0,0,0,0,0,6435,0,6435
"5937",91072,"Southern Nevada Transit Coalition","Reduced Reporter","Urban","MB","DO",0,0,0,0,0,0,0,0,0,0,0,0,0,0,0,0,0
"5938",91072,"Southern Nevada Transit Coalition","Reduced Reporter","Urban","MB","DO",0,0,0,0,0,0,0,0,0,0,0,0,0,0,216165,0,216165
"5939",91075,"City of Kingman","Rural Reporter","Rural","MB","DO",0,0,0,0,0,0,0,0,0,0,0,0,0,0,0,0,0
"5940",91075,"City of Kingman","Rural Reporter","Rural","MB","DO",0,0,0,0,0,0,0,0,0,0,0,0,0,0,98780,23755,122535
"5941",91078,"City of Escalon","Reduced Reporter","Urban","DR","PT",0,0,0,0,0,0,0,0,0,0,0,0,0,0,0,0,0
"5942",91078,"City of Escalon","Reduced Reporter","Urban","DR","PT",0,0,0,0,0,0,0,0,0,0,0,0,0,0,65,0,65
"5943",91078,"City of Escalon","Reduced Reporter","Urban","DR","TN",0,0,0,0,0,0,0,0,0,0,0,0,0,0,0,0,0
"5944",91078,"City of Escalon","Reduced Reporter","Urban","DR","TN",0,0,0,0,0,0,0,0,0,0,0,0,0,0,60,0,60
"5945",91078,"City of Escalon","Reduced Reporter","Urban","MB","PT",0,0,0,0,0,0,0,0,0,0,0,0,0,0,0,0,0
"5946",91078,"City of Escalon","Reduced Reporter","Urban","MB","PT",0,0,0,0,0,0,0,0,0,0,0,0,0,0,238,0,238
"5947",91080,"County of Hawaii","Rural Reporter","Rural","CB","PT",0,0,0,0,0,0,0,0,0,0,0,0,0,0,0,0,0
"5948",91080,"County of Hawaii","Rural Reporter","Rural","CB","PT",0,0,0,0,0,0,0,0,0,0,0,0,0,0,0,0,0
"5949",91080,"County of Hawaii","Rural Reporter","Rural","DR","PT",0,0,0,0,0,0,0,0,0,0,0,0,0,0,0,0,0
"5950",91080,"County of Hawaii","Rural Reporter","Rural","DR","PT",0,0,0,0,0,0,0,0,0,0,0,0,0,0,0,0,0
"5951",91080,"County of Hawaii","Rural Reporter","Rural","DR","TX",0,0,0,0,0,0,0,0,0,0,0,0,0,0,0,0,0
"5952",91080,"County of Hawaii","Rural Reporter","Rural","DR","TX",0,0,0,0,0,0,0,0,0,0,0,0,0,0,127820,0,127820
"5953",91080,"County of Hawaii","Rural Reporter","Rural","MB","PT",0,0,0,0,0,0,0,0,0,0,0,0,0,0,0,0,0
"5954",91080,"County of Hawaii","Rural Reporter","Rural","MB","PT",0,0,0,0,0,0,0,0,0,0,0,0,0,0,0,0,0
"5955",91080,"County of Hawaii","Rural Reporter","Rural","VP","PT",0,0,0,0,0,0,0,0,0,0,0,0,0,0,182049,0,182049
"5956",91080,"County of Hawaii","Rural Reporter","Rural","VP","PT",0,0,0,0,0,0,0,0,0,0,0,0,0,0,200933,0,200933
"5957",91082,"Mariposa County","Rural Reporter","Rural","DR","DO",0,0,0,0,0,0,0,0,0,0,0,0,0,0,0,0,0
"5958",91082,"Mariposa County","Rural Reporter","Rural","DR","DO",0,0,0,0,0,0,0,0,0,0,0,0,0,0,115361,10880,126241
"5959",91088,"County of Glenn","Rural Reporter","Rural","DR","PT",0,0,0,0,0,0,0,0,0,0,0,0,0,0,0,0,0
"5960",91088,"County of Glenn","Rural Reporter","Rural","DR","PT",0,0,0,0,0,0,0,0,0,0,0,0,0,0,22310,0,22310
"5961",91088,"County of Glenn","Rural Reporter","Rural","MB","PT",0,0,0,0,0,0,0,0,0,0,0,0,0,0,0,0,0
"5962",91088,"County of Glenn","Rural Reporter","Rural","MB","PT",0,0,0,0,0,0,0,0,0,0,0,0,0,0,50297,11521,61818
"5963",91089,"Tehama County","Rural Reporter","Rural","DR","PT",0,0,0,0,0,0,0,0,0,0,0,0,0,0,0,0,0
"5964",91089,"Tehama County","Rural Reporter","Rural","DR","PT",0,0,0,0,0,0,0,0,0,0,0,0,0,0,0,0,0
"5965",91089,"Tehama County","Rural Reporter","Rural","MB","PT",0,0,0,0,0,0,0,0,0,0,0,0,0,0,0,0,0
"5966",91089,"Tehama County","Rural Reporter","Rural","MB","PT",0,0,0,0,0,0,0,0,0,0,0,0,0,0,0,0,0
"5967",91090,"Morongo Basin Transit Authority","Rural Reporter","Rural","CB","DO",0,0,0,0,0,0,0,0,0,0,0,0,0,0,0,0,0
"5968",91090,"Morongo Basin Transit Authority","Rural Reporter","Rural","CB","DO",0,0,0,0,0,0,0,0,0,0,0,0,0,0,70854,0,70854
"5969",91090,"Morongo Basin Transit Authority","Rural Reporter","Rural","DR","DO",0,0,0,0,0,0,0,0,0,0,0,0,0,0,0,0,0
"5970",91090,"Morongo Basin Transit Authority","Rural Reporter","Rural","DR","DO",0,0,0,0,0,0,0,0,0,0,0,0,0,0,17972,0,17972
"5971",91090,"Morongo Basin Transit Authority","Rural Reporter","Rural","MB","DO",0,0,0,0,0,0,0,0,0,0,0,0,0,0,0,0,0
"5972",91090,"Morongo Basin Transit Authority","Rural Reporter","Rural","MB","DO",0,0,0,0,0,0,0,0,0,0,0,0,0,0,218519,0,218519
"5973",91093,"City of Eureka","Rural Reporter","Rural","DR","PT",0,0,0,0,0,0,0,0,0,0,0,0,0,0,0,0,0
"5974",91093,"City of Eureka","Rural Reporter","Rural","DR","PT",0,0,0,0,0,0,0,0,0,0,0,0,0,0,79274,0,79274
"5975",91093,"City of Eureka","Rural Reporter","Rural","MB","PT",0,0,0,0,0,0,0,0,0,0,0,0,0,0,0,0,0
"5976",91093,"City of Eureka","Rural Reporter","Rural","MB","PT",0,0,0,0,0,0,0,0,0,0,0,0,0,0,204175,4508,208683
"5977",91095,"County of Nevada","Rural Reporter","Rural","DR","PT",0,0,0,0,0,0,0,0,0,0,0,0,0,0,0,0,0
"5978",91095,"County of Nevada","Rural Reporter","Rural","DR","PT",0,0,0,0,0,0,0,0,0,0,0,0,0,0,61075,0,61075
"5979",91095,"County of Nevada","Rural Reporter","Rural","MB","DO",0,0,0,0,0,0,0,0,0,0,0,0,0,0,0,0,0
"5980",91095,"County of Nevada","Rural Reporter","Rural","MB","DO",0,0,0,0,0,0,0,0,0,0,0,0,0,0,173959,0,173959
"5981",91096,"City of Coolidge","Rural Reporter","Rural","DR","DO",0,0,0,0,0,0,0,0,0,0,0,0,0,0,0,0,0
"5982",91096,"City of Coolidge","Rural Reporter","Rural","DR","DO",0,0,0,0,0,0,0,0,0,0,0,0,0,0,4787,0,4787
"5983",91096,"City of Coolidge","Rural Reporter","Rural","MB","DO",0,0,0,0,0,0,0,0,0,0,0,0,0,0,0,0,0
"5984",91096,"City of Coolidge","Rural Reporter","Rural","MB","DO",0,0,0,0,0,0,0,0,0,0,0,0,0,0,14833,6671,21504
"5985",91097,"Redwood Coast Transit Authority","Rural Reporter","Rural","DR","PT",0,0,0,0,0,0,0,0,0,0,0,0,0,0,0,0,0
"5986",91097,"Redwood Coast Transit Authority","Rural Reporter","Rural","DR","PT",0,0,0,0,0,0,0,0,0,0,0,0,0,0,7455,0,7455
"5987",91097,"Redwood Coast Transit Authority","Rural Reporter","Rural","MB","PT",0,0,0,0,0,0,0,0,0,0,0,0,0,0,0,0,0
"5988",91097,"Redwood Coast Transit Authority","Rural Reporter","Rural","MB","PT",0,0,0,0,0,0,0,0,0,0,0,0,0,0,82183,0,82183
"5989",91098,"Lassen Transit Service Agency","Rural Reporter","Rural","CB","PT",0,0,0,0,0,0,0,0,0,0,0,0,0,0,0,0,0
"5990",91098,"Lassen Transit Service Agency","Rural Reporter","Rural","CB","PT",0,0,0,0,0,0,0,0,0,0,0,0,0,0,28772,8380,37152
"5991",91098,"Lassen Transit Service Agency","Rural Reporter","Rural","DR","PT",0,0,0,0,0,0,0,0,0,0,0,0,0,0,0,0,0
"5992",91098,"Lassen Transit Service Agency","Rural Reporter","Rural","DR","PT",0,0,0,0,0,0,0,0,0,0,0,0,0,0,2396,77625,80021
"5993",91098,"Lassen Transit Service Agency","Rural Reporter","Rural","MB","PT",0,0,0,0,0,0,0,0,0,0,0,0,0,0,0,0,0
"5994",91098,"Lassen Transit Service Agency","Rural Reporter","Rural","MB","PT",0,0,0,0,0,0,0,0,0,0,0,0,0,0,21035,20000,41035
"5995",91099,"White Pine County","Rural Reporter","Rural","DR","DO",0,0,0,0,0,0,0,0,0,0,0,0,0,0,0,0,0
"5996",91099,"White Pine County","Rural Reporter","Rural","DR","DO",0,0,0,0,0,0,0,0,0,0,0,0,0,0,5718,0,5718
"5997",91100,"Southern Nevada Transit Coalition","Rural Reporter","Rural","DR","DO",0,0,0,0,0,0,0,0,0,0,0,0,0,0,0,0,0
"5998",91100,"Southern Nevada Transit Coalition","Rural Reporter","Rural","DR","DO",0,0,0,0,0,0,0,0,0,0,0,0,0,0,28833,0,28833
"5999",91101,"Town of Truckee","Rural Reporter","Rural","DR","PT",0,0,0,0,0,0,0,0,0,0,0,0,0,0,0,0,0
"6000",91101,"Town of Truckee","Rural Reporter","Rural","DR","PT",0,0,0,0,0,0,0,0,0,0,0,0,0,0,1790,0,1790
"6001",91101,"Town of Truckee","Rural Reporter","Rural","MB","PT",0,0,0,0,0,0,0,0,0,0,0,0,0,0,0,0,0
"6002",91101,"Town of Truckee","Rural Reporter","Rural","MB","PT",0,0,0,0,0,0,0,0,0,0,0,0,0,0,0,0,0
"6003",91103,"Churchill County","Rural Reporter","Rural","DR","DO",0,0,0,0,0,0,0,0,0,0,0,0,0,0,0,0,0
"6004",91103,"Churchill County","Rural Reporter","Rural","DR","DO",0,0,0,0,0,0,0,0,0,0,0,0,0,0,12665,0,12665
"6005",91106,"City of Maricopa","Reduced Reporter","Urban","DR","DO",0,0,0,0,0,0,0,0,0,0,0,0,0,0,0,0,0
"6006",91106,"City of Maricopa","Reduced Reporter","Urban","DR","DO",0,0,0,0,0,0,0,0,0,0,0,0,0,0,3847,0,3847
"6007",91106,"City of Maricopa","Reduced Reporter","Urban","MB","DO",0,0,0,0,0,0,0,0,0,0,0,0,0,0,0,0,0
"6008",91106,"City of Maricopa","Reduced Reporter","Urban","MB","DO",0,0,0,0,0,0,0,0,0,0,0,0,0,0,0,0,0
"6009",91107,"Southern Nevada Transit Coalition","Rural Reporter","Rural","CB","DO",0,0,0,0,0,0,0,0,0,0,0,0,0,0,0,0,0
"6010",91107,"Southern Nevada Transit Coalition","Rural Reporter","Rural","CB","DO",0,0,0,0,0,0,0,0,0,0,0,0,0,0,5862,0,5862
"6011",91107,"Southern Nevada Transit Coalition","Rural Reporter","Rural","DR","DO",0,0,0,0,0,0,0,0,0,0,0,0,0,0,0,0,0
"6012",91107,"Southern Nevada Transit Coalition","Rural Reporter","Rural","DR","DO",0,0,0,0,0,0,0,0,0,0,0,0,0,0,6834,0,6834
"6013",91107,"Southern Nevada Transit Coalition","Rural Reporter","Rural","MB","DO",0,0,0,0,0,0,0,0,0,0,0,0,0,0,0,0,0
"6014",91107,"Southern Nevada Transit Coalition","Rural Reporter","Rural","MB","DO",0,0,0,0,0,0,0,0,0,0,0,0,0,0,35004,0,35004
"6015",91110,"City of McFarland","Rural Reporter","Rural","DR","DO",0,0,0,0,0,0,0,0,0,0,0,0,0,0,0,0,0
"6016",91110,"City of McFarland","Rural Reporter","Rural","DR","DO",0,0,0,0,0,0,0,0,0,0,0,0,0,0,0,0,0
"6017",91111,"City of California City","Rural Reporter","Rural","DR","DO",0,0,0,0,0,0,0,0,0,0,0,0,0,0,0,0,0
"6018",91111,"City of California City","Rural Reporter","Rural","DR","DO",0,0,0,0,0,0,0,0,0,0,0,0,0,0,10946,0,10946
"6019",91112,"County of Colusa","Rural Reporter","Rural","DR","DO",0,0,0,0,0,0,0,0,0,0,0,0,0,0,0,0,0
"6020",91112,"County of Colusa","Rural Reporter","Rural","DR","DO",0,0,0,0,0,0,0,0,0,0,0,0,0,0,73245,0,73245
"6021",91113,"Lyon County","Rural Reporter","Rural","DR","DO",0,0,0,0,0,0,0,0,0,0,0,0,0,0,0,0,0
"6022",91113,"Lyon County","Rural Reporter","Rural","DR","DO",0,0,0,0,0,0,0,0,0,0,0,0,0,0,77,0,77
"6023",91114,"City of Benson","Rural Reporter","Rural","DR","DO",0,0,0,0,0,0,0,0,0,0,0,0,0,0,0,0,0
"6024",91114,"City of Benson","Rural Reporter","Rural","DR","DO",0,0,0,0,0,0,0,0,0,0,0,0,0,0,1690,0,1690
"6025",91114,"City of Benson","Rural Reporter","Rural","MB","DO",0,0,0,0,0,0,0,0,0,0,0,0,0,0,0,0,0
"6026",91114,"City of Benson","Rural Reporter","Rural","MB","DO",0,0,0,0,0,0,0,0,0,0,0,0,0,0,1813,1688,3501
"6027",91116,"County of Alpine","Rural Reporter","Rural","DR","DO",0,0,0,0,0,0,0,0,0,0,0,0,0,0,0,0,0
"6028",91116,"County of Alpine","Rural Reporter","Rural","DR","DO",0,0,0,0,0,0,0,0,0,0,0,0,0,0,883,1983,2866
"6029",91119,"Plumas County Transportation Commission","Rural Reporter","Rural","MB","PT",0,0,0,0,0,0,0,0,0,0,0,0,0,0,0,0,0
"6030",91119,"Plumas County Transportation Commission","Rural Reporter","Rural","MB","PT",0,0,0,0,0,0,0,0,0,0,0,0,0,0,1634,61005,62639
"6031",91120,"City of Shafter","Rural Reporter","Rural","DR","DO",0,0,0,0,0,0,0,0,0,0,0,0,0,0,0,0,0
"6032",91120,"City of Shafter","Rural Reporter","Rural","DR","DO",0,0,0,0,0,0,0,0,0,0,0,0,0,0,24578,0,24578
"6033",91121,"City of Bisbee","Rural Reporter","Rural","MB","PT",0,0,0,0,0,0,0,0,0,0,0,0,0,0,0,0,0
"6034",91121,"City of Bisbee","Rural Reporter","Rural","MB","PT",0,0,0,0,0,0,0,0,0,0,0,0,0,0,9950,0,9950
"6035",91122,"Regional Transportation Authority of Pima County","Reduced Reporter","Urban","DR","PT",0,0,0,0,0,0,0,0,0,0,0,0,0,0,0,0,0
"6036",91122,"Regional Transportation Authority of Pima County","Reduced Reporter","Urban","DR","PT",0,0,0,0,0,0,0,0,0,0,0,0,0,0,0,0,0
"6037",91122,"Regional Transportation Authority of Pima County","Reduced Reporter","Urban","MB","PT",0,0,0,0,0,0,0,0,0,0,0,0,0,0,0,0,0
"6038",91122,"Regional Transportation Authority of Pima County","Reduced Reporter","Urban","MB","PT",0,0,0,0,0,0,0,0,0,0,0,0,0,0,15112,0,15112
"6039",99262,"Yurok Tribe","Reduced Reporter","Tribe","DR","DO",0,0,0,0,0,0,0,0,0,0,0,0,0,0,0,0,0
"6040",99262,"Yurok Tribe","Reduced Reporter","Tribe","DR","DO",0,0,0,0,0,0,0,0,0,0,0,0,0,0,7403,0,7403
"6041",99262,"Yurok Tribe","Reduced Reporter","Tribe","FB","DO",0,0,0,0,0,0,0,0,0,0,0,0,0,0,0,0,0
"6042",99262,"Yurok Tribe","Reduced Reporter","Tribe","FB","DO",0,0,0,0,0,0,0,0,0,0,0,0,0,0,0,0,0
"6043",99262,"Yurok Tribe","Reduced Reporter","Tribe","MB","DO",0,0,0,0,0,0,0,0,0,0,0,0,0,0,0,0,0
"6044",99262,"Yurok Tribe","Reduced Reporter","Tribe","MB","DO",0,0,0,0,0,0,0,0,0,0,0,0,0,0,0,0,0
"6045",99286,"San Carlos Apache Tribe","Reduced Reporter","Tribe","MB","DO",0,0,0,0,0,0,0,0,0,0,0,0,0,0,0,0,0
"6046",99286,"San Carlos Apache Tribe","Reduced Reporter","Tribe","MB","DO",0,0,0,0,0,0,0,0,0,0,0,0,0,0,8772,55000,63772
"6047",99292,"Blue Lake Rancheria","Reduced Reporter","Tribe","MB","DO",0,0,0,0,0,0,0,0,0,0,0,0,0,0,0,0,0
"6048",99292,"Blue Lake Rancheria","Reduced Reporter","Tribe","MB","DO",0,0,0,0,0,0,0,0,0,0,0,0,0,0,2300,690,2990
"6049",99292,"Blue Lake Rancheria","Reduced Reporter","Tribe","MB","PT",0,0,0,0,0,0,0,0,0,0,0,0,0,0,0,0,0
"6050",99292,"Blue Lake Rancheria","Reduced Reporter","Tribe","MB","PT",0,0,0,0,0,0,0,0,0,0,0,0,0,0,0,0,0
"6051",99298,"Havasupai Tribe","Reduced Reporter","Tribe","DR","DO",0,0,0,0,0,0,0,0,0,0,0,0,0,0,0,0,0
"6052",99298,"Havasupai Tribe","Reduced Reporter","Tribe","DR","DO",0,0,0,0,0,0,0,0,0,0,0,0,0,0,0,0,0
"6053",99316,"Chemehuevi Indian Tribe","Reduced Reporter","Tribe","FB","DO",0,0,0,0,0,0,0,0,0,0,0,0,0,0,0,0,0
"6054",99316,"Chemehuevi Indian Tribe","Reduced Reporter","Tribe","FB","DO",0,0,0,0,0,0,0,0,0,0,0,0,0,0,620000,0,620000
"6055",99322,"Fallon Paiute-Shoshone Tribe","Reduced Reporter","Tribe","MB","DO",0,0,0,0,0,0,0,0,0,0,0,0,0,0,0,0,0
"6056",99322,"Fallon Paiute-Shoshone Tribe","Reduced Reporter","Tribe","MB","DO",0,0,0,0,0,0,0,0,0,0,0,0,0,0,0,0,0
"6057",99328,"Yavapai-Apache Nation","Reduced Reporter","Tribe","DR","DO",0,0,0,0,0,0,0,0,0,0,0,0,0,0,0,0,0
"6058",99328,"Yavapai-Apache Nation","Reduced Reporter","Tribe","DR","DO",0,0,0,0,0,0,0,0,0,0,0,0,0,0,0,23222,23222
"6059",99328,"Yavapai-Apache Nation","Reduced Reporter","Tribe","MB","DO",0,0,0,0,0,0,0,0,0,0,0,0,0,0,0,0,0
"6060",99328,"Yavapai-Apache Nation","Reduced Reporter","Tribe","MB","DO",0,0,0,0,0,0,0,0,0,0,0,0,0,0,16098,0,16098
"6061",99334,"White Mountain Apache Tribe","Reduced Reporter","Tribe","MB","DO",0,0,0,0,0,0,0,0,0,0,0,0,0,0,0,0,0
"6062",99334,"White Mountain Apache Tribe","Reduced Reporter","Tribe","MB","DO",0,0,0,0,0,0,0,0,0,0,0,0,0,0,0,0,0
"6063",99340,"Kaibab Band of Paiute Indians","Reduced Reporter","Tribe","DR","DO",0,0,0,0,0,0,0,0,0,0,0,0,0,0,0,0,0
"6064",99340,"Kaibab Band of Paiute Indians","Reduced Reporter","Tribe","DR","DO",0,0,0,0,0,0,0,0,0,0,0,0,0,0,0,0,0
"6065",99358,"Morongo Band of Mission Indians","Reduced Reporter","Tribe","DR","DO",0,0,0,0,0,0,0,0,0,0,0,0,0,0,0,0,0
"6066",99358,"Morongo Band of Mission Indians","Reduced Reporter","Tribe","DR","DO",0,0,0,0,0,0,0,0,0,0,0,0,0,0,1630,0,1630
"6067",99364,"North Fork Rancheria of Mono Indians of California","Reduced Reporter","Tribe","DR","DO",0,0,0,0,0,0,0,0,0,0,0,0,0,0,0,0,0
"6068",99364,"North Fork Rancheria of Mono Indians of California","Reduced Reporter","Tribe","DR","DO",0,0,0,0,0,0,0,0,0,0,0,0,0,0,0,0,0
"6069",99376,"Salt River Pima-Maricopa Indian Community","Reduced Reporter","Tribe","DR","DO",0,0,0,0,0,0,0,0,0,0,0,0,0,0,0,0,0
"6070",99376,"Salt River Pima-Maricopa Indian Community","Reduced Reporter","Tribe","DR","DO",0,0,0,0,0,0,0,0,0,0,0,0,0,0,0,0,0
"6071",99382,"Hopi Tribe","Reduced Reporter","Tribe","DR","DO",0,0,0,0,0,0,0,0,0,0,0,0,0,0,0,0,0
"6072",99382,"Hopi Tribe","Reduced Reporter","Tribe","DR","DO",0,0,0,0,0,0,0,0,0,0,0,0,0,0,0,187625,187625
"6073",99382,"Hopi Tribe","Reduced Reporter","Tribe","MB","DO",0,0,0,0,0,0,0,0,0,0,0,0,0,0,0,0,0
"6074",99382,"Hopi Tribe","Reduced Reporter","Tribe","MB","DO",0,0,0,0,0,0,0,0,0,0,0,0,0,0,0,0,0
"6075",99394,"Elko Band Council","Reduced Reporter","Tribe","DR","DO",0,0,0,0,0,0,0,0,0,0,0,0,0,0,0,0,0
"6076",99394,"Elko Band Council","Reduced Reporter","Tribe","DR","DO",0,0,0,0,0,0,0,0,0,0,0,0,0,0,0,0,0
"6077",99406,"Pyramid Lake Paiute Tribe","Reduced Reporter","Tribe","MB","DO",0,0,0,0,0,0,0,0,0,0,0,0,0,0,0,0,0
"6078",99406,"Pyramid Lake Paiute Tribe","Reduced Reporter","Tribe","MB","DO",0,0,0,0,0,0,0,0,0,0,0,0,0,0,3655,0,3655
"6079",99419,"Yavapai Regional Transit","Rural Reporter","Rural","MB","DO",0,0,0,0,0,0,0,0,0,0,0,0,0,0,0,0,0
"6080",99419,"Yavapai Regional Transit","Rural Reporter","Rural","MB","DO",0,0,0,0,0,0,0,0,0,0,0,0,0,0,0,0,0
"6081",99425,"Pomona Valley Transportation Authority","Full Reporter","Urban","DR","TX",0,0,0,0,0,0,0,0,0,0,0,0,0,0,26149,0,26149
"6082",99426,"City of Wasco","Rural Reporter","Rural","DR","DO",0,0,0,0,0,0,0,0,0,0,0,0,0,0,0,0,0
"6083",99426,"City of Wasco","Rural Reporter","Rural","DR","DO",0,0,0,0,0,0,0,0,0,0,0,0,0,0,7350,0,7350
"6084",99433,"Hualapai Indian Tribe","Reduced Reporter","Tribe","DR","DO",0,0,0,0,0,0,0,0,0,0,0,0,0,0,0,0,0
"6085",99433,"Hualapai Indian Tribe","Reduced Reporter","Tribe","DR","DO",0,0,0,0,0,0,0,0,0,0,0,0,0,0,643,0,643
"6086",99433,"Hualapai Indian Tribe","Reduced Reporter","Tribe","MB","DO",0,0,0,0,0,0,0,0,0,0,0,0,0,0,0,0,0
"6087",99433,"Hualapai Indian Tribe","Reduced Reporter","Tribe","MB","DO",0,0,0,0,0,0,0,0,0,0,0,0,0,0,35381,0,35381
"6088",99434,"American Samoa Government","Rural Reporter","Rural","DR","DO",0,0,0,0,0,0,0,0,0,0,0,0,0,0,0,0,0
"6089",99434,"American Samoa Government","Rural Reporter","Rural","DR","DO",0,0,0,0,0,0,0,0,0,0,0,0,0,0,31261,0,31261
"6090",99436,"Gila River Indian Community","Reduced Reporter","Tribe","MB","DO",0,0,0,0,0,0,0,0,0,0,0,0,0,0,0,0,0
"6091",99436,"Gila River Indian Community","Reduced Reporter","Tribe","MB","DO",0,0,0,0,0,0,0,0,0,0,0,0,0,0,0,0,0
"6092",99437,"Town of Quartzsite","Rural Reporter","Rural","DR","DO",0,0,0,0,0,0,0,0,0,0,0,0,0,0,0,0,0
"6093",99437,"Town of Quartzsite","Rural Reporter","Rural","DR","DO",0,0,0,0,0,0,0,0,0,0,0,0,0,0,7415,0,7415
"6094",99441,"Payson Senior Center","Rural Reporter","Rural","MB","DO",0,0,0,0,0,0,0,0,0,0,0,0,0,0,0,0,0
"6095",99441,"Payson Senior Center","Rural Reporter","Rural","MB","DO",0,0,0,0,0,0,0,0,0,0,0,0,0,0,1457,1340,2797
"6096",99442,"Calaveras Transit Agency","Rural Reporter","Rural","DR","PT",0,0,0,0,0,0,0,0,0,0,0,0,0,0,0,0,0
"6097",99442,"Calaveras Transit Agency","Rural Reporter","Rural","DR","PT",0,0,0,0,0,0,0,0,0,0,0,0,0,0,11960,0,11960
"6098",99442,"Calaveras Transit Agency","Rural Reporter","Rural","MB","PT",0,0,0,0,0,0,0,0,0,0,0,0,0,0,0,0,0
"6099",99442,"Calaveras Transit Agency","Rural Reporter","Rural","MB","PT",0,0,0,0,0,0,0,0,0,0,0,0,0,0,47425,0,47425
"6100",99453,"City of Winslow","Rural Reporter","Rural","DR","DO",0,0,0,0,0,0,0,0,0,0,0,0,0,0,0,0,0
"6101",99453,"City of Winslow","Rural Reporter","Rural","DR","DO",0,0,0,0,0,0,0,0,0,0,0,0,0,0,7521,0,7521
"6102",99454,"Palo Verde Valley Transit Agency","Rural Reporter","Rural","CB","PT",0,0,0,0,0,0,0,0,0,0,0,0,0,0,0,0,0
"6103",99454,"Palo Verde Valley Transit Agency","Rural Reporter","Rural","CB","PT",0,0,0,0,0,0,0,0,0,0,0,0,0,0,32417,0,32417
"6104",99454,"Palo Verde Valley Transit Agency","Rural Reporter","Rural","MB","PT",0,0,0,0,0,0,0,0,0,0,0,0,0,0,0,0,0
"6105",99454,"Palo Verde Valley Transit Agency","Rural Reporter","Rural","MB","PT",0,0,0,0,0,0,0,0,0,0,0,0,0,0,23250,41919,65169
"6106",99473,"Pahrump Valley Public Transportation Inc","Rural Reporter","Rural","DR","DO",0,0,0,0,0,0,0,0,0,0,0,0,0,0,0,0,0
"6107",99473,"Pahrump Valley Public Transportation Inc","Rural Reporter","Rural","DR","DO",0,0,0,0,0,0,0,0,0,0,0,0,0,0,30878,0,30878
"6108",99474,"Town of Payson","Rural Reporter","Rural","MB","DO",0,0,0,0,0,0,0,0,0,0,0,0,0,0,0,0,0
"6109",99474,"Town of Payson","Rural Reporter","Rural","MB","DO",0,0,0,0,0,0,0,0,0,0,0,0,0,0,1362,930,2292
